TrajGuard Vicuna-7B full run log: R:\SARC\SARC\scripts\baselines\trajguard\logs\trajguard_vicuna_7b_v1_5_full_20260724_200522.log

=== 2026-07-24T20:05:22.6373520+08:00 ===
& 'R:\SARC\venv\Scripts\python.exe' scripts/baselines/trajguard/build_artifacts.py --config scripts/baselines/trajguard/artifact_config.yaml
python.exe : 2026-07-24 20:05:26,019 - INFO - Loaded split benign_reference: 8000 unique prompts from 1 files.
At R:\SARC\SARC\scripts\baselines\trajguard\run_full_vicuna.ps1:24 char:5
+     & $python @Arguments *>> $logPath
+     ~~~~~~~~~~~~~~~~~~~~~~~~~~~~~~~~~
    + CategoryInfo          : NotSpecified: (2026-07-24 20:0...s from 1 files.:String) [], RemoteException
    + FullyQualifiedErrorId : NativeCommandError
 
2026-07-24 20:05:26,138 - INFO - Loaded split malicious_reference: 10000 unique prompts from 8 files.
2026-07-24 20:05:26,202 - INFO - Loaded split layer_selection: 1401 unique prompts from 11 files.
2026-07-24 20:05:26,207 - INFO - Loaded split benign_validation: 1000 unique prompts from 1 files.
2026-07-24 20:05:26,279 - INFO - Loaded split evaluation_0: 1100 unique prompts from 1 files.
2026-07-24 20:05:26,286 - INFO - Loaded split evaluation_1: 805 unique prompts from 1 files.
2026-07-24 20:05:26,295 - INFO - Loaded split evaluation_2: 1000 unique prompts from 1 files.
2026-07-24 20:05:26,299 - INFO - Loaded split evaluation_3: 450 unique prompts from 1 files.
2026-07-24 20:05:26,519 - WARNING - Excluded 4 exact evaluation overlaps from malicious_reference (0.04%).
2026-07-24 20:05:26,825 - INFO - Loading target model for TrajGuard artifacts: R:\models\vicuna_7b_v1_5
`torch_dtype` is deprecated! Use `dtype` instead!
2026-07-24 20:05:27,046 - INFO - We will use 90% of the memory on device 0 for storing the model, and 10% for the buffe
r to avoid OOM. You can set `max_memory` in to a higher value to use more memory (at your own risk).

Loading checkpoint shards:   0%|          | 0/2 [00:00<?, ?it/s]
Loading checkpoint shards:  50%|█████     | 1/2 [00:03<00:03,  3.17s/it]
Loading checkpoint shards: 100%|██████████| 2/2 [00:04<00:00,  1.93s/it]
Loading checkpoint shards: 100%|██████████| 2/2 [00:04<00:00,  2.11s/it]
The following generation flags are not valid and may be ignored: ['temperature', 'top_p']. Set `TRANSFORMERS_VERBOSITY=
info` for more details.

Fitting per-layer PCA:   0%|          | 0/4499 [00:00<?, ?it/s]
Fitting per-layer PCA:   0%|          | 2/4499 [00:00<04:40, 16.03it/s]
Fitting per-layer PCA:   0%|          | 4/4499 [00:00<04:29, 16.70it/s]
Fitting per-layer PCA:   0%|          | 6/4499 [00:00<04:34, 16.36it/s]
Fitting per-layer PCA:   0%|          | 8/4499 [00:00<04:44, 15.81it/s]
Fitting per-layer PCA:   0%|          | 10/4499 [00:00<04:45, 15.74it/s]
Fitting per-layer PCA:   0%|          | 12/4499 [00:00<04:40, 15.98it/s]
Fitting per-layer PCA:   0%|          | 14/4499 [00:00<04:41, 15.95it/s]
Fitting per-layer PCA:   0%|          | 16/4499 [00:01<04:45, 15.71it/s]
Fitting per-layer PCA:   0%|          | 18/4499 [00:01<04:45, 15.68it/s]
Fitting per-layer PCA:   0%|          | 20/4499 [00:01<04:47, 15.56it/s]
Fitting per-layer PCA:   0%|          | 22/4499 [00:01<04:43, 15.82it/s]
Fitting per-layer PCA:   1%|          | 24/4499 [00:01<04:37, 16.11it/s]
Fitting per-layer PCA:   1%|          | 26/4499 [00:01<04:33, 16.36it/s]
Fitting per-layer PCA:   1%|          | 28/4499 [00:01<04:40, 15.93it/s]
Fitting per-layer PCA:   1%|          | 30/4499 [00:01<04:40, 15.92it/s]
Fitting per-layer PCA:   1%|          | 32/4499 [00:02<04:39, 15.97it/s]
Fitting per-layer PCA:   1%|          | 34/4499 [00:02<04:39, 15.98it/s]
Fitting per-layer PCA:   1%|          | 36/4499 [00:02<04:38, 16.04it/s]
Fitting per-layer PCA:   1%|          | 38/4499 [00:02<04:35, 16.20it/s]
Fitting per-layer PCA:   1%|          | 40/4499 [00:02<04:32, 16.38it/s]
Fitting per-layer PCA:   1%|          | 42/4499 [00:02<04:34, 16.22it/s]
Fitting per-layer PCA:   1%|          | 44/4499 [00:02<04:36, 16.10it/s]
Fitting per-layer PCA:   1%|          | 46/4499 [00:02<04:36, 16.10it/s]
Fitting per-layer PCA:   1%|          | 48/4499 [00:02<04:36, 16.09it/s]
Fitting per-layer PCA:   1%|          | 50/4499 [00:03<04:40, 15.89it/s]
Fitting per-layer PCA:   1%|          | 52/4499 [00:03<04:35, 16.12it/s]
Fitting per-layer PCA:   1%|          | 54/4499 [00:03<04:31, 16.34it/s]
Fitting per-layer PCA:   1%|          | 56/4499 [00:03<04:32, 16.32it/s]
Fitting per-layer PCA:   1%|▏         | 58/4499 [00:03<04:32, 16.29it/s]
Fitting per-layer PCA:   1%|▏         | 60/4499 [00:03<04:37, 16.00it/s]
Fitting per-layer PCA:   1%|▏         | 62/4499 [00:03<04:34, 16.18it/s]
Fitting per-layer PCA:   1%|▏         | 64/4499 [00:06<35:47,  2.07it/s]
Fitting per-layer PCA:   1%|▏         | 66/4499 [00:06<26:22,  2.80it/s]
Fitting per-layer PCA:   2%|▏         | 68/4499 [00:07<19:54,  3.71it/s]
Fitting per-layer PCA:   2%|▏         | 70/4499 [00:07<15:21,  4.81it/s]
Fitting per-layer PCA:   2%|▏         | 72/4499 [00:07<12:09,  6.07it/s]
Fitting per-layer PCA:   2%|▏         | 74/4499 [00:07<09:55,  7.43it/s]
Fitting per-layer PCA:   2%|▏         | 76/4499 [00:07<08:26,  8.73it/s]
Fitting per-layer PCA:   2%|▏         | 78/4499 [00:07<07:20, 10.04it/s]
Fitting per-layer PCA:   2%|▏         | 80/4499 [00:07<06:33, 11.24it/s]
Fitting per-layer PCA:   2%|▏         | 82/4499 [00:07<06:00, 12.25it/s]
Fitting per-layer PCA:   2%|▏         | 84/4499 [00:08<05:41, 12.94it/s]
Fitting per-layer PCA:   2%|▏         | 86/4499 [00:08<05:15, 13.98it/s]
Fitting per-layer PCA:   2%|▏         | 88/4499 [00:08<05:02, 14.57it/s]
Fitting per-layer PCA:   2%|▏         | 90/4499 [00:08<04:50, 15.17it/s]
Fitting per-layer PCA:   2%|▏         | 92/4499 [00:08<04:48, 15.28it/s]
Fitting per-layer PCA:   2%|▏         | 94/4499 [00:08<04:40, 15.68it/s]
Fitting per-layer PCA:   2%|▏         | 96/4499 [00:08<04:46, 15.35it/s]
Fitting per-layer PCA:   2%|▏         | 98/4499 [00:08<04:42, 15.59it/s]
Fitting per-layer PCA:   2%|▏         | 100/4499 [00:09<04:34, 16.03it/s]
Fitting per-layer PCA:   2%|▏         | 102/4499 [00:09<04:33, 16.10it/s]
Fitting per-layer PCA:   2%|▏         | 104/4499 [00:09<04:32, 16.12it/s]
Fitting per-layer PCA:   2%|▏         | 106/4499 [00:09<04:30, 16.22it/s]
Fitting per-layer PCA:   2%|▏         | 108/4499 [00:09<04:33, 16.07it/s]
Fitting per-layer PCA:   2%|▏         | 110/4499 [00:09<04:41, 15.57it/s]
Fitting per-layer PCA:   2%|▏         | 112/4499 [00:09<04:36, 15.87it/s]
Fitting per-layer PCA:   3%|▎         | 114/4499 [00:09<04:33, 16.03it/s]
Fitting per-layer PCA:   3%|▎         | 116/4499 [00:10<04:32, 16.07it/s]
Fitting per-layer PCA:   3%|▎         | 118/4499 [00:10<04:29, 16.26it/s]
Fitting per-layer PCA:   3%|▎         | 120/4499 [00:10<04:27, 16.38it/s]
Fitting per-layer PCA:   3%|▎         | 122/4499 [00:10<04:25, 16.48it/s]
Fitting per-layer PCA:   3%|▎         | 124/4499 [00:10<04:22, 16.69it/s]
Fitting per-layer PCA:   3%|▎         | 126/4499 [00:10<04:24, 16.54it/s]
Fitting per-layer PCA:   3%|▎         | 128/4499 [00:15<50:36,  1.44it/s]
Fitting per-layer PCA:   3%|▎         | 130/4499 [00:15<36:56,  1.97it/s]
Fitting per-layer PCA:   3%|▎         | 132/4499 [00:15<27:17,  2.67it/s]
Fitting per-layer PCA:   3%|▎         | 134/4499 [00:15<20:42,  3.51it/s]
Fitting per-layer PCA:   3%|▎         | 136/4499 [00:15<16:11,  4.49it/s]
Fitting per-layer PCA:   3%|▎         | 138/4499 [00:15<12:46,  5.69it/s]
Fitting per-layer PCA:   3%|▎         | 140/4499 [00:15<10:29,  6.93it/s]
Fitting per-layer PCA:   3%|▎         | 142/4499 [00:16<08:50,  8.21it/s]
Fitting per-layer PCA:   3%|▎         | 144/4499 [00:16<07:51,  9.23it/s]
Fitting per-layer PCA:   3%|▎         | 146/4499 [00:16<07:15,  9.99it/s]
Fitting per-layer PCA:   3%|▎         | 148/4499 [00:16<06:42, 10.81it/s]
Fitting per-layer PCA:   3%|▎         | 150/4499 [00:16<06:10, 11.74it/s]
Fitting per-layer PCA:   3%|▎         | 152/4499 [00:16<05:43, 12.66it/s]
Fitting per-layer PCA:   3%|▎         | 154/4499 [00:16<05:26, 13.31it/s]
Fitting per-layer PCA:   3%|▎         | 156/4499 [00:16<05:06, 14.17it/s]
Fitting per-layer PCA:   4%|▎         | 158/4499 [00:17<04:57, 14.61it/s]
Fitting per-layer PCA:   4%|▎         | 160/4499 [00:17<04:46, 15.14it/s]
Fitting per-layer PCA:   4%|▎         | 162/4499 [00:17<04:36, 15.70it/s]
Fitting per-layer PCA:   4%|▎         | 164/4499 [00:17<04:32, 15.89it/s]
Fitting per-layer PCA:   4%|▎         | 166/4499 [00:17<04:36, 15.67it/s]
Fitting per-layer PCA:   4%|▎         | 168/4499 [00:17<04:32, 15.91it/s]
Fitting per-layer PCA:   4%|▍         | 170/4499 [00:17<04:30, 15.98it/s]
Fitting per-layer PCA:   4%|▍         | 172/4499 [00:17<04:29, 16.04it/s]
Fitting per-layer PCA:   4%|▍         | 174/4499 [00:18<04:27, 16.19it/s]
Fitting per-layer PCA:   4%|▍         | 176/4499 [00:18<04:25, 16.25it/s]
Fitting per-layer PCA:   4%|▍         | 178/4499 [00:18<04:23, 16.38it/s]
Fitting per-layer PCA:   4%|▍         | 180/4499 [00:18<04:21, 16.50it/s]
Fitting per-layer PCA:   4%|▍         | 182/4499 [00:18<04:21, 16.51it/s]
Fitting per-layer PCA:   4%|▍         | 184/4499 [00:18<04:23, 16.38it/s]
Fitting per-layer PCA:   4%|▍         | 186/4499 [00:18<04:24, 16.32it/s]
Fitting per-layer PCA:   4%|▍         | 188/4499 [00:18<04:24, 16.33it/s]
Fitting per-layer PCA:   4%|▍         | 190/4499 [00:19<04:20, 16.57it/s]
Fitting per-layer PCA:   4%|▍         | 192/4499 [00:22<45:11,  1.59it/s]
Fitting per-layer PCA:   4%|▍         | 194/4499 [00:23<32:55,  2.18it/s]
Fitting per-layer PCA:   4%|▍         | 196/4499 [00:23<24:21,  2.94it/s]
Fitting per-layer PCA:   4%|▍         | 198/4499 [00:23<18:17,  3.92it/s]
Fitting per-layer PCA:   4%|▍         | 200/4499 [00:23<14:02,  5.10it/s]
Fitting per-layer PCA:   4%|▍         | 202/4499 [00:23<11:09,  6.42it/s]
Fitting per-layer PCA:   5%|▍         | 204/4499 [00:23<09:05,  7.88it/s]
Fitting per-layer PCA:   5%|▍         | 206/4499 [00:23<07:40,  9.33it/s]
Fitting per-layer PCA:   5%|▍         | 208/4499 [00:23<06:41, 10.69it/s]
Fitting per-layer PCA:   5%|▍         | 210/4499 [00:24<06:03, 11.80it/s]
Fitting per-layer PCA:   5%|▍         | 212/4499 [00:24<05:35, 12.76it/s]
Fitting per-layer PCA:   5%|▍         | 214/4499 [00:24<05:13, 13.68it/s]
Fitting per-layer PCA:   5%|▍         | 216/4499 [00:24<05:01, 14.22it/s]
Fitting per-layer PCA:   5%|▍         | 218/4499 [00:24<04:47, 14.89it/s]
Fitting per-layer PCA:   5%|▍         | 220/4499 [00:24<04:40, 15.25it/s]
Fitting per-layer PCA:   5%|▍         | 222/4499 [00:24<04:37, 15.43it/s]
Fitting per-layer PCA:   5%|▍         | 224/4499 [00:24<04:36, 15.46it/s]
Fitting per-layer PCA:   5%|▌         | 226/4499 [00:25<04:27, 15.97it/s]
Fitting per-layer PCA:   5%|▌         | 228/4499 [00:25<04:26, 16.03it/s]
Fitting per-layer PCA:   5%|▌         | 230/4499 [00:25<04:20, 16.36it/s]
Fitting per-layer PCA:   5%|▌         | 232/4499 [00:25<04:21, 16.33it/s]
Fitting per-layer PCA:   5%|▌         | 234/4499 [00:25<04:22, 16.24it/s]
Fitting per-layer PCA:   5%|▌         | 236/4499 [00:25<04:22, 16.22it/s]
Fitting per-layer PCA:   5%|▌         | 238/4499 [00:25<04:17, 16.56it/s]
Fitting per-layer PCA:   5%|▌         | 240/4499 [00:25<04:15, 16.68it/s]
Fitting per-layer PCA:   5%|▌         | 242/4499 [00:26<04:18, 16.45it/s]
Fitting per-layer PCA:   5%|▌         | 244/4499 [00:26<04:19, 16.37it/s]
Fitting per-layer PCA:   5%|▌         | 246/4499 [00:26<04:19, 16.40it/s]
Fitting per-layer PCA:   6%|▌         | 248/4499 [00:26<04:18, 16.44it/s]
Fitting per-layer PCA:   6%|▌         | 250/4499 [00:26<04:19, 16.35it/s]
Fitting per-layer PCA:   6%|▌         | 252/4499 [00:26<04:20, 16.29it/s]
Fitting per-layer PCA:   6%|▌         | 254/4499 [00:26<04:14, 16.67it/s]
Fitting per-layer PCA:   6%|▌         | 256/4499 [00:30<44:38,  1.58it/s]
Fitting per-layer PCA:   6%|▌         | 258/4499 [00:30<32:28,  2.18it/s]
Fitting per-layer PCA:   6%|▌         | 260/4499 [00:30<24:02,  2.94it/s]
Fitting per-layer PCA:   6%|▌         | 262/4499 [00:31<18:03,  3.91it/s]
Fitting per-layer PCA:   6%|▌         | 264/4499 [00:31<13:56,  5.06it/s]
Fitting per-layer PCA:   6%|▌         | 266/4499 [00:31<11:05,  6.36it/s]
Fitting per-layer PCA:   6%|▌         | 268/4499 [00:31<09:04,  7.77it/s]
Fitting per-layer PCA:   6%|▌         | 270/4499 [00:31<07:40,  9.19it/s]
Fitting per-layer PCA:   6%|▌         | 272/4499 [00:31<06:37, 10.63it/s]
Fitting per-layer PCA:   6%|▌         | 274/4499 [00:31<05:59, 11.76it/s]
Fitting per-layer PCA:   6%|▌         | 276/4499 [00:31<05:24, 13.01it/s]
Fitting per-layer PCA:   6%|▌         | 278/4499 [00:32<05:05, 13.81it/s]
Fitting per-layer PCA:   6%|▌         | 280/4499 [00:32<04:48, 14.63it/s]
Fitting per-layer PCA:   6%|▋         | 282/4499 [00:32<04:43, 14.87it/s]
Fitting per-layer PCA:   6%|▋         | 284/4499 [00:32<04:30, 15.57it/s]
Fitting per-layer PCA:   6%|▋         | 286/4499 [00:32<04:28, 15.72it/s]
Fitting per-layer PCA:   6%|▋         | 288/4499 [00:32<04:24, 15.91it/s]
Fitting per-layer PCA:   6%|▋         | 290/4499 [00:32<04:22, 16.01it/s]
Fitting per-layer PCA:   6%|▋         | 292/4499 [00:32<04:21, 16.06it/s]
Fitting per-layer PCA:   7%|▋         | 294/4499 [00:33<04:19, 16.19it/s]
Fitting per-layer PCA:   7%|▋         | 296/4499 [00:33<04:18, 16.28it/s]
Fitting per-layer PCA:   7%|▋         | 298/4499 [00:33<04:14, 16.54it/s]
Fitting per-layer PCA:   7%|▋         | 300/4499 [00:33<04:14, 16.47it/s]
Fitting per-layer PCA:   7%|▋         | 302/4499 [00:33<04:13, 16.56it/s]
Fitting per-layer PCA:   7%|▋         | 304/4499 [00:33<04:14, 16.48it/s]
Fitting per-layer PCA:   7%|▋         | 306/4499 [00:33<04:14, 16.50it/s]
Fitting per-layer PCA:   7%|▋         | 308/4499 [00:33<04:12, 16.60it/s]
Fitting per-layer PCA:   7%|▋         | 310/4499 [00:33<04:09, 16.80it/s]
Fitting per-layer PCA:   7%|▋         | 312/4499 [00:34<04:11, 16.62it/s]
Fitting per-layer PCA:   7%|▋         | 314/4499 [00:34<04:09, 16.75it/s]
Fitting per-layer PCA:   7%|▋         | 316/4499 [00:34<04:09, 16.76it/s]
Fitting per-layer PCA:   7%|▋         | 318/4499 [00:34<04:09, 16.73it/s]
Fitting per-layer PCA:   7%|▋         | 320/4499 [00:38<43:13,  1.61it/s]
Fitting per-layer PCA:   7%|▋         | 322/4499 [00:38<31:32,  2.21it/s]
Fitting per-layer PCA:   7%|▋         | 324/4499 [00:38<23:19,  2.98it/s]
Fitting per-layer PCA:   7%|▋         | 326/4499 [00:38<17:34,  3.96it/s]
Fitting per-layer PCA:   7%|▋         | 328/4499 [00:38<13:32,  5.13it/s]
Fitting per-layer PCA:   7%|▋         | 330/4499 [00:38<10:43,  6.48it/s]
Fitting per-layer PCA:   7%|▋         | 332/4499 [00:39<08:40,  8.00it/s]
Fitting per-layer PCA:   7%|▋         | 334/4499 [00:39<07:26,  9.33it/s]
Fitting per-layer PCA:   7%|▋         | 336/4499 [00:39<06:29, 10.69it/s]
Fitting per-layer PCA:   8%|▊         | 338/4499 [00:39<05:48, 11.94it/s]
Fitting per-layer PCA:   8%|▊         | 340/4499 [00:39<05:18, 13.06it/s]
Fitting per-layer PCA:   8%|▊         | 342/4499 [00:39<04:58, 13.94it/s]
Fitting per-layer PCA:   8%|▊         | 344/4499 [00:39<04:48, 14.42it/s]
Fitting per-layer PCA:   8%|▊         | 346/4499 [00:39<04:35, 15.06it/s]
Fitting per-layer PCA:   8%|▊         | 348/4499 [00:40<04:24, 15.70it/s]
Fitting per-layer PCA:   8%|▊         | 350/4499 [00:40<04:25, 15.63it/s]
Fitting per-layer PCA:   8%|▊         | 352/4499 [00:40<04:20, 15.90it/s]
Fitting per-layer PCA:   8%|▊         | 354/4499 [00:40<04:15, 16.23it/s]
Fitting per-layer PCA:   8%|▊         | 356/4499 [00:40<04:12, 16.42it/s]
Fitting per-layer PCA:   8%|▊         | 358/4499 [00:40<04:13, 16.33it/s]
Fitting per-layer PCA:   8%|▊         | 360/4499 [00:40<04:16, 16.16it/s]
Fitting per-layer PCA:   8%|▊         | 362/4499 [00:40<04:10, 16.50it/s]
Fitting per-layer PCA:   8%|▊         | 364/4499 [00:40<04:10, 16.49it/s]
Fitting per-layer PCA:   8%|▊         | 366/4499 [00:41<04:13, 16.31it/s]
Fitting per-layer PCA:   8%|▊         | 368/4499 [00:41<04:10, 16.46it/s]
Fitting per-layer PCA:   8%|▊         | 370/4499 [00:41<04:08, 16.62it/s]
Fitting per-layer PCA:   8%|▊         | 372/4499 [00:41<04:10, 16.47it/s]
Fitting per-layer PCA:   8%|▊         | 374/4499 [00:41<04:12, 16.32it/s]
Fitting per-layer PCA:   8%|▊         | 376/4499 [00:41<04:18, 15.93it/s]
Fitting per-layer PCA:   8%|▊         | 378/4499 [00:41<04:22, 15.69it/s]
Fitting per-layer PCA:   8%|▊         | 380/4499 [00:41<04:17, 16.00it/s]
Fitting per-layer PCA:   8%|▊         | 382/4499 [00:42<04:14, 16.19it/s]
Fitting per-layer PCA:   9%|▊         | 384/4499 [00:45<42:24,  1.62it/s]
Fitting per-layer PCA:   9%|▊         | 386/4499 [00:46<30:55,  2.22it/s]
Fitting per-layer PCA:   9%|▊         | 388/4499 [00:46<22:58,  2.98it/s]
Fitting per-layer PCA:   9%|▊         | 390/4499 [00:46<17:19,  3.95it/s]
Fitting per-layer PCA:   9%|▊         | 392/4499 [00:46<13:21,  5.12it/s]
Fitting per-layer PCA:   9%|▉         | 394/4499 [00:46<10:35,  6.46it/s]
Fitting per-layer PCA:   9%|▉         | 396/4499 [00:46<08:39,  7.90it/s]
Fitting per-layer PCA:   9%|▉         | 398/4499 [00:46<07:21,  9.28it/s]
Fitting per-layer PCA:   9%|▉         | 400/4499 [00:46<06:27, 10.57it/s]
Fitting per-layer PCA:   9%|▉         | 402/4499 [00:47<05:44, 11.88it/s]
Fitting per-layer PCA:   9%|▉         | 404/4499 [00:47<05:14, 13.01it/s]
Fitting per-layer PCA:   9%|▉         | 406/4499 [00:47<04:53, 13.95it/s]
Fitting per-layer PCA:   9%|▉         | 408/4499 [00:47<04:40, 14.59it/s]
Fitting per-layer PCA:   9%|▉         | 410/4499 [00:47<04:29, 15.18it/s]
Fitting per-layer PCA:   9%|▉         | 412/4499 [00:47<04:24, 15.43it/s]
Fitting per-layer PCA:   9%|▉         | 414/4499 [00:47<04:23, 15.53it/s]
Fitting per-layer PCA:   9%|▉         | 416/4499 [00:47<04:17, 15.87it/s]
Fitting per-layer PCA:   9%|▉         | 418/4499 [00:48<04:14, 16.02it/s]
Fitting per-layer PCA:   9%|▉         | 420/4499 [00:48<04:12, 16.16it/s]
Fitting per-layer PCA:   9%|▉         | 422/4499 [00:48<04:09, 16.35it/s]
Fitting per-layer PCA:   9%|▉         | 424/4499 [00:48<04:17, 15.83it/s]
Fitting per-layer PCA:   9%|▉         | 426/4499 [00:48<04:12, 16.13it/s]
Fitting per-layer PCA:  10%|▉         | 428/4499 [00:48<04:08, 16.39it/s]
Fitting per-layer PCA:  10%|▉         | 430/4499 [00:48<04:10, 16.27it/s]
Fitting per-layer PCA:  10%|▉         | 432/4499 [00:48<04:12, 16.10it/s]
Fitting per-layer PCA:  10%|▉         | 434/4499 [00:49<04:09, 16.32it/s]
Fitting per-layer PCA:  10%|▉         | 436/4499 [00:49<04:14, 15.99it/s]
Fitting per-layer PCA:  10%|▉         | 438/4499 [00:49<04:11, 16.13it/s]
Fitting per-layer PCA:  10%|▉         | 440/4499 [00:49<04:14, 15.96it/s]
Fitting per-layer PCA:  10%|▉         | 442/4499 [00:49<04:11, 16.15it/s]
Fitting per-layer PCA:  10%|▉         | 444/4499 [00:49<04:07, 16.41it/s]
Fitting per-layer PCA:  10%|▉         | 446/4499 [00:49<04:08, 16.33it/s]
Fitting per-layer PCA:  10%|▉         | 448/4499 [00:53<41:36,  1.62it/s]
Fitting per-layer PCA:  10%|█         | 450/4499 [00:53<30:22,  2.22it/s]
Fitting per-layer PCA:  10%|█         | 452/4499 [00:53<22:28,  3.00it/s]
Fitting per-layer PCA:  10%|█         | 454/4499 [00:53<16:57,  3.98it/s]
Fitting per-layer PCA:  10%|█         | 456/4499 [00:54<13:07,  5.13it/s]
Fitting per-layer PCA:  10%|█         | 458/4499 [00:54<10:33,  6.38it/s]
Fitting per-layer PCA:  10%|█         | 460/4499 [00:54<08:36,  7.81it/s]
Fitting per-layer PCA:  10%|█         | 462/4499 [00:54<07:12,  9.33it/s]
Fitting per-layer PCA:  10%|█         | 464/4499 [00:54<06:15, 10.75it/s]
Fitting per-layer PCA:  10%|█         | 466/4499 [00:54<05:34, 12.05it/s]
Fitting per-layer PCA:  10%|█         | 468/4499 [00:54<05:07, 13.12it/s]
Fitting per-layer PCA:  10%|█         | 470/4499 [00:54<04:46, 14.04it/s]
Fitting per-layer PCA:  10%|█         | 472/4499 [00:55<04:32, 14.77it/s]
Fitting per-layer PCA:  11%|█         | 474/4499 [00:55<04:27, 15.04it/s]
Fitting per-layer PCA:  11%|█         | 476/4499 [00:55<04:18, 15.56it/s]
Fitting per-layer PCA:  11%|█         | 478/4499 [00:55<04:13, 15.84it/s]
Fitting per-layer PCA:  11%|█         | 480/4499 [00:55<04:19, 15.51it/s]
Fitting per-layer PCA:  11%|█         | 482/4499 [00:55<04:13, 15.87it/s]
Fitting per-layer PCA:  11%|█         | 484/4499 [00:55<04:08, 16.13it/s]
Fitting per-layer PCA:  11%|█         | 486/4499 [00:55<04:06, 16.29it/s]
Fitting per-layer PCA:  11%|█         | 488/4499 [00:56<04:03, 16.49it/s]
Fitting per-layer PCA:  11%|█         | 490/4499 [00:56<04:00, 16.67it/s]
Fitting per-layer PCA:  11%|█         | 492/4499 [00:56<04:00, 16.65it/s]
Fitting per-layer PCA:  11%|█         | 494/4499 [00:56<03:59, 16.69it/s]
Fitting per-layer PCA:  11%|█         | 496/4499 [00:56<04:09, 16.02it/s]
Fitting per-layer PCA:  11%|█         | 498/4499 [00:56<04:07, 16.18it/s]
Fitting per-layer PCA:  11%|█         | 500/4499 [00:56<04:05, 16.26it/s]
Fitting per-layer PCA:  11%|█         | 502/4499 [00:56<04:04, 16.32it/s]
Fitting per-layer PCA:  11%|█         | 504/4499 [00:56<04:03, 16.42it/s]
Fitting per-layer PCA:  11%|█         | 506/4499 [00:57<04:06, 16.21it/s]
Fitting per-layer PCA:  11%|█▏        | 508/4499 [00:57<04:04, 16.33it/s]
Fitting per-layer PCA:  11%|█▏        | 510/4499 [00:57<04:01, 16.50it/s]
Fitting per-layer PCA:  11%|█▏        | 512/4499 [01:01<41:37,  1.60it/s]
Fitting per-layer PCA:  11%|█▏        | 514/4499 [01:01<30:21,  2.19it/s]
Fitting per-layer PCA:  11%|█▏        | 516/4499 [01:01<22:23,  2.96it/s]
Fitting per-layer PCA:  12%|█▏        | 518/4499 [01:01<16:55,  3.92it/s]
Fitting per-layer PCA:  12%|█▏        | 520/4499 [01:01<13:05,  5.07it/s]
Fitting per-layer PCA:  12%|█▏        | 522/4499 [01:01<10:20,  6.41it/s]
Fitting per-layer PCA:  12%|█▏        | 524/4499 [01:01<08:22,  7.91it/s]
Fitting per-layer PCA:  12%|█▏        | 526/4499 [01:02<07:07,  9.30it/s]
Fitting per-layer PCA:  12%|█▏        | 528/4499 [01:02<06:09, 10.74it/s]
Fitting per-layer PCA:  12%|█▏        | 530/4499 [01:02<05:29, 12.05it/s]
Fitting per-layer PCA:  12%|█▏        | 532/4499 [01:02<05:01, 13.17it/s]
Fitting per-layer PCA:  12%|█▏        | 534/4499 [01:02<04:39, 14.21it/s]
Fitting per-layer PCA:  12%|█▏        | 536/4499 [01:02<04:28, 14.75it/s]
Fitting per-layer PCA:  12%|█▏        | 538/4499 [01:02<04:20, 15.23it/s]
Fitting per-layer PCA:  12%|█▏        | 540/4499 [01:02<04:12, 15.65it/s]
Fitting per-layer PCA:  12%|█▏        | 542/4499 [01:03<04:06, 16.07it/s]
Fitting per-layer PCA:  12%|█▏        | 544/4499 [01:03<04:17, 15.36it/s]
Fitting per-layer PCA:  12%|█▏        | 546/4499 [01:03<04:06, 16.04it/s]
Fitting per-layer PCA:  12%|█▏        | 548/4499 [01:03<04:06, 16.04it/s]
Fitting per-layer PCA:  12%|█▏        | 550/4499 [01:03<04:05, 16.10it/s]
Fitting per-layer PCA:  12%|█▏        | 552/4499 [01:03<04:00, 16.42it/s]
Fitting per-layer PCA:  12%|█▏        | 554/4499 [01:03<04:12, 15.65it/s]
Fitting per-layer PCA:  12%|█▏        | 556/4499 [01:03<04:07, 15.94it/s]
Fitting per-layer PCA:  12%|█▏        | 558/4499 [01:04<04:03, 16.20it/s]
Fitting per-layer PCA:  12%|█▏        | 560/4499 [01:04<04:00, 16.38it/s]
Fitting per-layer PCA:  12%|█▏        | 562/4499 [01:04<03:56, 16.63it/s]
Fitting per-layer PCA:  13%|█▎        | 564/4499 [01:04<03:57, 16.55it/s]
Fitting per-layer PCA:  13%|█▎        | 566/4499 [01:04<03:54, 16.77it/s]
Fitting per-layer PCA:  13%|█▎        | 568/4499 [01:04<03:56, 16.61it/s]
Fitting per-layer PCA:  13%|█▎        | 570/4499 [01:04<03:56, 16.62it/s]
Fitting per-layer PCA:  13%|█▎        | 572/4499 [01:04<04:11, 15.64it/s]
Fitting per-layer PCA:  13%|█▎        | 574/4499 [01:05<04:08, 15.81it/s]
Fitting per-layer PCA:  13%|█▎        | 576/4499 [01:08<40:27,  1.62it/s]
Fitting per-layer PCA:  13%|█▎        | 578/4499 [01:08<29:27,  2.22it/s]
Fitting per-layer PCA:  13%|█▎        | 580/4499 [01:09<21:50,  2.99it/s]
Fitting per-layer PCA:  13%|█▎        | 582/4499 [01:09<16:27,  3.97it/s]
Fitting per-layer PCA:  13%|█▎        | 584/4499 [01:09<12:52,  5.07it/s]
Fitting per-layer PCA:  13%|█▎        | 586/4499 [01:09<10:10,  6.41it/s]
Fitting per-layer PCA:  13%|█▎        | 588/4499 [01:09<08:19,  7.83it/s]
Fitting per-layer PCA:  13%|█▎        | 590/4499 [01:09<06:59,  9.31it/s]
Fitting per-layer PCA:  13%|█▎        | 592/4499 [01:09<06:06, 10.67it/s]
Fitting per-layer PCA:  13%|█▎        | 594/4499 [01:09<05:26, 11.95it/s]
Fitting per-layer PCA:  13%|█▎        | 596/4499 [01:10<04:59, 13.04it/s]
Fitting per-layer PCA:  13%|█▎        | 598/4499 [01:10<04:40, 13.91it/s]
Fitting per-layer PCA:  13%|█▎        | 600/4499 [01:10<04:26, 14.61it/s]
Fitting per-layer PCA:  13%|█▎        | 602/4499 [01:10<04:16, 15.16it/s]
Fitting per-layer PCA:  13%|█▎        | 604/4499 [01:10<04:09, 15.60it/s]
Fitting per-layer PCA:  13%|█▎        | 606/4499 [01:10<04:04, 15.93it/s]
Fitting per-layer PCA:  14%|█▎        | 608/4499 [01:10<04:05, 15.87it/s]
Fitting per-layer PCA:  14%|█▎        | 610/4499 [01:10<04:07, 15.74it/s]
Fitting per-layer PCA:  14%|█▎        | 612/4499 [01:11<04:08, 15.64it/s]
Fitting per-layer PCA:  14%|█▎        | 614/4499 [01:11<04:01, 16.08it/s]
Fitting per-layer PCA:  14%|█▎        | 616/4499 [01:11<04:00, 16.15it/s]
Fitting per-layer PCA:  14%|█▎        | 618/4499 [01:11<04:00, 16.12it/s]
Fitting per-layer PCA:  14%|█▍        | 620/4499 [01:11<03:59, 16.18it/s]
Fitting per-layer PCA:  14%|█▍        | 622/4499 [01:11<03:59, 16.18it/s]
Fitting per-layer PCA:  14%|█▍        | 624/4499 [01:11<03:58, 16.27it/s]
Fitting per-layer PCA:  14%|█▍        | 626/4499 [01:11<03:57, 16.28it/s]
Fitting per-layer PCA:  14%|█▍        | 628/4499 [01:12<03:52, 16.62it/s]
Fitting per-layer PCA:  14%|█▍        | 630/4499 [01:12<03:55, 16.45it/s]
Fitting per-layer PCA:  14%|█▍        | 632/4499 [01:12<03:59, 16.16it/s]
Fitting per-layer PCA:  14%|█▍        | 634/4499 [01:12<03:58, 16.20it/s]
Fitting per-layer PCA:  14%|█▍        | 636/4499 [01:12<03:55, 16.41it/s]
Fitting per-layer PCA:  14%|█▍        | 638/4499 [01:12<03:53, 16.51it/s]
Fitting per-layer PCA:  14%|█▍        | 640/4499 [01:16<39:39,  1.62it/s]
Fitting per-layer PCA:  14%|█▍        | 642/4499 [01:16<28:59,  2.22it/s]
Fitting per-layer PCA:  14%|█▍        | 644/4499 [01:16<21:24,  3.00it/s]
Fitting per-layer PCA:  14%|█▍        | 646/4499 [01:16<16:10,  3.97it/s]
Fitting per-layer PCA:  14%|█▍        | 648/4499 [01:16<12:29,  5.14it/s]
Fitting per-layer PCA:  14%|█▍        | 650/4499 [01:17<09:56,  6.45it/s]
Fitting per-layer PCA:  14%|█▍        | 652/4499 [01:17<08:05,  7.92it/s]
Fitting per-layer PCA:  15%|█▍        | 654/4499 [01:17<06:50,  9.36it/s]
Fitting per-layer PCA:  15%|█▍        | 656/4499 [01:17<05:53, 10.87it/s]
Fitting per-layer PCA:  15%|█▍        | 658/4499 [01:17<05:18, 12.07it/s]
Fitting per-layer PCA:  15%|█▍        | 660/4499 [01:17<04:48, 13.30it/s]
Fitting per-layer PCA:  15%|█▍        | 662/4499 [01:17<04:33, 14.02it/s]
Fitting per-layer PCA:  15%|█▍        | 664/4499 [01:17<04:22, 14.62it/s]
Fitting per-layer PCA:  15%|█▍        | 666/4499 [01:18<04:10, 15.30it/s]
Fitting per-layer PCA:  15%|█▍        | 668/4499 [01:18<04:05, 15.59it/s]
Fitting per-layer PCA:  15%|█▍        | 670/4499 [01:18<03:59, 16.02it/s]
Fitting per-layer PCA:  15%|█▍        | 672/4499 [01:18<04:02, 15.79it/s]
Fitting per-layer PCA:  15%|█▍        | 674/4499 [01:18<03:56, 16.17it/s]
Fitting per-layer PCA:  15%|█▌        | 676/4499 [01:18<03:55, 16.21it/s]
Fitting per-layer PCA:  15%|█▌        | 678/4499 [01:18<03:53, 16.38it/s]
Fitting per-layer PCA:  15%|█▌        | 680/4499 [01:18<03:52, 16.41it/s]
Fitting per-layer PCA:  15%|█▌        | 682/4499 [01:19<03:58, 16.02it/s]
Fitting per-layer PCA:  15%|█▌        | 684/4499 [01:19<03:54, 16.29it/s]
Fitting per-layer PCA:  15%|█▌        | 686/4499 [01:19<03:53, 16.35it/s]
Fitting per-layer PCA:  15%|█▌        | 688/4499 [01:19<03:52, 16.36it/s]
Fitting per-layer PCA:  15%|█▌        | 690/4499 [01:19<03:51, 16.49it/s]
Fitting per-layer PCA:  15%|█▌        | 692/4499 [01:19<03:50, 16.49it/s]
Fitting per-layer PCA:  15%|█▌        | 694/4499 [01:19<03:48, 16.69it/s]
Fitting per-layer PCA:  15%|█▌        | 696/4499 [01:19<03:50, 16.48it/s]
Fitting per-layer PCA:  16%|█▌        | 698/4499 [01:20<03:47, 16.73it/s]
Fitting per-layer PCA:  16%|█▌        | 700/4499 [01:20<03:47, 16.70it/s]
Fitting per-layer PCA:  16%|█▌        | 702/4499 [01:20<03:47, 16.67it/s]
Fitting per-layer PCA:  16%|█▌        | 704/4499 [01:24<38:50,  1.63it/s]
Fitting per-layer PCA:  16%|█▌        | 706/4499 [01:24<28:19,  2.23it/s]
Fitting per-layer PCA:  16%|█▌        | 708/4499 [01:24<20:57,  3.01it/s]
Fitting per-layer PCA:  16%|█▌        | 710/4499 [01:24<15:49,  3.99it/s]
Fitting per-layer PCA:  16%|█▌        | 712/4499 [01:24<12:09,  5.19it/s]
Fitting per-layer PCA:  16%|█▌        | 714/4499 [01:24<09:59,  6.31it/s]
Fitting per-layer PCA:  16%|█▌        | 716/4499 [01:24<08:07,  7.76it/s]
Fitting per-layer PCA:  16%|█▌        | 718/4499 [01:24<06:48,  9.26it/s]
Fitting per-layer PCA:  16%|█▌        | 720/4499 [01:25<05:54, 10.67it/s]
Fitting per-layer PCA:  16%|█▌        | 722/4499 [01:25<05:15, 11.96it/s]
Fitting per-layer PCA:  16%|█▌        | 724/4499 [01:25<04:50, 12.99it/s]
Fitting per-layer PCA:  16%|█▌        | 726/4499 [01:25<04:29, 13.98it/s]
Fitting per-layer PCA:  16%|█▌        | 728/4499 [01:25<04:14, 14.81it/s]
Fitting per-layer PCA:  16%|█▌        | 730/4499 [01:25<04:12, 14.91it/s]
Fitting per-layer PCA:  16%|█▋        | 732/4499 [01:25<04:02, 15.55it/s]
Fitting per-layer PCA:  16%|█▋        | 734/4499 [01:25<04:03, 15.44it/s]
Fitting per-layer PCA:  16%|█▋        | 736/4499 [01:26<03:56, 15.88it/s]
Fitting per-layer PCA:  16%|█▋        | 738/4499 [01:26<03:56, 15.93it/s]
Fitting per-layer PCA:  16%|█▋        | 740/4499 [01:26<03:52, 16.19it/s]
Fitting per-layer PCA:  16%|█▋        | 742/4499 [01:26<03:50, 16.27it/s]
Fitting per-layer PCA:  17%|█▋        | 744/4499 [01:26<03:48, 16.40it/s]
Fitting per-layer PCA:  17%|█▋        | 746/4499 [01:26<03:51, 16.21it/s]
Fitting per-layer PCA:  17%|█▋        | 748/4499 [01:26<03:50, 16.29it/s]
Fitting per-layer PCA:  17%|█▋        | 750/4499 [01:26<03:54, 15.96it/s]
Fitting per-layer PCA:  17%|█▋        | 752/4499 [01:27<03:51, 16.15it/s]
Fitting per-layer PCA:  17%|█▋        | 754/4499 [01:27<03:49, 16.31it/s]
Fitting per-layer PCA:  17%|█▋        | 756/4499 [01:27<03:46, 16.53it/s]
Fitting per-layer PCA:  17%|█▋        | 758/4499 [01:27<03:45, 16.56it/s]
Fitting per-layer PCA:  17%|█▋        | 760/4499 [01:27<03:44, 16.62it/s]
Fitting per-layer PCA:  17%|█▋        | 762/4499 [01:27<03:44, 16.66it/s]
Fitting per-layer PCA:  17%|█▋        | 764/4499 [01:27<03:43, 16.73it/s]
Fitting per-layer PCA:  17%|█▋        | 766/4499 [01:27<03:44, 16.63it/s]
Fitting per-layer PCA:  17%|█▋        | 768/4499 [01:31<38:46,  1.60it/s]
Fitting per-layer PCA:  17%|█▋        | 770/4499 [01:31<28:15,  2.20it/s]
Fitting per-layer PCA:  17%|█▋        | 772/4499 [01:31<20:56,  2.97it/s]
Fitting per-layer PCA:  17%|█▋        | 774/4499 [01:32<15:45,  3.94it/s]
Fitting per-layer PCA:  17%|█▋        | 776/4499 [01:32<12:11,  5.09it/s]
Fitting per-layer PCA:  17%|█▋        | 778/4499 [01:32<09:39,  6.42it/s]
Fitting per-layer PCA:  17%|█▋        | 780/4499 [01:32<07:50,  7.91it/s]
Fitting per-layer PCA:  17%|█▋        | 782/4499 [01:32<06:37,  9.36it/s]
Fitting per-layer PCA:  17%|█▋        | 784/4499 [01:32<05:44, 10.80it/s]
Fitting per-layer PCA:  17%|█▋        | 786/4499 [01:32<05:08, 12.03it/s]
Fitting per-layer PCA:  18%|█▊        | 788/4499 [01:32<04:51, 12.72it/s]
Fitting per-layer PCA:  18%|█▊        | 790/4499 [01:33<04:36, 13.40it/s]
Fitting per-layer PCA:  18%|█▊        | 792/4499 [01:33<04:18, 14.33it/s]
Fitting per-layer PCA:  18%|█▊        | 794/4499 [01:33<04:08, 14.91it/s]
Fitting per-layer PCA:  18%|█▊        | 796/4499 [01:33<04:02, 15.28it/s]
Fitting per-layer PCA:  18%|█▊        | 798/4499 [01:33<03:56, 15.66it/s]
Fitting per-layer PCA:  18%|█▊        | 800/4499 [01:33<03:50, 16.07it/s]
Fitting per-layer PCA:  18%|█▊        | 802/4499 [01:33<03:52, 15.91it/s]
Fitting per-layer PCA:  18%|█▊        | 804/4499 [01:33<03:51, 15.96it/s]
Fitting per-layer PCA:  18%|█▊        | 806/4499 [01:34<03:46, 16.32it/s]
Fitting per-layer PCA:  18%|█▊        | 808/4499 [01:34<03:45, 16.33it/s]
Fitting per-layer PCA:  18%|█▊        | 810/4499 [01:34<03:41, 16.67it/s]
Fitting per-layer PCA:  18%|█▊        | 812/4499 [01:34<03:42, 16.56it/s]
Fitting per-layer PCA:  18%|█▊        | 814/4499 [01:34<03:40, 16.74it/s]
Fitting per-layer PCA:  18%|█▊        | 816/4499 [01:34<03:42, 16.53it/s]
Fitting per-layer PCA:  18%|█▊        | 818/4499 [01:34<03:42, 16.52it/s]
Fitting per-layer PCA:  18%|█▊        | 820/4499 [01:34<03:42, 16.54it/s]
Fitting per-layer PCA:  18%|█▊        | 822/4499 [01:35<03:46, 16.25it/s]
Fitting per-layer PCA:  18%|█▊        | 824/4499 [01:35<03:43, 16.43it/s]
Fitting per-layer PCA:  18%|█▊        | 826/4499 [01:35<03:43, 16.46it/s]
Fitting per-layer PCA:  18%|█▊        | 828/4499 [01:35<03:41, 16.57it/s]
Fitting per-layer PCA:  18%|█▊        | 830/4499 [01:35<03:37, 16.90it/s]
Fitting per-layer PCA:  18%|█▊        | 832/4499 [01:39<37:43,  1.62it/s]
Fitting per-layer PCA:  19%|█▊        | 834/4499 [01:39<27:32,  2.22it/s]
Fitting per-layer PCA:  19%|█▊        | 836/4499 [01:39<20:23,  2.99it/s]
Fitting per-layer PCA:  19%|█▊        | 838/4499 [01:39<15:20,  3.98it/s]
Fitting per-layer PCA:  19%|█▊        | 840/4499 [01:39<11:46,  5.18it/s]
Fitting per-layer PCA:  19%|█▊        | 842/4499 [01:39<09:24,  6.47it/s]
Fitting per-layer PCA:  19%|█▉        | 844/4499 [01:40<07:41,  7.92it/s]
Fitting per-layer PCA:  19%|█▉        | 846/4499 [01:40<06:32,  9.30it/s]
Fitting per-layer PCA:  19%|█▉        | 848/4499 [01:40<05:36, 10.85it/s]
Fitting per-layer PCA:  19%|█▉        | 850/4499 [01:40<05:03, 12.03it/s]
Fitting per-layer PCA:  19%|█▉        | 852/4499 [01:40<04:35, 13.22it/s]
Fitting per-layer PCA:  19%|█▉        | 854/4499 [01:40<04:21, 13.93it/s]
Fitting per-layer PCA:  19%|█▉        | 856/4499 [01:40<04:12, 14.45it/s]
Fitting per-layer PCA:  19%|█▉        | 858/4499 [01:40<04:09, 14.59it/s]
Fitting per-layer PCA:  19%|█▉        | 860/4499 [01:41<03:57, 15.35it/s]
Fitting per-layer PCA:  19%|█▉        | 862/4499 [01:41<03:54, 15.52it/s]
Fitting per-layer PCA:  19%|█▉        | 864/4499 [01:41<03:49, 15.86it/s]
Fitting per-layer PCA:  19%|█▉        | 866/4499 [01:41<03:44, 16.15it/s]
Fitting per-layer PCA:  19%|█▉        | 868/4499 [01:41<03:42, 16.33it/s]
Fitting per-layer PCA:  19%|█▉        | 870/4499 [01:41<03:43, 16.25it/s]
Fitting per-layer PCA:  19%|█▉        | 872/4499 [01:41<03:40, 16.44it/s]
Fitting per-layer PCA:  19%|█▉        | 874/4499 [01:41<03:44, 16.13it/s]
Fitting per-layer PCA:  19%|█▉        | 876/4499 [01:42<03:40, 16.43it/s]
Fitting per-layer PCA:  20%|█▉        | 878/4499 [01:42<03:42, 16.25it/s]
Fitting per-layer PCA:  20%|█▉        | 880/4499 [01:42<03:42, 16.27it/s]
Fitting per-layer PCA:  20%|█▉        | 882/4499 [01:42<03:38, 16.56it/s]
Fitting per-layer PCA:  20%|█▉        | 884/4499 [01:42<03:41, 16.29it/s]
Fitting per-layer PCA:  20%|█▉        | 886/4499 [01:42<03:36, 16.69it/s]
Fitting per-layer PCA:  20%|█▉        | 888/4499 [01:42<03:38, 16.55it/s]
Fitting per-layer PCA:  20%|█▉        | 890/4499 [01:42<03:37, 16.63it/s]
Fitting per-layer PCA:  20%|█▉        | 892/4499 [01:42<03:38, 16.51it/s]
Fitting per-layer PCA:  20%|█▉        | 894/4499 [01:43<03:39, 16.40it/s]
Fitting per-layer PCA:  20%|█▉        | 896/4499 [01:46<36:50,  1.63it/s]
Fitting per-layer PCA:  20%|█▉        | 898/4499 [01:47<26:50,  2.24it/s]
Fitting per-layer PCA:  20%|██        | 900/4499 [01:47<19:55,  3.01it/s]
Fitting per-layer PCA:  20%|██        | 902/4499 [01:47<15:05,  3.97it/s]
Fitting per-layer PCA:  20%|██        | 904/4499 [01:47<11:36,  5.16it/s]
Fitting per-layer PCA:  20%|██        | 906/4499 [01:47<09:14,  6.48it/s]
Fitting per-layer PCA:  20%|██        | 908/4499 [01:47<07:30,  7.97it/s]
Fitting per-layer PCA:  20%|██        | 910/4499 [01:47<06:25,  9.31it/s]
Fitting per-layer PCA:  20%|██        | 912/4499 [01:47<05:36, 10.66it/s]
Fitting per-layer PCA:  20%|██        | 914/4499 [01:48<05:02, 11.86it/s]
Fitting per-layer PCA:  20%|██        | 916/4499 [01:48<04:34, 13.07it/s]
Fitting per-layer PCA:  20%|██        | 918/4499 [01:48<04:18, 13.83it/s]
Fitting per-layer PCA:  20%|██        | 920/4499 [01:48<04:13, 14.12it/s]
Fitting per-layer PCA:  20%|██        | 922/4499 [01:48<04:01, 14.78it/s]
Fitting per-layer PCA:  21%|██        | 924/4499 [01:48<03:53, 15.32it/s]
Fitting per-layer PCA:  21%|██        | 926/4499 [01:48<03:47, 15.71it/s]
Fitting per-layer PCA:  21%|██        | 928/4499 [01:48<03:44, 15.92it/s]
Fitting per-layer PCA:  21%|██        | 930/4499 [01:48<03:37, 16.42it/s]
Fitting per-layer PCA:  21%|██        | 932/4499 [01:49<03:47, 15.70it/s]
Fitting per-layer PCA:  21%|██        | 934/4499 [01:49<03:45, 15.83it/s]
Fitting per-layer PCA:  21%|██        | 936/4499 [01:49<03:43, 15.94it/s]
Fitting per-layer PCA:  21%|██        | 938/4499 [01:49<03:38, 16.26it/s]
Fitting per-layer PCA:  21%|██        | 940/4499 [01:49<03:38, 16.27it/s]
Fitting per-layer PCA:  21%|██        | 942/4499 [01:49<03:44, 15.82it/s]
Fitting per-layer PCA:  21%|██        | 944/4499 [01:49<03:40, 16.11it/s]
Fitting per-layer PCA:  21%|██        | 946/4499 [01:50<03:39, 16.20it/s]
Fitting per-layer PCA:  21%|██        | 948/4499 [01:50<03:33, 16.63it/s]
Fitting per-layer PCA:  21%|██        | 950/4499 [01:50<03:40, 16.10it/s]
Fitting per-layer PCA:  21%|██        | 952/4499 [01:50<03:35, 16.49it/s]
Fitting per-layer PCA:  21%|██        | 954/4499 [01:50<03:36, 16.39it/s]
Fitting per-layer PCA:  21%|██        | 956/4499 [01:50<03:32, 16.66it/s]
Fitting per-layer PCA:  21%|██▏       | 958/4499 [01:50<03:33, 16.55it/s]
Fitting per-layer PCA:  21%|██▏       | 960/4499 [01:54<35:49,  1.65it/s]
Fitting per-layer PCA:  21%|██▏       | 962/4499 [01:54<26:10,  2.25it/s]
Fitting per-layer PCA:  21%|██▏       | 964/4499 [01:54<19:21,  3.04it/s]
Fitting per-layer PCA:  21%|██▏       | 966/4499 [01:54<14:38,  4.02it/s]
Fitting per-layer PCA:  22%|██▏       | 968/4499 [01:54<11:20,  5.19it/s]
Fitting per-layer PCA:  22%|██▏       | 970/4499 [01:55<09:41,  6.07it/s]
Fitting per-layer PCA:  22%|██▏       | 972/4499 [01:55<07:50,  7.49it/s]
Fitting per-layer PCA:  22%|██▏       | 974/4499 [01:55<06:32,  8.98it/s]
Fitting per-layer PCA:  22%|██▏       | 976/4499 [01:55<05:38, 10.42it/s]
Fitting per-layer PCA:  22%|██▏       | 978/4499 [01:55<04:57, 11.84it/s]
Fitting per-layer PCA:  22%|██▏       | 980/4499 [01:55<04:34, 12.84it/s]
Fitting per-layer PCA:  22%|██▏       | 982/4499 [01:55<04:13, 13.89it/s]
Fitting per-layer PCA:  22%|██▏       | 984/4499 [01:56<03:59, 14.66it/s]
Fitting per-layer PCA:  22%|██▏       | 986/4499 [01:56<03:52, 15.10it/s]
Fitting per-layer PCA:  22%|██▏       | 988/4499 [01:56<03:47, 15.44it/s]
Fitting per-layer PCA:  22%|██▏       | 990/4499 [01:56<03:45, 15.54it/s]
Fitting per-layer PCA:  22%|██▏       | 992/4499 [01:56<03:41, 15.80it/s]
Fitting per-layer PCA:  22%|██▏       | 994/4499 [01:56<03:38, 16.02it/s]
Fitting per-layer PCA:  22%|██▏       | 996/4499 [01:56<03:35, 16.22it/s]
Fitting per-layer PCA:  22%|██▏       | 998/4499 [01:56<03:33, 16.38it/s]
Fitting per-layer PCA:  22%|██▏       | 1000/4499 [01:56<03:31, 16.54it/s]
Fitting per-layer PCA:  22%|██▏       | 1002/4499 [01:57<03:30, 16.64it/s]
Fitting per-layer PCA:  22%|██▏       | 1004/4499 [01:57<03:37, 16.10it/s]
Fitting per-layer PCA:  22%|██▏       | 1006/4499 [01:57<03:34, 16.28it/s]
Fitting per-layer PCA:  22%|██▏       | 1008/4499 [01:57<03:32, 16.45it/s]
Fitting per-layer PCA:  22%|██▏       | 1010/4499 [01:57<03:36, 16.14it/s]
Fitting per-layer PCA:  22%|██▏       | 1012/4499 [01:57<03:51, 15.04it/s]
Fitting per-layer PCA:  23%|██▎       | 1014/4499 [01:57<03:44, 15.51it/s]
Fitting per-layer PCA:  23%|██▎       | 1016/4499 [01:58<03:47, 15.31it/s]
Fitting per-layer PCA:  23%|██▎       | 1018/4499 [01:58<03:42, 15.65it/s]
Fitting per-layer PCA:  23%|██▎       | 1020/4499 [01:58<03:36, 16.09it/s]
Fitting per-layer PCA:  23%|██▎       | 1022/4499 [01:58<03:37, 15.96it/s]
Fitting per-layer PCA:  23%|██▎       | 1024/4499 [02:02<35:47,  1.62it/s]
Fitting per-layer PCA:  23%|██▎       | 1026/4499 [02:02<26:06,  2.22it/s]
Fitting per-layer PCA:  23%|██▎       | 1028/4499 [02:02<19:18,  3.00it/s]
Fitting per-layer PCA:  23%|██▎       | 1030/4499 [02:02<14:34,  3.97it/s]
Fitting per-layer PCA:  23%|██▎       | 1032/4499 [02:02<11:25,  5.06it/s]
Fitting per-layer PCA:  23%|██▎       | 1034/4499 [02:02<09:02,  6.38it/s]
Fitting per-layer PCA:  23%|██▎       | 1036/4499 [02:02<07:22,  7.82it/s]
Fitting per-layer PCA:  23%|██▎       | 1038/4499 [02:03<06:11,  9.32it/s]
Fitting per-layer PCA:  23%|██▎       | 1040/4499 [02:03<05:19, 10.81it/s]
Fitting per-layer PCA:  23%|██▎       | 1042/4499 [02:03<04:51, 11.85it/s]
Fitting per-layer PCA:  23%|██▎       | 1044/4499 [02:03<04:24, 13.08it/s]
Fitting per-layer PCA:  23%|██▎       | 1046/4499 [02:03<04:08, 13.87it/s]
Fitting per-layer PCA:  23%|██▎       | 1048/4499 [02:03<03:55, 14.65it/s]
Fitting per-layer PCA:  23%|██▎       | 1050/4499 [02:03<03:46, 15.22it/s]
Fitting per-layer PCA:  23%|██▎       | 1052/4499 [02:03<03:42, 15.47it/s]
Fitting per-layer PCA:  23%|██▎       | 1054/4499 [02:04<03:37, 15.81it/s]
Fitting per-layer PCA:  23%|██▎       | 1056/4499 [02:04<03:36, 15.92it/s]
Fitting per-layer PCA:  24%|██▎       | 1058/4499 [02:04<03:32, 16.20it/s]
Fitting per-layer PCA:  24%|██▎       | 1060/4499 [02:04<03:28, 16.50it/s]
Fitting per-layer PCA:  24%|██▎       | 1062/4499 [02:04<03:29, 16.37it/s]
Fitting per-layer PCA:  24%|██▎       | 1064/4499 [02:04<03:30, 16.33it/s]
Fitting per-layer PCA:  24%|██▎       | 1066/4499 [02:04<03:26, 16.59it/s]
Fitting per-layer PCA:  24%|██▎       | 1068/4499 [02:04<03:31, 16.23it/s]
Fitting per-layer PCA:  24%|██▍       | 1070/4499 [02:05<03:34, 16.00it/s]
Fitting per-layer PCA:  24%|██▍       | 1072/4499 [02:05<03:32, 16.10it/s]
Fitting per-layer PCA:  24%|██▍       | 1074/4499 [02:05<03:27, 16.49it/s]
Fitting per-layer PCA:  24%|██▍       | 1076/4499 [02:05<03:25, 16.69it/s]
Fitting per-layer PCA:  24%|██▍       | 1078/4499 [02:05<03:29, 16.37it/s]
Fitting per-layer PCA:  24%|██▍       | 1080/4499 [02:05<03:23, 16.78it/s]
Fitting per-layer PCA:  24%|██▍       | 1082/4499 [02:05<03:34, 15.93it/s]
Fitting per-layer PCA:  24%|██▍       | 1084/4499 [02:05<03:32, 16.11it/s]
Fitting per-layer PCA:  24%|██▍       | 1086/4499 [02:06<03:29, 16.32it/s]
Fitting per-layer PCA:  24%|██▍       | 1088/4499 [02:09<34:46,  1.63it/s]
Fitting per-layer PCA:  24%|██▍       | 1090/4499 [02:09<25:27,  2.23it/s]
Fitting per-layer PCA:  24%|██▍       | 1092/4499 [02:10<18:52,  3.01it/s]
Fitting per-layer PCA:  24%|██▍       | 1094/4499 [02:10<14:15,  3.98it/s]
Fitting per-layer PCA:  24%|██▍       | 1096/4499 [02:10<11:00,  5.15it/s]
Fitting per-layer PCA:  24%|██▍       | 1098/4499 [02:10<08:43,  6.49it/s]
Fitting per-layer PCA:  24%|██▍       | 1100/4499 [02:10<07:06,  7.97it/s]
Fitting per-layer PCA:  24%|██▍       | 1102/4499 [02:10<05:57,  9.51it/s]
Fitting per-layer PCA:  25%|██▍       | 1104/4499 [02:10<05:13, 10.83it/s]
Fitting per-layer PCA:  25%|██▍       | 1106/4499 [02:10<04:45, 11.89it/s]
Fitting per-layer PCA:  25%|██▍       | 1108/4499 [02:11<04:20, 13.00it/s]
Fitting per-layer PCA:  25%|██▍       | 1110/4499 [02:11<04:00, 14.10it/s]
Fitting per-layer PCA:  25%|██▍       | 1112/4499 [02:11<03:53, 14.49it/s]
Fitting per-layer PCA:  25%|██▍       | 1114/4499 [02:11<03:45, 14.98it/s]
Fitting per-layer PCA:  25%|██▍       | 1116/4499 [02:11<03:40, 15.32it/s]
Fitting per-layer PCA:  25%|██▍       | 1118/4499 [02:11<03:36, 15.59it/s]
Fitting per-layer PCA:  25%|██▍       | 1120/4499 [02:11<03:32, 15.92it/s]
Fitting per-layer PCA:  25%|██▍       | 1122/4499 [02:11<03:29, 16.10it/s]
Fitting per-layer PCA:  25%|██▍       | 1124/4499 [02:12<03:33, 15.78it/s]
Fitting per-layer PCA:  25%|██▌       | 1126/4499 [02:12<03:31, 15.94it/s]
Fitting per-layer PCA:  25%|██▌       | 1128/4499 [02:12<03:28, 16.14it/s]
Fitting per-layer PCA:  25%|██▌       | 1130/4499 [02:12<03:31, 15.93it/s]
Fitting per-layer PCA:  25%|██▌       | 1132/4499 [02:12<03:33, 15.80it/s]
Fitting per-layer PCA:  25%|██▌       | 1134/4499 [02:12<03:27, 16.21it/s]
Fitting per-layer PCA:  25%|██▌       | 1136/4499 [02:12<03:27, 16.20it/s]
Fitting per-layer PCA:  25%|██▌       | 1138/4499 [02:12<03:26, 16.30it/s]
Fitting per-layer PCA:  25%|██▌       | 1140/4499 [02:13<03:29, 16.04it/s]
Fitting per-layer PCA:  25%|██▌       | 1142/4499 [02:13<03:26, 16.25it/s]
Fitting per-layer PCA:  25%|██▌       | 1144/4499 [02:13<03:30, 15.96it/s]
Fitting per-layer PCA:  25%|██▌       | 1146/4499 [02:13<03:28, 16.06it/s]
Fitting per-layer PCA:  26%|██▌       | 1148/4499 [02:13<03:32, 15.78it/s]
Fitting per-layer PCA:  26%|██▌       | 1150/4499 [02:13<03:33, 15.69it/s]
Fitting per-layer PCA:  26%|██▌       | 1152/4499 [02:17<35:14,  1.58it/s]
Fitting per-layer PCA:  26%|██▌       | 1154/4499 [02:17<25:41,  2.17it/s]
Fitting per-layer PCA:  26%|██▌       | 1156/4499 [02:17<19:00,  2.93it/s]
Fitting per-layer PCA:  26%|██▌       | 1158/4499 [02:17<14:20,  3.88it/s]
Fitting per-layer PCA:  26%|██▌       | 1160/4499 [02:18<11:08,  4.99it/s]
Fitting per-layer PCA:  26%|██▌       | 1162/4499 [02:18<09:05,  6.12it/s]
Fitting per-layer PCA:  26%|██▌       | 1164/4499 [02:18<07:33,  7.35it/s]
Fitting per-layer PCA:  26%|██▌       | 1166/4499 [02:18<06:23,  8.70it/s]
Fitting per-layer PCA:  26%|██▌       | 1168/4499 [02:18<05:33, 10.00it/s]
Fitting per-layer PCA:  26%|██▌       | 1170/4499 [02:18<04:54, 11.30it/s]
Fitting per-layer PCA:  26%|██▌       | 1172/4499 [02:18<04:39, 11.91it/s]
Fitting per-layer PCA:  26%|██▌       | 1174/4499 [02:19<04:25, 12.51it/s]
Fitting per-layer PCA:  26%|██▌       | 1176/4499 [02:19<04:13, 13.12it/s]
Fitting per-layer PCA:  26%|██▌       | 1178/4499 [02:19<04:04, 13.58it/s]
Fitting per-layer PCA:  26%|██▌       | 1180/4499 [02:19<04:00, 13.80it/s]
Fitting per-layer PCA:  26%|██▋       | 1182/4499 [02:19<03:55, 14.10it/s]
Fitting per-layer PCA:  26%|██▋       | 1184/4499 [02:19<03:50, 14.36it/s]
Fitting per-layer PCA:  26%|██▋       | 1186/4499 [02:19<03:40, 15.02it/s]
Fitting per-layer PCA:  26%|██▋       | 1188/4499 [02:19<03:38, 15.13it/s]
Fitting per-layer PCA:  26%|██▋       | 1190/4499 [02:20<03:34, 15.46it/s]
Fitting per-layer PCA:  26%|██▋       | 1192/4499 [02:20<03:26, 15.98it/s]
Fitting per-layer PCA:  27%|██▋       | 1194/4499 [02:20<03:24, 16.20it/s]
Fitting per-layer PCA:  27%|██▋       | 1196/4499 [02:20<03:24, 16.14it/s]
Fitting per-layer PCA:  27%|██▋       | 1198/4499 [02:20<03:21, 16.42it/s]
Fitting per-layer PCA:  27%|██▋       | 1200/4499 [02:20<03:19, 16.51it/s]
Fitting per-layer PCA:  27%|██▋       | 1202/4499 [02:20<03:20, 16.48it/s]
Fitting per-layer PCA:  27%|██▋       | 1204/4499 [02:20<03:19, 16.56it/s]
Fitting per-layer PCA:  27%|██▋       | 1206/4499 [02:21<03:20, 16.44it/s]
Fitting per-layer PCA:  27%|██▋       | 1208/4499 [02:21<03:17, 16.64it/s]
Fitting per-layer PCA:  27%|██▋       | 1210/4499 [02:21<03:17, 16.66it/s]
Fitting per-layer PCA:  27%|██▋       | 1212/4499 [02:21<03:16, 16.69it/s]
Fitting per-layer PCA:  27%|██▋       | 1214/4499 [02:21<03:18, 16.51it/s]
Fitting per-layer PCA:  27%|██▋       | 1216/4499 [02:25<33:16,  1.64it/s]
Fitting per-layer PCA:  27%|██▋       | 1218/4499 [02:25<24:15,  2.25it/s]
Fitting per-layer PCA:  27%|██▋       | 1220/4499 [02:25<17:55,  3.05it/s]
Fitting per-layer PCA:  27%|██▋       | 1222/4499 [02:25<13:34,  4.02it/s]
Fitting per-layer PCA:  27%|██▋       | 1224/4499 [02:25<10:34,  5.16it/s]
Fitting per-layer PCA:  27%|██▋       | 1226/4499 [02:25<08:26,  6.46it/s]
Fitting per-layer PCA:  27%|██▋       | 1228/4499 [02:26<06:52,  7.93it/s]
Fitting per-layer PCA:  27%|██▋       | 1230/4499 [02:26<05:48,  9.37it/s]
Fitting per-layer PCA:  27%|██▋       | 1232/4499 [02:26<05:02, 10.79it/s]
Fitting per-layer PCA:  27%|██▋       | 1234/4499 [02:26<04:30, 12.07it/s]
Fitting per-layer PCA:  27%|██▋       | 1236/4499 [02:26<04:07, 13.19it/s]
Fitting per-layer PCA:  28%|██▊       | 1238/4499 [02:26<03:52, 14.03it/s]
Fitting per-layer PCA:  28%|██▊       | 1240/4499 [02:26<03:41, 14.71it/s]
Fitting per-layer PCA:  28%|██▊       | 1242/4499 [02:26<03:33, 15.27it/s]
Fitting per-layer PCA:  28%|██▊       | 1244/4499 [02:27<03:30, 15.46it/s]
Fitting per-layer PCA:  28%|██▊       | 1246/4499 [02:27<03:26, 15.78it/s]
Fitting per-layer PCA:  28%|██▊       | 1248/4499 [02:27<03:26, 15.71it/s]
Fitting per-layer PCA:  28%|██▊       | 1250/4499 [02:27<03:20, 16.21it/s]
Fitting per-layer PCA:  28%|██▊       | 1252/4499 [02:27<03:21, 16.13it/s]
Fitting per-layer PCA:  28%|██▊       | 1254/4499 [02:27<03:19, 16.29it/s]
Fitting per-layer PCA:  28%|██▊       | 1256/4499 [02:27<03:20, 16.16it/s]
Fitting per-layer PCA:  28%|██▊       | 1258/4499 [02:27<03:19, 16.21it/s]
Fitting per-layer PCA:  28%|██▊       | 1260/4499 [02:27<03:20, 16.12it/s]
Fitting per-layer PCA:  28%|██▊       | 1262/4499 [02:28<03:20, 16.18it/s]
Fitting per-layer PCA:  28%|██▊       | 1264/4499 [02:28<03:20, 16.13it/s]
Fitting per-layer PCA:  28%|██▊       | 1266/4499 [02:28<03:25, 15.76it/s]
Fitting per-layer PCA:  28%|██▊       | 1268/4499 [02:28<03:19, 16.17it/s]
Fitting per-layer PCA:  28%|██▊       | 1270/4499 [02:28<03:19, 16.18it/s]
Fitting per-layer PCA:  28%|██▊       | 1272/4499 [02:28<03:18, 16.25it/s]
Fitting per-layer PCA:  28%|██▊       | 1274/4499 [02:28<03:16, 16.41it/s]
Fitting per-layer PCA:  28%|██▊       | 1276/4499 [02:28<03:21, 15.99it/s]
Fitting per-layer PCA:  28%|██▊       | 1278/4499 [02:29<03:21, 16.01it/s]
Fitting per-layer PCA:  28%|██▊       | 1280/4499 [02:32<33:01,  1.62it/s]
Fitting per-layer PCA:  28%|██▊       | 1282/4499 [02:33<24:09,  2.22it/s]
Fitting per-layer PCA:  29%|██▊       | 1284/4499 [02:33<17:52,  3.00it/s]
Fitting per-layer PCA:  29%|██▊       | 1286/4499 [02:33<13:26,  3.98it/s]
Fitting per-layer PCA:  29%|██▊       | 1288/4499 [02:33<10:27,  5.12it/s]
Fitting per-layer PCA:  29%|██▊       | 1290/4499 [02:33<08:16,  6.46it/s]
Fitting per-layer PCA:  29%|██▊       | 1292/4499 [02:33<06:45,  7.91it/s]
Fitting per-layer PCA:  29%|██▉       | 1294/4499 [02:33<05:39,  9.44it/s]
Fitting per-layer PCA:  29%|██▉       | 1296/4499 [02:33<04:57, 10.77it/s]
Fitting per-layer PCA:  29%|██▉       | 1298/4499 [02:34<04:24, 12.09it/s]
Fitting per-layer PCA:  29%|██▉       | 1300/4499 [02:34<04:04, 13.09it/s]
Fitting per-layer PCA:  29%|██▉       | 1302/4499 [02:34<03:45, 14.16it/s]
Fitting per-layer PCA:  29%|██▉       | 1304/4499 [02:34<03:37, 14.71it/s]
Fitting per-layer PCA:  29%|██▉       | 1306/4499 [02:34<03:27, 15.42it/s]
Fitting per-layer PCA:  29%|██▉       | 1308/4499 [02:34<03:24, 15.61it/s]
Fitting per-layer PCA:  29%|██▉       | 1310/4499 [02:34<03:20, 15.90it/s]
Fitting per-layer PCA:  29%|██▉       | 1312/4499 [02:34<03:21, 15.83it/s]
Fitting per-layer PCA:  29%|██▉       | 1314/4499 [02:34<03:18, 16.03it/s]
Fitting per-layer PCA:  29%|██▉       | 1316/4499 [02:35<03:14, 16.37it/s]
Fitting per-layer PCA:  29%|██▉       | 1318/4499 [02:35<03:14, 16.32it/s]
Fitting per-layer PCA:  29%|██▉       | 1320/4499 [02:35<03:12, 16.51it/s]
Fitting per-layer PCA:  29%|██▉       | 1322/4499 [02:35<03:11, 16.59it/s]
Fitting per-layer PCA:  29%|██▉       | 1324/4499 [02:35<03:10, 16.65it/s]
Fitting per-layer PCA:  29%|██▉       | 1326/4499 [02:35<03:09, 16.77it/s]
Fitting per-layer PCA:  30%|██▉       | 1328/4499 [02:35<03:11, 16.58it/s]
Fitting per-layer PCA:  30%|██▉       | 1330/4499 [02:35<03:10, 16.63it/s]
Fitting per-layer PCA:  30%|██▉       | 1332/4499 [02:36<03:10, 16.64it/s]
Fitting per-layer PCA:  30%|██▉       | 1334/4499 [02:36<03:10, 16.65it/s]
Fitting per-layer PCA:  30%|██▉       | 1336/4499 [02:36<03:09, 16.72it/s]
Fitting per-layer PCA:  30%|██▉       | 1338/4499 [02:36<03:10, 16.58it/s]
Fitting per-layer PCA:  30%|██▉       | 1340/4499 [02:36<03:17, 16.02it/s]
Fitting per-layer PCA:  30%|██▉       | 1342/4499 [02:36<03:18, 15.89it/s]
Fitting per-layer PCA:  30%|██▉       | 1344/4499 [02:40<32:03,  1.64it/s]
Fitting per-layer PCA:  30%|██▉       | 1346/4499 [02:40<23:27,  2.24it/s]
Fitting per-layer PCA:  30%|██▉       | 1348/4499 [02:40<17:21,  3.02it/s]
Fitting per-layer PCA:  30%|███       | 1350/4499 [02:40<13:11,  3.98it/s]
Fitting per-layer PCA:  30%|███       | 1352/4499 [02:40<10:20,  5.07it/s]
Fitting per-layer PCA:  30%|███       | 1354/4499 [02:41<08:10,  6.41it/s]
Fitting per-layer PCA:  30%|███       | 1356/4499 [02:41<06:39,  7.86it/s]
Fitting per-layer PCA:  30%|███       | 1358/4499 [02:41<05:39,  9.26it/s]
Fitting per-layer PCA:  30%|███       | 1360/4499 [02:41<04:57, 10.57it/s]
Fitting per-layer PCA:  30%|███       | 1362/4499 [02:41<04:29, 11.63it/s]
Fitting per-layer PCA:  30%|███       | 1364/4499 [02:41<04:04, 12.83it/s]
Fitting per-layer PCA:  30%|███       | 1366/4499 [02:41<03:48, 13.70it/s]
Fitting per-layer PCA:  30%|███       | 1368/4499 [02:41<03:38, 14.33it/s]
Fitting per-layer PCA:  30%|███       | 1370/4499 [02:42<03:31, 14.81it/s]
Fitting per-layer PCA:  30%|███       | 1372/4499 [02:42<03:25, 15.24it/s]
Fitting per-layer PCA:  31%|███       | 1374/4499 [02:42<03:19, 15.70it/s]
Fitting per-layer PCA:  31%|███       | 1376/4499 [02:42<03:16, 15.85it/s]
Fitting per-layer PCA:  31%|███       | 1378/4499 [02:42<03:13, 16.12it/s]
Fitting per-layer PCA:  31%|███       | 1380/4499 [02:42<03:11, 16.31it/s]
Fitting per-layer PCA:  31%|███       | 1382/4499 [02:42<03:11, 16.26it/s]
Fitting per-layer PCA:  31%|███       | 1384/4499 [02:42<03:15, 15.94it/s]
Fitting per-layer PCA:  31%|███       | 1386/4499 [02:43<03:11, 16.23it/s]
Fitting per-layer PCA:  31%|███       | 1388/4499 [02:43<03:11, 16.23it/s]
Fitting per-layer PCA:  31%|███       | 1390/4499 [02:43<03:11, 16.21it/s]
Fitting per-layer PCA:  31%|███       | 1392/4499 [02:43<03:11, 16.26it/s]
Fitting per-layer PCA:  31%|███       | 1394/4499 [02:43<03:09, 16.38it/s]
Fitting per-layer PCA:  31%|███       | 1396/4499 [02:43<03:08, 16.50it/s]
Fitting per-layer PCA:  31%|███       | 1398/4499 [02:43<03:07, 16.56it/s]
Fitting per-layer PCA:  31%|███       | 1400/4499 [02:43<03:06, 16.62it/s]
Fitting per-layer PCA:  31%|███       | 1402/4499 [02:44<03:06, 16.64it/s]
Fitting per-layer PCA:  31%|███       | 1404/4499 [02:44<03:06, 16.60it/s]
Fitting per-layer PCA:  31%|███▏      | 1406/4499 [02:44<03:09, 16.31it/s]
Fitting per-layer PCA:  31%|███▏      | 1408/4499 [02:48<31:26,  1.64it/s]
Fitting per-layer PCA:  31%|███▏      | 1410/4499 [02:48<22:58,  2.24it/s]
Fitting per-layer PCA:  31%|███▏      | 1412/4499 [02:48<17:02,  3.02it/s]
Fitting per-layer PCA:  31%|███▏      | 1414/4499 [02:48<12:51,  4.00it/s]
Fitting per-layer PCA:  31%|███▏      | 1416/4499 [02:48<09:55,  5.18it/s]
Fitting per-layer PCA:  32%|███▏      | 1418/4499 [02:48<07:47,  6.59it/s]
Fitting per-layer PCA:  32%|███▏      | 1420/4499 [02:48<06:26,  7.98it/s]
Fitting per-layer PCA:  32%|███▏      | 1422/4499 [02:48<05:24,  9.47it/s]
Fitting per-layer PCA:  32%|███▏      | 1424/4499 [02:49<04:40, 10.96it/s]
Fitting per-layer PCA:  32%|███▏      | 1426/4499 [02:49<04:18, 11.88it/s]
Fitting per-layer PCA:  32%|███▏      | 1428/4499 [02:49<03:56, 12.97it/s]
Fitting per-layer PCA:  32%|███▏      | 1430/4499 [02:49<03:39, 14.00it/s]
Fitting per-layer PCA:  32%|███▏      | 1432/4499 [02:49<03:29, 14.62it/s]
Fitting per-layer PCA:  32%|███▏      | 1434/4499 [02:49<03:26, 14.86it/s]
Fitting per-layer PCA:  32%|███▏      | 1436/4499 [02:49<03:17, 15.48it/s]
Fitting per-layer PCA:  32%|███▏      | 1438/4499 [02:49<03:15, 15.70it/s]
Fitting per-layer PCA:  32%|███▏      | 1440/4499 [02:50<03:12, 15.89it/s]
Fitting per-layer PCA:  32%|███▏      | 1442/4499 [02:50<03:09, 16.10it/s]
Fitting per-layer PCA:  32%|███▏      | 1444/4499 [02:50<03:07, 16.28it/s]
Fitting per-layer PCA:  32%|███▏      | 1446/4499 [02:50<03:05, 16.44it/s]
Fitting per-layer PCA:  32%|███▏      | 1448/4499 [02:50<03:04, 16.58it/s]
Fitting per-layer PCA:  32%|███▏      | 1450/4499 [02:50<03:08, 16.15it/s]
Fitting per-layer PCA:  32%|███▏      | 1452/4499 [02:50<03:06, 16.30it/s]
Fitting per-layer PCA:  32%|███▏      | 1454/4499 [02:50<03:08, 16.11it/s]
Fitting per-layer PCA:  32%|███▏      | 1456/4499 [02:51<03:11, 15.91it/s]
Fitting per-layer PCA:  32%|███▏      | 1458/4499 [02:51<03:08, 16.16it/s]
Fitting per-layer PCA:  32%|███▏      | 1460/4499 [02:51<03:07, 16.22it/s]
Fitting per-layer PCA:  32%|███▏      | 1462/4499 [02:51<03:03, 16.54it/s]
Fitting per-layer PCA:  33%|███▎      | 1464/4499 [02:51<03:03, 16.55it/s]
Fitting per-layer PCA:  33%|███▎      | 1466/4499 [02:51<03:01, 16.71it/s]
Fitting per-layer PCA:  33%|███▎      | 1468/4499 [02:51<03:02, 16.57it/s]
Fitting per-layer PCA:  33%|███▎      | 1470/4499 [02:51<03:03, 16.48it/s]
Fitting per-layer PCA:  33%|███▎      | 1472/4499 [02:55<30:41,  1.64it/s]
Fitting per-layer PCA:  33%|███▎      | 1474/4499 [02:55<22:23,  2.25it/s]
Fitting per-layer PCA:  33%|███▎      | 1476/4499 [02:55<16:35,  3.04it/s]
Fitting per-layer PCA:  33%|███▎      | 1478/4499 [02:55<12:29,  4.03it/s]
Fitting per-layer PCA:  33%|███▎      | 1480/4499 [02:56<09:40,  5.20it/s]
Fitting per-layer PCA:  33%|███▎      | 1482/4499 [02:56<07:43,  6.50it/s]
Fitting per-layer PCA:  33%|███▎      | 1484/4499 [02:56<06:18,  7.97it/s]
Fitting per-layer PCA:  33%|███▎      | 1486/4499 [02:56<05:18,  9.45it/s]
Fitting per-layer PCA:  33%|███▎      | 1488/4499 [02:56<04:40, 10.74it/s]
Fitting per-layer PCA:  33%|███▎      | 1490/4499 [02:56<04:10, 12.01it/s]
Fitting per-layer PCA:  33%|███▎      | 1492/4499 [02:56<03:48, 13.18it/s]
Fitting per-layer PCA:  33%|███▎      | 1494/4499 [02:56<03:38, 13.73it/s]
Fitting per-layer PCA:  33%|███▎      | 1496/4499 [02:57<03:34, 13.97it/s]
Fitting per-layer PCA:  33%|███▎      | 1498/4499 [02:57<03:28, 14.38it/s]
Fitting per-layer PCA:  33%|███▎      | 1500/4499 [02:57<03:23, 14.71it/s]
Fitting per-layer PCA:  33%|███▎      | 1502/4499 [02:57<03:17, 15.14it/s]
Fitting per-layer PCA:  33%|███▎      | 1504/4499 [02:57<03:22, 14.82it/s]
Fitting per-layer PCA:  33%|███▎      | 1506/4499 [02:57<03:14, 15.37it/s]
Fitting per-layer PCA:  34%|███▎      | 1508/4499 [02:57<03:11, 15.64it/s]
Fitting per-layer PCA:  34%|███▎      | 1510/4499 [02:58<03:13, 15.48it/s]
Fitting per-layer PCA:  34%|███▎      | 1512/4499 [02:58<03:08, 15.82it/s]
Fitting per-layer PCA:  34%|███▎      | 1514/4499 [02:58<03:06, 16.04it/s]
Fitting per-layer PCA:  34%|███▎      | 1516/4499 [02:58<03:05, 16.06it/s]
Fitting per-layer PCA:  34%|███▎      | 1518/4499 [02:58<03:00, 16.47it/s]
Fitting per-layer PCA:  34%|███▍      | 1520/4499 [02:58<03:01, 16.41it/s]
Fitting per-layer PCA:  34%|███▍      | 1522/4499 [02:58<02:59, 16.60it/s]
Fitting per-layer PCA:  34%|███▍      | 1524/4499 [02:58<03:04, 16.17it/s]
Fitting per-layer PCA:  34%|███▍      | 1526/4499 [02:58<03:06, 15.91it/s]
Fitting per-layer PCA:  34%|███▍      | 1528/4499 [02:59<03:08, 15.74it/s]
Fitting per-layer PCA:  34%|███▍      | 1530/4499 [02:59<03:04, 16.11it/s]
Fitting per-layer PCA:  34%|███▍      | 1532/4499 [02:59<03:02, 16.24it/s]
Fitting per-layer PCA:  34%|███▍      | 1534/4499 [02:59<03:03, 16.14it/s]
Fitting per-layer PCA:  34%|███▍      | 1536/4499 [03:03<30:18,  1.63it/s]
Fitting per-layer PCA:  34%|███▍      | 1538/4499 [03:03<22:03,  2.24it/s]
Fitting per-layer PCA:  34%|███▍      | 1540/4499 [03:03<16:17,  3.03it/s]
Fitting per-layer PCA:  34%|███▍      | 1542/4499 [03:03<12:18,  4.00it/s]
Fitting per-layer PCA:  34%|███▍      | 1544/4499 [03:03<09:28,  5.20it/s]
Fitting per-layer PCA:  34%|███▍      | 1546/4499 [03:03<07:31,  6.54it/s]
Fitting per-layer PCA:  34%|███▍      | 1548/4499 [03:04<06:08,  8.00it/s]
Fitting per-layer PCA:  34%|███▍      | 1550/4499 [03:04<05:11,  9.46it/s]
Fitting per-layer PCA:  34%|███▍      | 1552/4499 [03:04<04:30, 10.90it/s]
Fitting per-layer PCA:  35%|███▍      | 1554/4499 [03:04<04:03, 12.12it/s]
Fitting per-layer PCA:  35%|███▍      | 1556/4499 [03:04<03:41, 13.31it/s]
Fitting per-layer PCA:  35%|███▍      | 1558/4499 [03:04<03:26, 14.23it/s]
Fitting per-layer PCA:  35%|███▍      | 1560/4499 [03:04<03:18, 14.80it/s]
Fitting per-layer PCA:  35%|███▍      | 1562/4499 [03:04<03:09, 15.47it/s]
Fitting per-layer PCA:  35%|███▍      | 1564/4499 [03:04<03:07, 15.62it/s]
Fitting per-layer PCA:  35%|███▍      | 1566/4499 [03:05<03:04, 15.88it/s]
Fitting per-layer PCA:  35%|███▍      | 1568/4499 [03:05<03:08, 15.51it/s]
Fitting per-layer PCA:  35%|███▍      | 1570/4499 [03:05<03:05, 15.80it/s]
Fitting per-layer PCA:  35%|███▍      | 1572/4499 [03:05<03:00, 16.21it/s]
Fitting per-layer PCA:  35%|███▍      | 1574/4499 [03:05<02:59, 16.29it/s]
Fitting per-layer PCA:  35%|███▌      | 1576/4499 [03:05<02:59, 16.28it/s]
Fitting per-layer PCA:  35%|███▌      | 1578/4499 [03:05<03:00, 16.20it/s]
Fitting per-layer PCA:  35%|███▌      | 1580/4499 [03:05<03:01, 16.11it/s]
Fitting per-layer PCA:  35%|███▌      | 1582/4499 [03:06<03:00, 16.20it/s]
Fitting per-layer PCA:  35%|███▌      | 1584/4499 [03:06<02:59, 16.27it/s]
Fitting per-layer PCA:  35%|███▌      | 1586/4499 [03:06<02:55, 16.58it/s]
Fitting per-layer PCA:  35%|███▌      | 1588/4499 [03:06<02:54, 16.68it/s]
Fitting per-layer PCA:  35%|███▌      | 1590/4499 [03:06<02:54, 16.63it/s]
Fitting per-layer PCA:  35%|███▌      | 1592/4499 [03:06<02:57, 16.41it/s]
Fitting per-layer PCA:  35%|███▌      | 1594/4499 [03:06<02:56, 16.48it/s]
Fitting per-layer PCA:  35%|███▌      | 1596/4499 [03:06<02:56, 16.43it/s]
Fitting per-layer PCA:  36%|███▌      | 1598/4499 [03:07<02:57, 16.35it/s]
Fitting per-layer PCA:  36%|███▌      | 1600/4499 [03:10<29:35,  1.63it/s]
Fitting per-layer PCA:  36%|███▌      | 1602/4499 [03:10<21:38,  2.23it/s]
Fitting per-layer PCA:  36%|███▌      | 1604/4499 [03:11<16:03,  3.00it/s]
Fitting per-layer PCA:  36%|███▌      | 1606/4499 [03:11<12:09,  3.96it/s]
Fitting per-layer PCA:  36%|███▌      | 1608/4499 [03:11<09:23,  5.13it/s]
Fitting per-layer PCA:  36%|███▌      | 1610/4499 [03:11<07:27,  6.46it/s]
Fitting per-layer PCA:  36%|███▌      | 1612/4499 [03:11<06:06,  7.88it/s]
Fitting per-layer PCA:  36%|███▌      | 1614/4499 [03:11<05:08,  9.35it/s]
Fitting per-layer PCA:  36%|███▌      | 1616/4499 [03:11<04:28, 10.74it/s]
Fitting per-layer PCA:  36%|███▌      | 1618/4499 [03:11<04:00, 11.99it/s]
Fitting per-layer PCA:  36%|███▌      | 1620/4499 [03:12<03:41, 13.01it/s]
Fitting per-layer PCA:  36%|███▌      | 1622/4499 [03:12<03:26, 13.95it/s]
Fitting per-layer PCA:  36%|███▌      | 1624/4499 [03:12<03:19, 14.41it/s]
Fitting per-layer PCA:  36%|███▌      | 1626/4499 [03:12<03:11, 14.97it/s]
Fitting per-layer PCA:  36%|███▌      | 1628/4499 [03:12<03:05, 15.44it/s]
Fitting per-layer PCA:  36%|███▌      | 1630/4499 [03:12<03:02, 15.73it/s]
Fitting per-layer PCA:  36%|███▋      | 1632/4499 [03:12<02:59, 15.97it/s]
Fitting per-layer PCA:  36%|███▋      | 1634/4499 [03:12<02:58, 16.04it/s]
Fitting per-layer PCA:  36%|███▋      | 1636/4499 [03:13<03:00, 15.89it/s]
Fitting per-layer PCA:  36%|███▋      | 1638/4499 [03:13<02:59, 15.98it/s]
Fitting per-layer PCA:  36%|███▋      | 1640/4499 [03:13<02:59, 15.95it/s]
Fitting per-layer PCA:  36%|███▋      | 1642/4499 [03:13<03:04, 15.44it/s]
Fitting per-layer PCA:  37%|███▋      | 1644/4499 [03:13<02:59, 15.90it/s]
Fitting per-layer PCA:  37%|███▋      | 1646/4499 [03:13<03:01, 15.70it/s]
Fitting per-layer PCA:  37%|███▋      | 1648/4499 [03:13<02:58, 15.96it/s]
Fitting per-layer PCA:  37%|███▋      | 1650/4499 [03:13<02:54, 16.28it/s]
Fitting per-layer PCA:  37%|███▋      | 1652/4499 [03:14<02:54, 16.27it/s]
Fitting per-layer PCA:  37%|███▋      | 1654/4499 [03:14<02:54, 16.27it/s]
Fitting per-layer PCA:  37%|███▋      | 1656/4499 [03:14<02:53, 16.41it/s]
Fitting per-layer PCA:  37%|███▋      | 1658/4499 [03:14<02:56, 16.12it/s]
Fitting per-layer PCA:  37%|███▋      | 1660/4499 [03:14<02:52, 16.47it/s]
Fitting per-layer PCA:  37%|███▋      | 1662/4499 [03:14<02:49, 16.74it/s]
Fitting per-layer PCA:  37%|███▋      | 1664/4499 [03:18<29:11,  1.62it/s]
Fitting per-layer PCA:  37%|███▋      | 1666/4499 [03:18<21:18,  2.22it/s]
Fitting per-layer PCA:  37%|███▋      | 1668/4499 [03:18<15:45,  2.99it/s]
Fitting per-layer PCA:  37%|███▋      | 1670/4499 [03:18<11:50,  3.98it/s]
Fitting per-layer PCA:  37%|███▋      | 1672/4499 [03:18<09:13,  5.11it/s]
Fitting per-layer PCA:  37%|███▋      | 1674/4499 [03:19<07:16,  6.47it/s]
Fitting per-layer PCA:  37%|███▋      | 1676/4499 [03:19<05:58,  7.88it/s]
Fitting per-layer PCA:  37%|███▋      | 1678/4499 [03:19<05:03,  9.31it/s]
Fitting per-layer PCA:  37%|███▋      | 1680/4499 [03:19<04:24, 10.67it/s]
Fitting per-layer PCA:  37%|███▋      | 1682/4499 [03:19<03:55, 11.95it/s]
Fitting per-layer PCA:  37%|███▋      | 1684/4499 [03:19<03:35, 13.08it/s]
Fitting per-layer PCA:  37%|███▋      | 1686/4499 [03:19<03:22, 13.91it/s]
Fitting per-layer PCA:  38%|███▊      | 1688/4499 [03:19<03:09, 14.80it/s]
Fitting per-layer PCA:  38%|███▊      | 1690/4499 [03:20<03:05, 15.13it/s]
Fitting per-layer PCA:  38%|███▊      | 1692/4499 [03:20<03:00, 15.57it/s]
Fitting per-layer PCA:  38%|███▊      | 1694/4499 [03:20<02:56, 15.92it/s]
Fitting per-layer PCA:  38%|███▊      | 1696/4499 [03:20<02:54, 16.09it/s]
Fitting per-layer PCA:  38%|███▊      | 1698/4499 [03:20<02:51, 16.35it/s]
Fitting per-layer PCA:  38%|███▊      | 1700/4499 [03:20<02:48, 16.64it/s]
Fitting per-layer PCA:  38%|███▊      | 1702/4499 [03:20<02:46, 16.79it/s]
Fitting per-layer PCA:  38%|███▊      | 1704/4499 [03:20<02:51, 16.31it/s]
Fitting per-layer PCA:  38%|███▊      | 1706/4499 [03:21<02:52, 16.20it/s]
Fitting per-layer PCA:  38%|███▊      | 1708/4499 [03:21<02:48, 16.60it/s]
Fitting per-layer PCA:  38%|███▊      | 1710/4499 [03:21<02:53, 16.09it/s]
Fitting per-layer PCA:  38%|███▊      | 1712/4499 [03:21<02:51, 16.25it/s]
Fitting per-layer PCA:  38%|███▊      | 1714/4499 [03:21<02:53, 16.08it/s]
Fitting per-layer PCA:  38%|███▊      | 1716/4499 [03:21<02:50, 16.36it/s]
Fitting per-layer PCA:  38%|███▊      | 1718/4499 [03:21<02:49, 16.40it/s]
Fitting per-layer PCA:  38%|███▊      | 1720/4499 [03:21<02:46, 16.66it/s]
Fitting per-layer PCA:  38%|███▊      | 1722/4499 [03:22<02:46, 16.67it/s]
Fitting per-layer PCA:  38%|███▊      | 1724/4499 [03:22<02:47, 16.54it/s]
Fitting per-layer PCA:  38%|███▊      | 1726/4499 [03:22<02:45, 16.74it/s]
Fitting per-layer PCA:  38%|███▊      | 1728/4499 [03:26<28:06,  1.64it/s]
Fitting per-layer PCA:  38%|███▊      | 1730/4499 [03:26<20:32,  2.25it/s]
Fitting per-layer PCA:  38%|███▊      | 1732/4499 [03:26<15:12,  3.03it/s]
Fitting per-layer PCA:  39%|███▊      | 1734/4499 [03:26<11:28,  4.01it/s]
Fitting per-layer PCA:  39%|███▊      | 1736/4499 [03:26<08:50,  5.21it/s]
Fitting per-layer PCA:  39%|███▊      | 1738/4499 [03:26<07:01,  6.55it/s]
Fitting per-layer PCA:  39%|███▊      | 1740/4499 [03:26<05:44,  8.00it/s]
Fitting per-layer PCA:  39%|███▊      | 1742/4499 [03:26<04:54,  9.38it/s]
Fitting per-layer PCA:  39%|███▉      | 1744/4499 [03:27<04:15, 10.78it/s]
Fitting per-layer PCA:  39%|███▉      | 1746/4499 [03:27<03:49, 11.99it/s]
Fitting per-layer PCA:  39%|███▉      | 1748/4499 [03:27<03:30, 13.07it/s]
Fitting per-layer PCA:  39%|███▉      | 1750/4499 [03:27<03:15, 14.04it/s]
Fitting per-layer PCA:  39%|███▉      | 1752/4499 [03:27<03:06, 14.70it/s]
Fitting per-layer PCA:  39%|███▉      | 1754/4499 [03:27<03:00, 15.21it/s]
Fitting per-layer PCA:  39%|███▉      | 1756/4499 [03:27<02:58, 15.36it/s]
Fitting per-layer PCA:  39%|███▉      | 1758/4499 [03:27<02:56, 15.56it/s]
Fitting per-layer PCA:  39%|███▉      | 1760/4499 [03:27<02:54, 15.73it/s]
Fitting per-layer PCA:  39%|███▉      | 1762/4499 [03:28<02:54, 15.72it/s]
Fitting per-layer PCA:  39%|███▉      | 1764/4499 [03:28<02:51, 15.92it/s]
Fitting per-layer PCA:  39%|███▉      | 1766/4499 [03:28<02:49, 16.13it/s]
Fitting per-layer PCA:  39%|███▉      | 1768/4499 [03:28<02:47, 16.28it/s]
Fitting per-layer PCA:  39%|███▉      | 1770/4499 [03:28<02:45, 16.51it/s]
Fitting per-layer PCA:  39%|███▉      | 1772/4499 [03:28<02:46, 16.33it/s]
Fitting per-layer PCA:  39%|███▉      | 1774/4499 [03:28<02:45, 16.43it/s]
Fitting per-layer PCA:  39%|███▉      | 1776/4499 [03:28<02:44, 16.51it/s]
Fitting per-layer PCA:  40%|███▉      | 1778/4499 [03:29<02:43, 16.66it/s]
Fitting per-layer PCA:  40%|███▉      | 1780/4499 [03:29<02:44, 16.51it/s]
Fitting per-layer PCA:  40%|███▉      | 1782/4499 [03:29<02:45, 16.44it/s]
Fitting per-layer PCA:  40%|███▉      | 1784/4499 [03:29<02:49, 16.05it/s]
Fitting per-layer PCA:  40%|███▉      | 1786/4499 [03:29<02:47, 16.20it/s]
Fitting per-layer PCA:  40%|███▉      | 1788/4499 [03:29<02:45, 16.35it/s]
Fitting per-layer PCA:  40%|███▉      | 1790/4499 [03:29<02:55, 15.46it/s]
Fitting per-layer PCA:  40%|███▉      | 1792/4499 [03:33<27:38,  1.63it/s]
Fitting per-layer PCA:  40%|███▉      | 1794/4499 [03:33<20:13,  2.23it/s]
Fitting per-layer PCA:  40%|███▉      | 1796/4499 [03:33<14:58,  3.01it/s]
Fitting per-layer PCA:  40%|███▉      | 1798/4499 [03:34<11:17,  3.99it/s]
Fitting per-layer PCA:  40%|████      | 1800/4499 [03:34<08:47,  5.12it/s]
Fitting per-layer PCA:  40%|████      | 1802/4499 [03:34<06:55,  6.49it/s]
Fitting per-layer PCA:  40%|████      | 1804/4499 [03:34<05:40,  7.90it/s]
Fitting per-layer PCA:  40%|████      | 1806/4499 [03:34<04:45,  9.45it/s]
Fitting per-layer PCA:  40%|████      | 1808/4499 [03:34<04:09, 10.80it/s]
Fitting per-layer PCA:  40%|████      | 1810/4499 [03:34<03:40, 12.18it/s]
Fitting per-layer PCA:  40%|████      | 1812/4499 [03:34<03:28, 12.87it/s]
Fitting per-layer PCA:  40%|████      | 1814/4499 [03:34<03:14, 13.82it/s]
Fitting per-layer PCA:  40%|████      | 1816/4499 [03:35<03:05, 14.48it/s]
Fitting per-layer PCA:  40%|████      | 1818/4499 [03:35<02:59, 14.95it/s]
Fitting per-layer PCA:  40%|████      | 1820/4499 [03:35<02:51, 15.62it/s]
Fitting per-layer PCA:  40%|████      | 1822/4499 [03:35<02:51, 15.63it/s]
Fitting per-layer PCA:  41%|████      | 1824/4499 [03:35<02:47, 15.97it/s]
Fitting per-layer PCA:  41%|████      | 1826/4499 [03:35<02:46, 16.03it/s]
Fitting per-layer PCA:  41%|████      | 1828/4499 [03:35<02:47, 15.95it/s]
Fitting per-layer PCA:  41%|████      | 1830/4499 [03:35<02:44, 16.24it/s]
Fitting per-layer PCA:  41%|████      | 1832/4499 [03:36<02:44, 16.23it/s]
Fitting per-layer PCA:  41%|████      | 1834/4499 [03:36<02:44, 16.24it/s]
Fitting per-layer PCA:  41%|████      | 1836/4499 [03:36<02:42, 16.42it/s]
Fitting per-layer PCA:  41%|████      | 1838/4499 [03:36<02:41, 16.45it/s]
Fitting per-layer PCA:  41%|████      | 1840/4499 [03:36<02:40, 16.56it/s]
Fitting per-layer PCA:  41%|████      | 1842/4499 [03:36<02:39, 16.68it/s]
Fitting per-layer PCA:  41%|████      | 1844/4499 [03:36<02:40, 16.55it/s]
Fitting per-layer PCA:  41%|████      | 1846/4499 [03:36<02:41, 16.47it/s]
Fitting per-layer PCA:  41%|████      | 1848/4499 [03:37<02:39, 16.59it/s]
Fitting per-layer PCA:  41%|████      | 1850/4499 [03:37<02:39, 16.58it/s]
Fitting per-layer PCA:  41%|████      | 1852/4499 [03:37<02:43, 16.17it/s]
Fitting per-layer PCA:  41%|████      | 1854/4499 [03:37<02:41, 16.35it/s]
Fitting per-layer PCA:  41%|████▏     | 1856/4499 [03:41<26:42,  1.65it/s]
Fitting per-layer PCA:  41%|████▏     | 1858/4499 [03:41<19:29,  2.26it/s]
Fitting per-layer PCA:  41%|████▏     | 1860/4499 [03:41<14:28,  3.04it/s]
Fitting per-layer PCA:  41%|████▏     | 1862/4499 [03:41<10:56,  4.02it/s]
Fitting per-layer PCA:  41%|████▏     | 1864/4499 [03:41<08:31,  5.15it/s]
Fitting per-layer PCA:  41%|████▏     | 1866/4499 [03:41<06:44,  6.50it/s]
Fitting per-layer PCA:  42%|████▏     | 1868/4499 [03:41<05:31,  7.95it/s]
Fitting per-layer PCA:  42%|████▏     | 1870/4499 [03:42<04:41,  9.35it/s]
Fitting per-layer PCA:  42%|████▏     | 1872/4499 [03:42<04:06, 10.67it/s]
Fitting per-layer PCA:  42%|████▏     | 1874/4499 [03:42<03:40, 11.89it/s]
Fitting per-layer PCA:  42%|████▏     | 1876/4499 [03:42<03:25, 12.75it/s]
Fitting per-layer PCA:  42%|████▏     | 1878/4499 [03:42<03:13, 13.57it/s]
Fitting per-layer PCA:  42%|████▏     | 1880/4499 [03:42<03:02, 14.32it/s]
Fitting per-layer PCA:  42%|████▏     | 1882/4499 [03:42<02:53, 15.10it/s]
Fitting per-layer PCA:  42%|████▏     | 1884/4499 [03:42<02:49, 15.41it/s]
Fitting per-layer PCA:  42%|████▏     | 1886/4499 [03:43<02:49, 15.45it/s]
Fitting per-layer PCA:  42%|████▏     | 1888/4499 [03:43<02:45, 15.78it/s]
Fitting per-layer PCA:  42%|████▏     | 1890/4499 [03:43<02:43, 15.99it/s]
Fitting per-layer PCA:  42%|████▏     | 1892/4499 [03:43<02:42, 16.04it/s]
Fitting per-layer PCA:  42%|████▏     | 1894/4499 [03:43<02:41, 16.17it/s]
Fitting per-layer PCA:  42%|████▏     | 1896/4499 [03:43<02:38, 16.41it/s]
Fitting per-layer PCA:  42%|████▏     | 1898/4499 [03:43<02:37, 16.49it/s]
Fitting per-layer PCA:  42%|████▏     | 1900/4499 [03:43<02:36, 16.63it/s]
Fitting per-layer PCA:  42%|████▏     | 1902/4499 [03:44<02:39, 16.28it/s]
Fitting per-layer PCA:  42%|████▏     | 1904/4499 [03:44<02:42, 15.98it/s]
Fitting per-layer PCA:  42%|████▏     | 1906/4499 [03:44<02:42, 15.92it/s]
Fitting per-layer PCA:  42%|████▏     | 1908/4499 [03:44<02:38, 16.32it/s]
Fitting per-layer PCA:  42%|████▏     | 1910/4499 [03:44<02:39, 16.25it/s]
Fitting per-layer PCA:  42%|████▏     | 1912/4499 [03:44<02:39, 16.22it/s]
Fitting per-layer PCA:  43%|████▎     | 1914/4499 [03:44<02:39, 16.22it/s]
Fitting per-layer PCA:  43%|████▎     | 1916/4499 [03:44<02:37, 16.45it/s]
Fitting per-layer PCA:  43%|████▎     | 1918/4499 [03:45<02:40, 16.05it/s]
Fitting per-layer PCA:  43%|████▎     | 1920/4499 [03:48<26:12,  1.64it/s]
Fitting per-layer PCA:  43%|████▎     | 1922/4499 [03:48<19:07,  2.25it/s]
Fitting per-layer PCA:  43%|████▎     | 1924/4499 [03:49<14:08,  3.03it/s]
Fitting per-layer PCA:  43%|████▎     | 1926/4499 [03:49<10:39,  4.02it/s]
Fitting per-layer PCA:  43%|████▎     | 1928/4499 [03:49<08:18,  5.16it/s]
Fitting per-layer PCA:  43%|████▎     | 1930/4499 [03:49<06:34,  6.52it/s]
Fitting per-layer PCA:  43%|████▎     | 1932/4499 [03:49<05:20,  8.02it/s]
Fitting per-layer PCA:  43%|████▎     | 1934/4499 [03:49<04:34,  9.34it/s]
Fitting per-layer PCA:  43%|████▎     | 1936/4499 [03:49<03:58, 10.74it/s]
Fitting per-layer PCA:  43%|████▎     | 1938/4499 [03:49<03:35, 11.87it/s]
Fitting per-layer PCA:  43%|████▎     | 1940/4499 [03:50<03:21, 12.73it/s]
Fitting per-layer PCA:  43%|████▎     | 1942/4499 [03:50<03:36, 11.82it/s]
Fitting per-layer PCA:  43%|████▎     | 1944/4499 [03:50<03:17, 12.97it/s]
Fitting per-layer PCA:  43%|████▎     | 1946/4499 [03:50<03:05, 13.73it/s]
Fitting per-layer PCA:  43%|████▎     | 1948/4499 [03:50<02:56, 14.48it/s]
Fitting per-layer PCA:  43%|████▎     | 1950/4499 [03:50<02:47, 15.20it/s]
Fitting per-layer PCA:  43%|████▎     | 1952/4499 [03:50<02:43, 15.57it/s]
Fitting per-layer PCA:  43%|████▎     | 1954/4499 [03:50<02:39, 15.95it/s]
Fitting per-layer PCA:  43%|████▎     | 1956/4499 [03:51<02:37, 16.15it/s]
Fitting per-layer PCA:  44%|████▎     | 1958/4499 [03:51<02:36, 16.27it/s]
Fitting per-layer PCA:  44%|████▎     | 1960/4499 [03:51<02:36, 16.18it/s]
Fitting per-layer PCA:  44%|████▎     | 1962/4499 [03:51<02:36, 16.21it/s]
Fitting per-layer PCA:  44%|████▎     | 1964/4499 [03:51<02:33, 16.54it/s]
Fitting per-layer PCA:  44%|████▎     | 1966/4499 [03:51<02:34, 16.38it/s]
Fitting per-layer PCA:  44%|████▎     | 1968/4499 [03:51<02:33, 16.50it/s]
Fitting per-layer PCA:  44%|████▍     | 1970/4499 [03:51<02:33, 16.45it/s]
Fitting per-layer PCA:  44%|████▍     | 1972/4499 [03:52<02:32, 16.56it/s]
Fitting per-layer PCA:  44%|████▍     | 1974/4499 [03:52<02:32, 16.59it/s]
Fitting per-layer PCA:  44%|████▍     | 1976/4499 [03:52<02:30, 16.78it/s]
Fitting per-layer PCA:  44%|████▍     | 1978/4499 [03:52<02:31, 16.60it/s]
Fitting per-layer PCA:  44%|████▍     | 1980/4499 [03:52<02:32, 16.47it/s]
Fitting per-layer PCA:  44%|████▍     | 1982/4499 [03:52<02:30, 16.73it/s]
Fitting per-layer PCA:  44%|████▍     | 1984/4499 [03:56<25:26,  1.65it/s]
Fitting per-layer PCA:  44%|████▍     | 1986/4499 [03:56<18:33,  2.26it/s]
Fitting per-layer PCA:  44%|████▍     | 1988/4499 [03:56<13:48,  3.03it/s]
Fitting per-layer PCA:  44%|████▍     | 1990/4499 [03:56<10:23,  4.03it/s]
Fitting per-layer PCA:  44%|████▍     | 1992/4499 [03:56<08:01,  5.20it/s]
Fitting per-layer PCA:  44%|████▍     | 1994/4499 [03:57<06:19,  6.60it/s]
Fitting per-layer PCA:  44%|████▍     | 1996/4499 [03:57<05:12,  8.01it/s]
Fitting per-layer PCA:  44%|████▍     | 1998/4499 [03:57<04:25,  9.43it/s]
Fitting per-layer PCA:  44%|████▍     | 2000/4499 [03:57<03:48, 10.92it/s]
Fitting per-layer PCA:  44%|████▍     | 2002/4499 [03:57<03:32, 11.74it/s]
Fitting per-layer PCA:  45%|████▍     | 2004/4499 [03:57<03:26, 12.06it/s]
Fitting per-layer PCA:  45%|████▍     | 2006/4499 [03:57<03:25, 12.11it/s]
Fitting per-layer PCA:  45%|████▍     | 2008/4499 [03:58<03:51, 10.77it/s]
Fitting per-layer PCA:  45%|████▍     | 2010/4499 [03:58<03:29, 11.88it/s]
Fitting per-layer PCA:  45%|████▍     | 2012/4499 [03:58<03:21, 12.36it/s]
Fitting per-layer PCA:  45%|████▍     | 2014/4499 [03:58<03:09, 13.09it/s]
Fitting per-layer PCA:  45%|████▍     | 2016/4499 [03:58<03:05, 13.36it/s]
Fitting per-layer PCA:  45%|████▍     | 2018/4499 [03:58<03:04, 13.47it/s]
Fitting per-layer PCA:  45%|████▍     | 2020/4499 [03:58<03:07, 13.19it/s]
Fitting per-layer PCA:  45%|████▍     | 2022/4499 [03:59<03:15, 12.68it/s]
Fitting per-layer PCA:  45%|████▍     | 2024/4499 [03:59<03:04, 13.41it/s]
Fitting per-layer PCA:  45%|████▌     | 2026/4499 [03:59<03:16, 12.61it/s]
Fitting per-layer PCA:  45%|████▌     | 2028/4499 [03:59<03:06, 13.26it/s]
Fitting per-layer PCA:  45%|████▌     | 2030/4499 [03:59<03:13, 12.78it/s]
Fitting per-layer PCA:  45%|████▌     | 2032/4499 [03:59<03:10, 12.97it/s]
Fitting per-layer PCA:  45%|████▌     | 2034/4499 [03:59<03:05, 13.29it/s]
Fitting per-layer PCA:  45%|████▌     | 2036/4499 [04:00<03:00, 13.68it/s]
Fitting per-layer PCA:  45%|████▌     | 2038/4499 [04:00<02:58, 13.75it/s]
Fitting per-layer PCA:  45%|████▌     | 2040/4499 [04:00<02:54, 14.10it/s]
Fitting per-layer PCA:  45%|████▌     | 2042/4499 [04:00<03:14, 12.61it/s]
Fitting per-layer PCA:  45%|████▌     | 2044/4499 [04:00<03:15, 12.55it/s]
Fitting per-layer PCA:  45%|████▌     | 2046/4499 [04:00<03:04, 13.27it/s]
Fitting per-layer PCA:  46%|████▌     | 2048/4499 [04:04<25:21,  1.61it/s]
Fitting per-layer PCA:  46%|████▌     | 2050/4499 [04:04<18:46,  2.17it/s]
Fitting per-layer PCA:  46%|████▌     | 2052/4499 [04:04<13:59,  2.91it/s]
Fitting per-layer PCA:  46%|████▌     | 2054/4499 [04:05<10:37,  3.84it/s]
Fitting per-layer PCA:  46%|████▌     | 2056/4499 [04:05<08:29,  4.79it/s]
Fitting per-layer PCA:  46%|████▌     | 2058/4499 [04:05<06:47,  5.99it/s]
Fitting per-layer PCA:  46%|████▌     | 2060/4499 [04:05<06:12,  6.55it/s]
Fitting per-layer PCA:  46%|████▌     | 2062/4499 [04:05<05:14,  7.75it/s]
Fitting per-layer PCA:  46%|████▌     | 2064/4499 [04:05<04:28,  9.08it/s]
Fitting per-layer PCA:  46%|████▌     | 2066/4499 [04:06<03:56, 10.31it/s]
Fitting per-layer PCA:  46%|████▌     | 2068/4499 [04:06<03:31, 11.48it/s]
Fitting per-layer PCA:  46%|████▌     | 2070/4499 [04:06<03:28, 11.67it/s]
Fitting per-layer PCA:  46%|████▌     | 2072/4499 [04:06<03:14, 12.50it/s]
Fitting per-layer PCA:  46%|████▌     | 2074/4499 [04:06<03:06, 13.03it/s]
Fitting per-layer PCA:  46%|████▌     | 2076/4499 [04:06<03:06, 12.97it/s]
Fitting per-layer PCA:  46%|████▌     | 2078/4499 [04:06<03:07, 12.90it/s]
Fitting per-layer PCA:  46%|████▌     | 2080/4499 [04:07<03:04, 13.09it/s]
Fitting per-layer PCA:  46%|████▋     | 2082/4499 [04:07<03:06, 12.95it/s]
Fitting per-layer PCA:  46%|████▋     | 2084/4499 [04:07<03:02, 13.22it/s]
Fitting per-layer PCA:  46%|████▋     | 2086/4499 [04:07<03:19, 12.08it/s]
Fitting per-layer PCA:  46%|████▋     | 2088/4499 [04:07<03:13, 12.47it/s]
Fitting per-layer PCA:  46%|████▋     | 2090/4499 [04:07<03:05, 12.96it/s]
Fitting per-layer PCA:  46%|████▋     | 2092/4499 [04:08<03:03, 13.15it/s]
Fitting per-layer PCA:  47%|████▋     | 2094/4499 [04:08<02:59, 13.40it/s]
Fitting per-layer PCA:  47%|████▋     | 2096/4499 [04:08<02:54, 13.75it/s]
Fitting per-layer PCA:  47%|████▋     | 2098/4499 [04:08<03:00, 13.31it/s]
Fitting per-layer PCA:  47%|████▋     | 2100/4499 [04:08<02:58, 13.47it/s]
Fitting per-layer PCA:  47%|████▋     | 2102/4499 [04:08<03:00, 13.25it/s]
Fitting per-layer PCA:  47%|████▋     | 2104/4499 [04:08<02:51, 13.99it/s]
Fitting per-layer PCA:  47%|████▋     | 2106/4499 [04:09<02:46, 14.35it/s]
Fitting per-layer PCA:  47%|████▋     | 2108/4499 [04:09<02:45, 14.48it/s]
Fitting per-layer PCA:  47%|████▋     | 2110/4499 [04:09<02:48, 14.21it/s]
Fitting per-layer PCA:  47%|████▋     | 2112/4499 [04:13<24:52,  1.60it/s]
Fitting per-layer PCA:  47%|████▋     | 2114/4499 [04:13<18:21,  2.16it/s]
Fitting per-layer PCA:  47%|████▋     | 2116/4499 [04:13<13:40,  2.90it/s]
Fitting per-layer PCA:  47%|████▋     | 2118/4499 [04:13<10:22,  3.82it/s]
Fitting per-layer PCA:  47%|████▋     | 2120/4499 [04:13<08:07,  4.88it/s]
Fitting per-layer PCA:  47%|████▋     | 2122/4499 [04:13<06:34,  6.02it/s]
Fitting per-layer PCA:  47%|████▋     | 2124/4499 [04:14<06:30,  6.08it/s]
Fitting per-layer PCA:  47%|████▋     | 2126/4499 [04:14<05:22,  7.35it/s]
Fitting per-layer PCA:  47%|████▋     | 2128/4499 [04:14<04:35,  8.61it/s]
Fitting per-layer PCA:  47%|████▋     | 2130/4499 [04:14<03:59,  9.91it/s]
Fitting per-layer PCA:  47%|████▋     | 2132/4499 [04:14<03:40, 10.75it/s]
Fitting per-layer PCA:  47%|████▋     | 2134/4499 [04:14<03:26, 11.47it/s]
Fitting per-layer PCA:  47%|████▋     | 2136/4499 [04:15<03:30, 11.21it/s]
Fitting per-layer PCA:  48%|████▊     | 2138/4499 [04:15<03:13, 12.23it/s]
Fitting per-layer PCA:  48%|████▊     | 2140/4499 [04:15<03:00, 13.08it/s]
Fitting per-layer PCA:  48%|████▊     | 2142/4499 [04:15<03:06, 12.62it/s]
Fitting per-layer PCA:  48%|████▊     | 2144/4499 [04:15<03:00, 13.05it/s]
Fitting per-layer PCA:  48%|████▊     | 2146/4499 [04:15<02:55, 13.42it/s]
Fitting per-layer PCA:  48%|████▊     | 2148/4499 [04:16<03:04, 12.77it/s]
Fitting per-layer PCA:  48%|████▊     | 2150/4499 [04:16<02:54, 13.49it/s]
Fitting per-layer PCA:  48%|████▊     | 2152/4499 [04:16<02:50, 13.78it/s]
Fitting per-layer PCA:  48%|████▊     | 2154/4499 [04:16<02:48, 13.94it/s]
Fitting per-layer PCA:  48%|████▊     | 2156/4499 [04:16<02:50, 13.74it/s]
Fitting per-layer PCA:  48%|████▊     | 2158/4499 [04:16<02:46, 14.02it/s]
Fitting per-layer PCA:  48%|████▊     | 2160/4499 [04:16<02:44, 14.25it/s]
Fitting per-layer PCA:  48%|████▊     | 2162/4499 [04:16<02:39, 14.61it/s]
Fitting per-layer PCA:  48%|████▊     | 2164/4499 [04:17<03:21, 11.61it/s]
Fitting per-layer PCA:  48%|████▊     | 2166/4499 [04:17<03:09, 12.29it/s]
Fitting per-layer PCA:  48%|████▊     | 2168/4499 [04:17<03:03, 12.71it/s]
Fitting per-layer PCA:  48%|████▊     | 2170/4499 [04:17<02:58, 13.02it/s]
Fitting per-layer PCA:  48%|████▊     | 2172/4499 [04:17<03:02, 12.75it/s]
Fitting per-layer PCA:  48%|████▊     | 2174/4499 [04:17<02:55, 13.25it/s]
Fitting per-layer PCA:  48%|████▊     | 2176/4499 [04:21<23:56,  1.62it/s]
Fitting per-layer PCA:  48%|████▊     | 2178/4499 [04:21<17:36,  2.20it/s]
Fitting per-layer PCA:  48%|████▊     | 2180/4499 [04:22<13:06,  2.95it/s]
Fitting per-layer PCA:  48%|████▊     | 2182/4499 [04:22<09:58,  3.87it/s]
Fitting per-layer PCA:  49%|████▊     | 2184/4499 [04:22<07:47,  4.95it/s]
Fitting per-layer PCA:  49%|████▊     | 2186/4499 [04:22<06:14,  6.18it/s]
Fitting per-layer PCA:  49%|████▊     | 2188/4499 [04:22<05:10,  7.45it/s]
Fitting per-layer PCA:  49%|████▊     | 2190/4499 [04:22<04:33,  8.43it/s]
Fitting per-layer PCA:  49%|████▊     | 2192/4499 [04:22<04:00,  9.60it/s]
Fitting per-layer PCA:  49%|████▉     | 2194/4499 [04:23<03:47, 10.15it/s]
Fitting per-layer PCA:  49%|████▉     | 2196/4499 [04:23<03:32, 10.86it/s]
Fitting per-layer PCA:  49%|████▉     | 2198/4499 [04:23<03:17, 11.65it/s]
Fitting per-layer PCA:  49%|████▉     | 2200/4499 [04:23<03:09, 12.15it/s]
Fitting per-layer PCA:  49%|████▉     | 2202/4499 [04:23<02:57, 12.94it/s]
Fitting per-layer PCA:  49%|████▉     | 2204/4499 [04:23<03:04, 12.45it/s]
Fitting per-layer PCA:  49%|████▉     | 2206/4499 [04:23<02:59, 12.77it/s]
Fitting per-layer PCA:  49%|████▉     | 2208/4499 [04:24<02:52, 13.29it/s]
Fitting per-layer PCA:  49%|████▉     | 2210/4499 [04:24<03:07, 12.18it/s]
Fitting per-layer PCA:  49%|████▉     | 2212/4499 [04:24<02:56, 12.99it/s]
Fitting per-layer PCA:  49%|████▉     | 2214/4499 [04:24<03:58,  9.60it/s]
Fitting per-layer PCA:  49%|████▉     | 2216/4499 [04:24<04:10,  9.10it/s]
Fitting per-layer PCA:  49%|████▉     | 2218/4499 [04:25<03:45, 10.12it/s]
Fitting per-layer PCA:  49%|████▉     | 2220/4499 [04:25<03:28, 10.95it/s]
Fitting per-layer PCA:  49%|████▉     | 2222/4499 [04:25<03:07, 12.15it/s]
Fitting per-layer PCA:  49%|████▉     | 2224/4499 [04:25<03:09, 11.99it/s]
Fitting per-layer PCA:  49%|████▉     | 2226/4499 [04:25<02:59, 12.67it/s]
Fitting per-layer PCA:  50%|████▉     | 2228/4499 [04:25<02:49, 13.38it/s]
Fitting per-layer PCA:  50%|████▉     | 2230/4499 [04:25<02:50, 13.33it/s]
Fitting per-layer PCA:  50%|████▉     | 2232/4499 [04:26<02:43, 13.85it/s]
Fitting per-layer PCA:  50%|████▉     | 2234/4499 [04:26<02:55, 12.91it/s]
Fitting per-layer PCA:  50%|████▉     | 2236/4499 [04:26<02:49, 13.32it/s]
Fitting per-layer PCA:  50%|████▉     | 2238/4499 [04:26<02:44, 13.75it/s]
Fitting per-layer PCA:  50%|████▉     | 2240/4499 [04:30<23:42,  1.59it/s]
Fitting per-layer PCA:  50%|████▉     | 2242/4499 [04:30<17:25,  2.16it/s]
Fitting per-layer PCA:  50%|████▉     | 2244/4499 [04:30<12:59,  2.89it/s]
Fitting per-layer PCA:  50%|████▉     | 2246/4499 [04:30<09:49,  3.82it/s]
Fitting per-layer PCA:  50%|████▉     | 2248/4499 [04:30<07:36,  4.93it/s]
Fitting per-layer PCA:  50%|█████     | 2250/4499 [04:31<06:33,  5.72it/s]
Fitting per-layer PCA:  50%|█████     | 2252/4499 [04:31<05:30,  6.80it/s]
Fitting per-layer PCA:  50%|█████     | 2254/4499 [04:31<05:10,  7.22it/s]
Fitting per-layer PCA:  50%|█████     | 2256/4499 [04:31<04:20,  8.61it/s]
Fitting per-layer PCA:  50%|█████     | 2258/4499 [04:31<03:50,  9.71it/s]
Fitting per-layer PCA:  50%|█████     | 2260/4499 [04:32<03:32, 10.52it/s]
Fitting per-layer PCA:  50%|█████     | 2262/4499 [04:32<03:28, 10.71it/s]
Fitting per-layer PCA:  50%|█████     | 2264/4499 [04:32<03:10, 11.73it/s]
Fitting per-layer PCA:  50%|█████     | 2266/4499 [04:32<03:08, 11.82it/s]
Fitting per-layer PCA:  50%|█████     | 2268/4499 [04:32<03:01, 12.27it/s]
Fitting per-layer PCA:  50%|█████     | 2270/4499 [04:32<02:48, 13.22it/s]
Fitting per-layer PCA:  51%|█████     | 2272/4499 [04:32<02:58, 12.48it/s]
Fitting per-layer PCA:  51%|█████     | 2274/4499 [04:33<02:52, 12.93it/s]
Fitting per-layer PCA:  51%|█████     | 2276/4499 [04:33<02:50, 13.01it/s]
Fitting per-layer PCA:  51%|█████     | 2278/4499 [04:33<02:48, 13.22it/s]
Fitting per-layer PCA:  51%|█████     | 2280/4499 [04:33<02:40, 13.84it/s]
Fitting per-layer PCA:  51%|█████     | 2282/4499 [04:33<02:39, 13.94it/s]
Fitting per-layer PCA:  51%|█████     | 2284/4499 [04:33<02:33, 14.41it/s]
Fitting per-layer PCA:  51%|█████     | 2286/4499 [04:33<02:33, 14.38it/s]
Fitting per-layer PCA:  51%|█████     | 2288/4499 [04:34<02:42, 13.62it/s]
Fitting per-layer PCA:  51%|█████     | 2290/4499 [04:34<02:50, 12.97it/s]
Fitting per-layer PCA:  51%|█████     | 2292/4499 [04:34<03:04, 11.99it/s]
Fitting per-layer PCA:  51%|█████     | 2294/4499 [04:34<02:55, 12.58it/s]
Fitting per-layer PCA:  51%|█████     | 2296/4499 [04:34<02:50, 12.95it/s]
Fitting per-layer PCA:  51%|█████     | 2298/4499 [04:34<02:55, 12.52it/s]
Fitting per-layer PCA:  51%|█████     | 2300/4499 [04:35<02:45, 13.30it/s]
Fitting per-layer PCA:  51%|█████     | 2302/4499 [04:35<02:37, 13.92it/s]
Fitting per-layer PCA:  51%|█████     | 2304/4499 [04:38<22:31,  1.62it/s]
Fitting per-layer PCA:  51%|█████▏    | 2306/4499 [04:39<16:38,  2.20it/s]
Fitting per-layer PCA:  51%|█████▏    | 2308/4499 [04:39<12:41,  2.88it/s]
Fitting per-layer PCA:  51%|█████▏    | 2310/4499 [04:39<09:35,  3.80it/s]
Fitting per-layer PCA:  51%|█████▏    | 2312/4499 [04:39<07:39,  4.76it/s]
Fitting per-layer PCA:  51%|█████▏    | 2314/4499 [04:39<06:08,  5.94it/s]
Fitting per-layer PCA:  51%|█████▏    | 2316/4499 [04:39<04:57,  7.33it/s]
Fitting per-layer PCA:  52%|█████▏    | 2318/4499 [04:40<04:29,  8.08it/s]
Fitting per-layer PCA:  52%|█████▏    | 2320/4499 [04:40<03:52,  9.36it/s]
Fitting per-layer PCA:  52%|█████▏    | 2322/4499 [04:40<03:31, 10.31it/s]
Fitting per-layer PCA:  52%|█████▏    | 2324/4499 [04:40<03:08, 11.54it/s]
Fitting per-layer PCA:  52%|█████▏    | 2326/4499 [04:40<02:57, 12.21it/s]
Fitting per-layer PCA:  52%|█████▏    | 2328/4499 [04:40<03:24, 10.62it/s]
Fitting per-layer PCA:  52%|█████▏    | 2330/4499 [04:41<03:11, 11.31it/s]
Fitting per-layer PCA:  52%|█████▏    | 2332/4499 [04:41<02:58, 12.15it/s]
Fitting per-layer PCA:  52%|█████▏    | 2334/4499 [04:41<02:57, 12.18it/s]
Fitting per-layer PCA:  52%|█████▏    | 2336/4499 [04:41<02:50, 12.72it/s]
Fitting per-layer PCA:  52%|█████▏    | 2338/4499 [04:41<02:41, 13.42it/s]
Fitting per-layer PCA:  52%|█████▏    | 2340/4499 [04:41<02:33, 14.05it/s]
Fitting per-layer PCA:  52%|█████▏    | 2342/4499 [04:41<02:39, 13.51it/s]
Fitting per-layer PCA:  52%|█████▏    | 2344/4499 [04:42<02:37, 13.69it/s]
Fitting per-layer PCA:  52%|█████▏    | 2346/4499 [04:42<02:42, 13.24it/s]
Fitting per-layer PCA:  52%|█████▏    | 2348/4499 [04:42<02:43, 13.13it/s]
Fitting per-layer PCA:  52%|█████▏    | 2350/4499 [04:42<02:40, 13.41it/s]
Fitting per-layer PCA:  52%|█████▏    | 2352/4499 [04:42<02:32, 14.04it/s]
Fitting per-layer PCA:  52%|█████▏    | 2354/4499 [04:42<02:30, 14.28it/s]
Fitting per-layer PCA:  52%|█████▏    | 2356/4499 [04:42<02:28, 14.39it/s]
Fitting per-layer PCA:  52%|█████▏    | 2358/4499 [04:43<02:28, 14.41it/s]
Fitting per-layer PCA:  52%|█████▏    | 2360/4499 [04:43<02:27, 14.46it/s]
Fitting per-layer PCA:  53%|█████▎    | 2362/4499 [04:43<02:33, 13.89it/s]
Fitting per-layer PCA:  53%|█████▎    | 2364/4499 [04:43<02:31, 14.13it/s]
Fitting per-layer PCA:  53%|█████▎    | 2366/4499 [04:43<02:26, 14.51it/s]
Fitting per-layer PCA:  53%|█████▎    | 2368/4499 [04:47<21:43,  1.63it/s]
Fitting per-layer PCA:  53%|█████▎    | 2370/4499 [04:47<16:00,  2.22it/s]
Fitting per-layer PCA:  53%|█████▎    | 2372/4499 [04:47<11:58,  2.96it/s]
Fitting per-layer PCA:  53%|█████▎    | 2374/4499 [04:47<09:04,  3.90it/s]
Fitting per-layer PCA:  53%|█████▎    | 2376/4499 [04:47<07:05,  4.99it/s]
Fitting per-layer PCA:  53%|█████▎    | 2378/4499 [04:48<05:45,  6.14it/s]
Fitting per-layer PCA:  53%|█████▎    | 2380/4499 [04:48<04:51,  7.26it/s]
Fitting per-layer PCA:  53%|█████▎    | 2382/4499 [04:48<04:13,  8.35it/s]
Fitting per-layer PCA:  53%|█████▎    | 2384/4499 [04:48<03:41,  9.54it/s]
Fitting per-layer PCA:  53%|█████▎    | 2386/4499 [04:48<03:18, 10.66it/s]
Fitting per-layer PCA:  53%|█████▎    | 2388/4499 [04:48<03:01, 11.61it/s]
Fitting per-layer PCA:  53%|█████▎    | 2390/4499 [04:48<02:50, 12.40it/s]
Fitting per-layer PCA:  53%|█████▎    | 2392/4499 [04:49<02:39, 13.19it/s]
Fitting per-layer PCA:  53%|█████▎    | 2394/4499 [04:49<02:33, 13.72it/s]
Fitting per-layer PCA:  53%|█████▎    | 2396/4499 [04:49<02:34, 13.65it/s]
Fitting per-layer PCA:  53%|█████▎    | 2398/4499 [04:49<02:34, 13.60it/s]
Fitting per-layer PCA:  53%|█████▎    | 2400/4499 [04:49<02:29, 14.07it/s]
Fitting per-layer PCA:  53%|█████▎    | 2402/4499 [04:49<02:25, 14.39it/s]
Fitting per-layer PCA:  53%|█████▎    | 2404/4499 [04:49<02:21, 14.84it/s]
Fitting per-layer PCA:  53%|█████▎    | 2406/4499 [04:49<02:25, 14.43it/s]
Fitting per-layer PCA:  54%|█████▎    | 2408/4499 [04:50<02:25, 14.38it/s]
Fitting per-layer PCA:  54%|█████▎    | 2410/4499 [04:50<02:24, 14.45it/s]
Fitting per-layer PCA:  54%|█████▎    | 2412/4499 [04:50<02:23, 14.50it/s]
Fitting per-layer PCA:  54%|█████▎    | 2414/4499 [04:50<02:32, 13.69it/s]
Fitting per-layer PCA:  54%|█████▎    | 2416/4499 [04:50<02:29, 13.90it/s]
Fitting per-layer PCA:  54%|█████▎    | 2418/4499 [04:50<02:28, 14.01it/s]
Fitting per-layer PCA:  54%|█████▍    | 2420/4499 [04:50<02:25, 14.30it/s]
Fitting per-layer PCA:  54%|█████▍    | 2422/4499 [04:51<02:23, 14.52it/s]
Fitting per-layer PCA:  54%|█████▍    | 2424/4499 [04:51<02:51, 12.09it/s]
Fitting per-layer PCA:  54%|█████▍    | 2426/4499 [04:51<02:51, 12.12it/s]
Fitting per-layer PCA:  54%|█████▍    | 2428/4499 [04:51<02:37, 13.12it/s]
Fitting per-layer PCA:  54%|█████▍    | 2430/4499 [04:51<02:29, 13.84it/s]
Fitting per-layer PCA:  54%|█████▍    | 2432/4499 [04:55<21:39,  1.59it/s]
Fitting per-layer PCA:  54%|█████▍    | 2434/4499 [04:55<16:02,  2.14it/s]
Fitting per-layer PCA:  54%|█████▍    | 2436/4499 [04:55<12:12,  2.81it/s]
Fitting per-layer PCA:  54%|█████▍    | 2438/4499 [04:56<09:17,  3.69it/s]
Fitting per-layer PCA:  54%|█████▍    | 2440/4499 [04:56<07:29,  4.58it/s]
Fitting per-layer PCA:  54%|█████▍    | 2442/4499 [04:56<06:11,  5.54it/s]
Fitting per-layer PCA:  54%|█████▍    | 2444/4499 [04:56<05:11,  6.59it/s]
Fitting per-layer PCA:  54%|█████▍    | 2446/4499 [04:56<04:19,  7.91it/s]
Fitting per-layer PCA:  54%|█████▍    | 2448/4499 [04:57<04:14,  8.06it/s]
Fitting per-layer PCA:  54%|█████▍    | 2450/4499 [04:57<03:43,  9.16it/s]
Fitting per-layer PCA:  55%|█████▍    | 2452/4499 [04:57<03:18, 10.29it/s]
Fitting per-layer PCA:  55%|█████▍    | 2454/4499 [04:57<03:11, 10.68it/s]
Fitting per-layer PCA:  55%|█████▍    | 2456/4499 [04:57<02:58, 11.47it/s]
Fitting per-layer PCA:  55%|█████▍    | 2458/4499 [04:57<02:47, 12.22it/s]
Fitting per-layer PCA:  55%|█████▍    | 2460/4499 [04:57<02:44, 12.37it/s]
Fitting per-layer PCA:  55%|█████▍    | 2462/4499 [04:58<02:38, 12.83it/s]
Fitting per-layer PCA:  55%|█████▍    | 2464/4499 [04:58<02:41, 12.58it/s]
Fitting per-layer PCA:  55%|█████▍    | 2466/4499 [04:58<02:49, 11.99it/s]
Fitting per-layer PCA:  55%|█████▍    | 2468/4499 [04:58<03:03, 11.07it/s]
Fitting per-layer PCA:  55%|█████▍    | 2470/4499 [04:58<02:50, 11.90it/s]
Fitting per-layer PCA:  55%|█████▍    | 2472/4499 [04:59<03:12, 10.54it/s]
Fitting per-layer PCA:  55%|█████▍    | 2474/4499 [04:59<02:58, 11.34it/s]
Fitting per-layer PCA:  55%|█████▌    | 2476/4499 [04:59<02:56, 11.48it/s]
Fitting per-layer PCA:  55%|█████▌    | 2478/4499 [04:59<02:48, 11.98it/s]
Fitting per-layer PCA:  55%|█████▌    | 2480/4499 [04:59<02:40, 12.62it/s]
Fitting per-layer PCA:  55%|█████▌    | 2482/4499 [04:59<02:43, 12.31it/s]
Fitting per-layer PCA:  55%|█████▌    | 2484/4499 [04:59<02:40, 12.54it/s]
Fitting per-layer PCA:  55%|█████▌    | 2486/4499 [05:00<02:40, 12.57it/s]
Fitting per-layer PCA:  55%|█████▌    | 2488/4499 [05:00<02:36, 12.84it/s]
Fitting per-layer PCA:  55%|█████▌    | 2490/4499 [05:00<02:40, 12.53it/s]
Fitting per-layer PCA:  55%|█████▌    | 2492/4499 [05:00<02:34, 13.03it/s]
Fitting per-layer PCA:  55%|█████▌    | 2494/4499 [05:00<02:30, 13.31it/s]
Fitting per-layer PCA:  55%|█████▌    | 2496/4499 [05:04<20:36,  1.62it/s]
Fitting per-layer PCA:  56%|█████▌    | 2497/4499 [05:04<17:38,  1.89it/s]
Fitting per-layer PCA:  56%|█████▌    | 2499/4499 [05:04<12:32,  2.66it/s]
Fitting per-layer PCA:  56%|█████▌    | 2501/4499 [05:04<09:11,  3.63it/s]
Fitting per-layer PCA:  56%|█████▌    | 2503/4499 [05:05<07:13,  4.61it/s]
Fitting per-layer PCA:  56%|█████▌    | 2505/4499 [05:05<05:44,  5.79it/s]
Fitting per-layer PCA:  56%|█████▌    | 2507/4499 [05:05<04:44,  7.01it/s]
Fitting per-layer PCA:  56%|█████▌    | 2509/4499 [05:05<04:06,  8.08it/s]
Fitting per-layer PCA:  56%|█████▌    | 2511/4499 [05:05<03:35,  9.21it/s]
Fitting per-layer PCA:  56%|█████▌    | 2513/4499 [05:05<03:10, 10.43it/s]
Fitting per-layer PCA:  56%|█████▌    | 2515/4499 [05:05<02:56, 11.24it/s]
Fitting per-layer PCA:  56%|█████▌    | 2517/4499 [05:06<02:41, 12.29it/s]
Fitting per-layer PCA:  56%|█████▌    | 2519/4499 [05:06<02:41, 12.25it/s]
Fitting per-layer PCA:  56%|█████▌    | 2521/4499 [05:06<02:34, 12.77it/s]
Fitting per-layer PCA:  56%|█████▌    | 2523/4499 [05:06<02:35, 12.74it/s]
Fitting per-layer PCA:  56%|█████▌    | 2525/4499 [05:06<02:24, 13.62it/s]
Fitting per-layer PCA:  56%|█████▌    | 2527/4499 [05:06<02:20, 13.99it/s]
Fitting per-layer PCA:  56%|█████▌    | 2529/4499 [05:06<02:20, 14.04it/s]
Fitting per-layer PCA:  56%|█████▋    | 2531/4499 [05:07<02:19, 14.07it/s]
Fitting per-layer PCA:  56%|█████▋    | 2533/4499 [05:07<02:18, 14.15it/s]
Fitting per-layer PCA:  56%|█████▋    | 2535/4499 [05:07<02:46, 11.79it/s]
Fitting per-layer PCA:  56%|█████▋    | 2537/4499 [05:07<02:36, 12.54it/s]
Fitting per-layer PCA:  56%|█████▋    | 2539/4499 [05:07<02:28, 13.16it/s]
Fitting per-layer PCA:  56%|█████▋    | 2541/4499 [05:07<02:22, 13.71it/s]
Fitting per-layer PCA:  57%|█████▋    | 2543/4499 [05:08<02:24, 13.52it/s]
Fitting per-layer PCA:  57%|█████▋    | 2545/4499 [05:08<02:18, 14.10it/s]
Fitting per-layer PCA:  57%|█████▋    | 2547/4499 [05:08<02:22, 13.66it/s]
Fitting per-layer PCA:  57%|█████▋    | 2549/4499 [05:08<02:21, 13.83it/s]
Fitting per-layer PCA:  57%|█████▋    | 2551/4499 [05:08<02:20, 13.90it/s]
Fitting per-layer PCA:  57%|█████▋    | 2553/4499 [05:08<02:21, 13.74it/s]
Fitting per-layer PCA:  57%|█████▋    | 2555/4499 [05:08<02:22, 13.67it/s]
Fitting per-layer PCA:  57%|█████▋    | 2557/4499 [05:09<02:37, 12.33it/s]
Fitting per-layer PCA:  57%|█████▋    | 2559/4499 [05:09<02:32, 12.69it/s]
Fitting per-layer PCA:  57%|█████▋    | 2561/4499 [05:13<20:21,  1.59it/s]
Fitting per-layer PCA:  57%|█████▋    | 2563/4499 [05:13<15:06,  2.14it/s]
Fitting per-layer PCA:  57%|█████▋    | 2565/4499 [05:13<11:11,  2.88it/s]
Fitting per-layer PCA:  57%|█████▋    | 2567/4499 [05:13<08:33,  3.76it/s]
Fitting per-layer PCA:  57%|█████▋    | 2569/4499 [05:13<06:38,  4.85it/s]
Fitting per-layer PCA:  57%|█████▋    | 2571/4499 [05:13<05:17,  6.07it/s]
Fitting per-layer PCA:  57%|█████▋    | 2573/4499 [05:13<04:19,  7.43it/s]
Fitting per-layer PCA:  57%|█████▋    | 2575/4499 [05:14<03:40,  8.72it/s]
Fitting per-layer PCA:  57%|█████▋    | 2577/4499 [05:14<03:11, 10.06it/s]
Fitting per-layer PCA:  57%|█████▋    | 2579/4499 [05:14<03:06, 10.29it/s]
Fitting per-layer PCA:  57%|█████▋    | 2581/4499 [05:14<02:48, 11.41it/s]
Fitting per-layer PCA:  57%|█████▋    | 2583/4499 [05:14<02:37, 12.16it/s]
Fitting per-layer PCA:  57%|█████▋    | 2585/4499 [05:14<02:26, 13.11it/s]
Fitting per-layer PCA:  58%|█████▊    | 2587/4499 [05:14<02:20, 13.60it/s]
Fitting per-layer PCA:  58%|█████▊    | 2589/4499 [05:15<02:20, 13.62it/s]
Fitting per-layer PCA:  58%|█████▊    | 2591/4499 [05:15<02:31, 12.55it/s]
Fitting per-layer PCA:  58%|█████▊    | 2593/4499 [05:15<02:28, 12.84it/s]
Fitting per-layer PCA:  58%|█████▊    | 2595/4499 [05:15<02:23, 13.26it/s]
Fitting per-layer PCA:  58%|█████▊    | 2597/4499 [05:15<02:15, 13.99it/s]
Fitting per-layer PCA:  58%|█████▊    | 2599/4499 [05:15<02:14, 14.17it/s]
Fitting per-layer PCA:  58%|█████▊    | 2601/4499 [05:15<02:12, 14.35it/s]
Fitting per-layer PCA:  58%|█████▊    | 2603/4499 [05:16<02:12, 14.36it/s]
Fitting per-layer PCA:  58%|█████▊    | 2605/4499 [05:16<02:26, 12.91it/s]
Fitting per-layer PCA:  58%|█████▊    | 2607/4499 [05:16<02:24, 13.06it/s]
Fitting per-layer PCA:  58%|█████▊    | 2609/4499 [05:16<02:19, 13.52it/s]
Fitting per-layer PCA:  58%|█████▊    | 2611/4499 [05:16<02:28, 12.75it/s]
Fitting per-layer PCA:  58%|█████▊    | 2613/4499 [05:16<02:21, 13.28it/s]
Fitting per-layer PCA:  58%|█████▊    | 2615/4499 [05:16<02:22, 13.18it/s]
Fitting per-layer PCA:  58%|█████▊    | 2617/4499 [05:17<02:18, 13.59it/s]
Fitting per-layer PCA:  58%|█████▊    | 2619/4499 [05:17<02:12, 14.20it/s]
Fitting per-layer PCA:  58%|█████▊    | 2621/4499 [05:17<02:10, 14.38it/s]
Fitting per-layer PCA:  58%|█████▊    | 2623/4499 [05:17<02:08, 14.60it/s]
Fitting per-layer PCA:  58%|█████▊    | 2625/4499 [05:21<19:11,  1.63it/s]
Fitting per-layer PCA:  58%|█████▊    | 2627/4499 [05:21<14:08,  2.21it/s]
Fitting per-layer PCA:  58%|█████▊    | 2629/4499 [05:21<10:37,  2.93it/s]
Fitting per-layer PCA:  58%|█████▊    | 2631/4499 [05:21<08:39,  3.60it/s]
Fitting per-layer PCA:  59%|█████▊    | 2633/4499 [05:22<06:54,  4.50it/s]
Fitting per-layer PCA:  59%|█████▊    | 2635/4499 [05:22<05:27,  5.69it/s]
Fitting per-layer PCA:  59%|█████▊    | 2637/4499 [05:22<04:29,  6.90it/s]
Fitting per-layer PCA:  59%|█████▊    | 2639/4499 [05:22<04:00,  7.74it/s]
Fitting per-layer PCA:  59%|█████▊    | 2641/4499 [05:22<03:28,  8.91it/s]
Fitting per-layer PCA:  59%|█████▊    | 2643/4499 [05:22<03:05, 10.02it/s]
Fitting per-layer PCA:  59%|█████▉    | 2645/4499 [05:22<02:56, 10.52it/s]
Fitting per-layer PCA:  59%|█████▉    | 2647/4499 [05:23<02:54, 10.61it/s]
Fitting per-layer PCA:  59%|█████▉    | 2649/4499 [05:23<02:41, 11.45it/s]
Fitting per-layer PCA:  59%|█████▉    | 2651/4499 [05:23<02:44, 11.26it/s]
Fitting per-layer PCA:  59%|█████▉    | 2653/4499 [05:23<02:39, 11.55it/s]
Fitting per-layer PCA:  59%|█████▉    | 2655/4499 [05:23<02:29, 12.31it/s]
Fitting per-layer PCA:  59%|█████▉    | 2657/4499 [05:23<02:31, 12.19it/s]
Fitting per-layer PCA:  59%|█████▉    | 2659/4499 [05:24<02:24, 12.75it/s]
Fitting per-layer PCA:  59%|█████▉    | 2661/4499 [05:24<02:21, 13.02it/s]
Fitting per-layer PCA:  59%|█████▉    | 2663/4499 [05:24<02:25, 12.66it/s]
Fitting per-layer PCA:  59%|█████▉    | 2665/4499 [05:24<02:13, 13.77it/s]
Fitting per-layer PCA:  59%|█████▉    | 2667/4499 [05:24<02:16, 13.41it/s]
Fitting per-layer PCA:  59%|█████▉    | 2669/4499 [05:24<02:22, 12.86it/s]
Fitting per-layer PCA:  59%|█████▉    | 2671/4499 [05:24<02:12, 13.82it/s]
Fitting per-layer PCA:  59%|█████▉    | 2673/4499 [05:25<02:32, 11.99it/s]
Fitting per-layer PCA:  59%|█████▉    | 2675/4499 [05:25<02:26, 12.45it/s]
Fitting per-layer PCA:  60%|█████▉    | 2677/4499 [05:25<02:24, 12.58it/s]
Fitting per-layer PCA:  60%|█████▉    | 2679/4499 [05:25<02:13, 13.61it/s]
Fitting per-layer PCA:  60%|█████▉    | 2681/4499 [05:25<02:12, 13.68it/s]
Fitting per-layer PCA:  60%|█████▉    | 2683/4499 [05:25<02:15, 13.42it/s]
Fitting per-layer PCA:  60%|█████▉    | 2685/4499 [05:26<02:14, 13.49it/s]
Fitting per-layer PCA:  60%|█████▉    | 2687/4499 [05:26<02:14, 13.49it/s]
Fitting per-layer PCA:  60%|█████▉    | 2689/4499 [05:30<18:52,  1.60it/s]
Fitting per-layer PCA:  60%|█████▉    | 2690/4499 [05:30<16:12,  1.86it/s]
Fitting per-layer PCA:  60%|█████▉    | 2692/4499 [05:30<11:25,  2.64it/s]
Fitting per-layer PCA:  60%|█████▉    | 2694/4499 [05:30<08:54,  3.38it/s]
Fitting per-layer PCA:  60%|█████▉    | 2696/4499 [05:30<06:51,  4.38it/s]
Fitting per-layer PCA:  60%|█████▉    | 2698/4499 [05:30<05:27,  5.51it/s]
Fitting per-layer PCA:  60%|██████    | 2700/4499 [05:30<04:26,  6.76it/s]
Fitting per-layer PCA:  60%|██████    | 2702/4499 [05:31<03:47,  7.89it/s]
Fitting per-layer PCA:  60%|██████    | 2704/4499 [05:31<03:13,  9.27it/s]
Fitting per-layer PCA:  60%|██████    | 2706/4499 [05:31<02:53, 10.33it/s]
Fitting per-layer PCA:  60%|██████    | 2708/4499 [05:31<02:41, 11.10it/s]
Fitting per-layer PCA:  60%|██████    | 2710/4499 [05:31<02:27, 12.17it/s]
Fitting per-layer PCA:  60%|██████    | 2712/4499 [05:31<02:50, 10.45it/s]
Fitting per-layer PCA:  60%|██████    | 2714/4499 [05:32<02:39, 11.22it/s]
Fitting per-layer PCA:  60%|██████    | 2716/4499 [05:32<03:27,  8.57it/s]
Fitting per-layer PCA:  60%|██████    | 2718/4499 [05:32<03:02,  9.75it/s]
Fitting per-layer PCA:  60%|██████    | 2720/4499 [05:32<02:49, 10.49it/s]
Fitting per-layer PCA:  61%|██████    | 2722/4499 [05:32<02:33, 11.57it/s]
Fitting per-layer PCA:  61%|██████    | 2724/4499 [05:33<02:22, 12.47it/s]
Fitting per-layer PCA:  61%|██████    | 2726/4499 [05:33<02:15, 13.06it/s]
Fitting per-layer PCA:  61%|██████    | 2728/4499 [05:33<02:12, 13.34it/s]
Fitting per-layer PCA:  61%|██████    | 2730/4499 [05:33<02:13, 13.20it/s]
Fitting per-layer PCA:  61%|██████    | 2732/4499 [05:33<02:12, 13.38it/s]
Fitting per-layer PCA:  61%|██████    | 2734/4499 [05:33<02:08, 13.78it/s]
Fitting per-layer PCA:  61%|██████    | 2736/4499 [05:33<02:03, 14.29it/s]
Fitting per-layer PCA:  61%|██████    | 2738/4499 [05:33<02:01, 14.51it/s]
Fitting per-layer PCA:  61%|██████    | 2740/4499 [05:34<02:08, 13.69it/s]
Fitting per-layer PCA:  61%|██████    | 2742/4499 [05:34<02:04, 14.07it/s]
Fitting per-layer PCA:  61%|██████    | 2744/4499 [05:34<02:10, 13.43it/s]
Fitting per-layer PCA:  61%|██████    | 2746/4499 [05:34<02:09, 13.49it/s]
Fitting per-layer PCA:  61%|██████    | 2748/4499 [05:34<02:13, 13.07it/s]
Fitting per-layer PCA:  61%|██████    | 2750/4499 [05:34<02:14, 13.00it/s]
Fitting per-layer PCA:  61%|██████    | 2752/4499 [05:38<18:04,  1.61it/s]
Fitting per-layer PCA:  61%|██████    | 2754/4499 [05:38<13:22,  2.17it/s]
Fitting per-layer PCA:  61%|██████▏   | 2756/4499 [05:39<10:12,  2.85it/s]
Fitting per-layer PCA:  61%|██████▏   | 2758/4499 [05:39<07:43,  3.76it/s]
Fitting per-layer PCA:  61%|██████▏   | 2760/4499 [05:39<06:07,  4.73it/s]
Fitting per-layer PCA:  61%|██████▏   | 2762/4499 [05:39<04:56,  5.86it/s]
Fitting per-layer PCA:  61%|██████▏   | 2764/4499 [05:39<04:02,  7.14it/s]
Fitting per-layer PCA:  61%|██████▏   | 2766/4499 [05:39<03:28,  8.32it/s]
Fitting per-layer PCA:  62%|██████▏   | 2768/4499 [05:39<02:58,  9.71it/s]
Fitting per-layer PCA:  62%|██████▏   | 2770/4499 [05:40<02:49, 10.20it/s]
Fitting per-layer PCA:  62%|██████▏   | 2772/4499 [05:40<02:38, 10.92it/s]
Fitting per-layer PCA:  62%|██████▏   | 2774/4499 [05:40<02:32, 11.29it/s]
Fitting per-layer PCA:  62%|██████▏   | 2776/4499 [05:40<02:22, 12.06it/s]
Fitting per-layer PCA:  62%|██████▏   | 2778/4499 [05:40<02:16, 12.62it/s]
Fitting per-layer PCA:  62%|██████▏   | 2780/4499 [05:40<02:14, 12.74it/s]
Fitting per-layer PCA:  62%|██████▏   | 2782/4499 [05:41<02:16, 12.58it/s]
Fitting per-layer PCA:  62%|██████▏   | 2784/4499 [05:41<02:19, 12.32it/s]
Fitting per-layer PCA:  62%|██████▏   | 2786/4499 [05:41<02:11, 13.01it/s]
Fitting per-layer PCA:  62%|██████▏   | 2788/4499 [05:41<02:09, 13.22it/s]
Fitting per-layer PCA:  62%|██████▏   | 2790/4499 [05:41<02:27, 11.60it/s]
Fitting per-layer PCA:  62%|██████▏   | 2792/4499 [05:41<02:26, 11.63it/s]
Fitting per-layer PCA:  62%|██████▏   | 2794/4499 [05:42<02:28, 11.50it/s]
Fitting per-layer PCA:  62%|██████▏   | 2796/4499 [05:42<02:28, 11.48it/s]
Fitting per-layer PCA:  62%|██████▏   | 2798/4499 [05:42<02:28, 11.48it/s]
Fitting per-layer PCA:  62%|██████▏   | 2800/4499 [05:42<02:19, 12.18it/s]
Fitting per-layer PCA:  62%|██████▏   | 2802/4499 [05:42<02:15, 12.52it/s]
Fitting per-layer PCA:  62%|██████▏   | 2804/4499 [05:42<02:08, 13.14it/s]
Fitting per-layer PCA:  62%|██████▏   | 2806/4499 [05:42<02:12, 12.81it/s]
Fitting per-layer PCA:  62%|██████▏   | 2808/4499 [05:43<02:10, 12.91it/s]
Fitting per-layer PCA:  62%|██████▏   | 2810/4499 [05:43<02:09, 13.09it/s]
Fitting per-layer PCA:  63%|██████▎   | 2812/4499 [05:43<02:04, 13.57it/s]
Fitting per-layer PCA:  63%|██████▎   | 2814/4499 [05:43<02:00, 13.95it/s]
Fitting per-layer PCA:  63%|██████▎   | 2816/4499 [05:47<17:20,  1.62it/s]
Fitting per-layer PCA:  63%|██████▎   | 2818/4499 [05:47<12:41,  2.21it/s]
Fitting per-layer PCA:  63%|██████▎   | 2820/4499 [05:47<09:27,  2.96it/s]
Fitting per-layer PCA:  63%|██████▎   | 2822/4499 [05:47<07:10,  3.89it/s]
Fitting per-layer PCA:  63%|██████▎   | 2824/4499 [05:47<05:44,  4.86it/s]
Fitting per-layer PCA:  63%|██████▎   | 2826/4499 [05:48<05:07,  5.45it/s]
Fitting per-layer PCA:  63%|██████▎   | 2828/4499 [05:48<04:07,  6.75it/s]
Fitting per-layer PCA:  63%|██████▎   | 2830/4499 [05:48<03:28,  8.01it/s]
Fitting per-layer PCA:  63%|██████▎   | 2832/4499 [05:48<03:02,  9.14it/s]
Fitting per-layer PCA:  63%|██████▎   | 2834/4499 [05:48<02:42, 10.24it/s]
Fitting per-layer PCA:  63%|██████▎   | 2836/4499 [05:48<02:25, 11.42it/s]
Fitting per-layer PCA:  63%|██████▎   | 2838/4499 [05:49<02:15, 12.29it/s]
Fitting per-layer PCA:  63%|██████▎   | 2840/4499 [05:49<02:11, 12.64it/s]
Fitting per-layer PCA:  63%|██████▎   | 2842/4499 [05:49<02:05, 13.18it/s]
Fitting per-layer PCA:  63%|██████▎   | 2844/4499 [05:49<02:07, 13.01it/s]
Fitting per-layer PCA:  63%|██████▎   | 2846/4499 [05:49<02:06, 13.04it/s]
Fitting per-layer PCA:  63%|██████▎   | 2848/4499 [05:49<02:10, 12.67it/s]
Fitting per-layer PCA:  63%|██████▎   | 2850/4499 [05:49<02:10, 12.62it/s]
Fitting per-layer PCA:  63%|██████▎   | 2852/4499 [05:50<02:02, 13.49it/s]
Fitting per-layer PCA:  63%|██████▎   | 2854/4499 [05:50<02:06, 12.99it/s]
Fitting per-layer PCA:  63%|██████▎   | 2856/4499 [05:50<02:01, 13.55it/s]
Fitting per-layer PCA:  64%|██████▎   | 2858/4499 [05:50<02:25, 11.29it/s]
Fitting per-layer PCA:  64%|██████▎   | 2860/4499 [05:50<02:19, 11.76it/s]
Fitting per-layer PCA:  64%|██████▎   | 2862/4499 [05:50<02:09, 12.62it/s]
Fitting per-layer PCA:  64%|██████▎   | 2864/4499 [05:51<02:05, 13.04it/s]
Fitting per-layer PCA:  64%|██████▎   | 2866/4499 [05:51<02:01, 13.48it/s]
Fitting per-layer PCA:  64%|██████▎   | 2868/4499 [05:51<01:58, 13.71it/s]
Fitting per-layer PCA:  64%|██████▍   | 2870/4499 [05:51<01:59, 13.66it/s]
Fitting per-layer PCA:  64%|██████▍   | 2872/4499 [05:51<01:59, 13.66it/s]
Fitting per-layer PCA:  64%|██████▍   | 2874/4499 [05:51<02:01, 13.37it/s]
Fitting per-layer PCA:  64%|██████▍   | 2876/4499 [05:51<01:59, 13.61it/s]
Fitting per-layer PCA:  64%|██████▍   | 2878/4499 [05:52<02:02, 13.18it/s]
Fitting per-layer PCA:  64%|██████▍   | 2880/4499 [05:55<16:50,  1.60it/s]
Fitting per-layer PCA:  64%|██████▍   | 2882/4499 [05:56<12:25,  2.17it/s]
Fitting per-layer PCA:  64%|██████▍   | 2884/4499 [05:56<09:57,  2.70it/s]
Fitting per-layer PCA:  64%|██████▍   | 2885/4499 [05:56<08:43,  3.08it/s]
Fitting per-layer PCA:  64%|██████▍   | 2886/4499 [05:56<07:31,  3.57it/s]
Fitting per-layer PCA:  64%|██████▍   | 2888/4499 [05:56<05:26,  4.93it/s]
Fitting per-layer PCA:  64%|██████▍   | 2890/4499 [05:56<04:12,  6.36it/s]
Fitting per-layer PCA:  64%|██████▍   | 2892/4499 [05:56<03:25,  7.81it/s]
Fitting per-layer PCA:  64%|██████▍   | 2894/4499 [05:57<02:59,  8.92it/s]
Fitting per-layer PCA:  64%|██████▍   | 2896/4499 [05:57<02:52,  9.31it/s]
Fitting per-layer PCA:  64%|██████▍   | 2898/4499 [05:57<02:32, 10.51it/s]
Fitting per-layer PCA:  64%|██████▍   | 2900/4499 [05:57<02:21, 11.30it/s]
Fitting per-layer PCA:  65%|██████▍   | 2902/4499 [05:57<02:11, 12.13it/s]
Fitting per-layer PCA:  65%|██████▍   | 2904/4499 [05:57<02:34, 10.33it/s]
Fitting per-layer PCA:  65%|██████▍   | 2906/4499 [05:58<02:32, 10.46it/s]
Fitting per-layer PCA:  65%|██████▍   | 2908/4499 [05:58<02:32, 10.43it/s]
Fitting per-layer PCA:  65%|██████▍   | 2910/4499 [05:58<02:19, 11.36it/s]
Fitting per-layer PCA:  65%|██████▍   | 2912/4499 [05:58<02:11, 12.11it/s]
Fitting per-layer PCA:  65%|██████▍   | 2914/4499 [05:58<02:13, 11.84it/s]
Fitting per-layer PCA:  65%|██████▍   | 2916/4499 [05:59<02:31, 10.45it/s]
Fitting per-layer PCA:  65%|██████▍   | 2918/4499 [05:59<02:17, 11.47it/s]
Fitting per-layer PCA:  65%|██████▍   | 2920/4499 [05:59<02:05, 12.56it/s]
Fitting per-layer PCA:  65%|██████▍   | 2922/4499 [05:59<02:09, 12.18it/s]
Fitting per-layer PCA:  65%|██████▍   | 2924/4499 [05:59<02:05, 12.60it/s]
Fitting per-layer PCA:  65%|██████▌   | 2926/4499 [05:59<02:00, 13.09it/s]
Fitting per-layer PCA:  65%|██████▌   | 2928/4499 [05:59<02:03, 12.75it/s]
Fitting per-layer PCA:  65%|██████▌   | 2930/4499 [06:00<02:06, 12.39it/s]
Fitting per-layer PCA:  65%|██████▌   | 2932/4499 [06:00<02:00, 13.04it/s]
Fitting per-layer PCA:  65%|██████▌   | 2934/4499 [06:00<02:07, 12.32it/s]
Fitting per-layer PCA:  65%|██████▌   | 2936/4499 [06:00<01:57, 13.31it/s]
Fitting per-layer PCA:  65%|██████▌   | 2938/4499 [06:00<02:07, 12.20it/s]
Fitting per-layer PCA:  65%|██████▌   | 2940/4499 [06:01<02:48,  9.28it/s]
Fitting per-layer PCA:  65%|██████▌   | 2942/4499 [06:01<02:33, 10.13it/s]
Fitting per-layer PCA:  65%|██████▌   | 2944/4499 [06:05<16:34,  1.56it/s]
Fitting per-layer PCA:  65%|██████▌   | 2946/4499 [06:05<12:08,  2.13it/s]
Fitting per-layer PCA:  66%|██████▌   | 2948/4499 [06:05<09:05,  2.85it/s]
Fitting per-layer PCA:  66%|██████▌   | 2950/4499 [06:05<06:59,  3.69it/s]
Fitting per-layer PCA:  66%|██████▌   | 2952/4499 [06:05<05:25,  4.76it/s]
Fitting per-layer PCA:  66%|██████▌   | 2954/4499 [06:05<04:20,  5.92it/s]
Fitting per-layer PCA:  66%|██████▌   | 2956/4499 [06:06<03:56,  6.52it/s]
Fitting per-layer PCA:  66%|██████▌   | 2958/4499 [06:06<03:18,  7.78it/s]
Fitting per-layer PCA:  66%|██████▌   | 2960/4499 [06:06<02:50,  9.05it/s]
Fitting per-layer PCA:  66%|██████▌   | 2962/4499 [06:06<02:30, 10.20it/s]
Fitting per-layer PCA:  66%|██████▌   | 2964/4499 [06:06<02:16, 11.24it/s]
Fitting per-layer PCA:  66%|██████▌   | 2966/4499 [06:06<02:08, 11.91it/s]
Fitting per-layer PCA:  66%|██████▌   | 2968/4499 [06:06<02:14, 11.42it/s]
Fitting per-layer PCA:  66%|██████▌   | 2970/4499 [06:07<02:05, 12.15it/s]
Fitting per-layer PCA:  66%|██████▌   | 2972/4499 [06:07<01:55, 13.17it/s]
Fitting per-layer PCA:  66%|██████▌   | 2974/4499 [06:07<01:50, 13.79it/s]
Fitting per-layer PCA:  66%|██████▌   | 2976/4499 [06:07<01:49, 13.89it/s]
Fitting per-layer PCA:  66%|██████▌   | 2978/4499 [06:07<01:49, 13.86it/s]
Fitting per-layer PCA:  66%|██████▌   | 2980/4499 [06:07<01:47, 14.17it/s]
Fitting per-layer PCA:  66%|██████▋   | 2982/4499 [06:07<01:48, 13.95it/s]
Fitting per-layer PCA:  66%|██████▋   | 2984/4499 [06:08<01:51, 13.55it/s]
Fitting per-layer PCA:  66%|██████▋   | 2986/4499 [06:08<01:49, 13.81it/s]
Fitting per-layer PCA:  66%|██████▋   | 2988/4499 [06:08<01:49, 13.79it/s]
Fitting per-layer PCA:  66%|██████▋   | 2990/4499 [06:08<01:45, 14.33it/s]
Fitting per-layer PCA:  67%|██████▋   | 2992/4499 [06:08<01:50, 13.59it/s]
Fitting per-layer PCA:  67%|██████▋   | 2994/4499 [06:08<01:47, 14.02it/s]
Fitting per-layer PCA:  67%|██████▋   | 2996/4499 [06:08<01:51, 13.54it/s]
Fitting per-layer PCA:  67%|██████▋   | 2998/4499 [06:09<01:46, 14.05it/s]
Fitting per-layer PCA:  67%|██████▋   | 3000/4499 [06:09<01:48, 13.85it/s]
Fitting per-layer PCA:  67%|██████▋   | 3002/4499 [06:09<01:47, 13.96it/s]
Fitting per-layer PCA:  67%|██████▋   | 3004/4499 [06:09<01:45, 14.16it/s]
Fitting per-layer PCA:  67%|██████▋   | 3006/4499 [06:09<01:43, 14.36it/s]
Fitting per-layer PCA:  67%|██████▋   | 3008/4499 [06:13<15:38,  1.59it/s]
Fitting per-layer PCA:  67%|██████▋   | 3010/4499 [06:13<11:26,  2.17it/s]
Fitting per-layer PCA:  67%|██████▋   | 3012/4499 [06:13<08:28,  2.92it/s]
Fitting per-layer PCA:  67%|██████▋   | 3014/4499 [06:13<06:24,  3.86it/s]
Fitting per-layer PCA:  67%|██████▋   | 3016/4499 [06:14<05:01,  4.92it/s]
Fitting per-layer PCA:  67%|██████▋   | 3018/4499 [06:14<04:25,  5.58it/s]
Fitting per-layer PCA:  67%|██████▋   | 3020/4499 [06:14<03:35,  6.86it/s]
Fitting per-layer PCA:  67%|██████▋   | 3022/4499 [06:14<02:58,  8.28it/s]
Fitting per-layer PCA:  67%|██████▋   | 3024/4499 [06:14<02:36,  9.40it/s]
Fitting per-layer PCA:  67%|██████▋   | 3026/4499 [06:14<02:27, 10.02it/s]
Fitting per-layer PCA:  67%|██████▋   | 3028/4499 [06:15<02:19, 10.54it/s]
Fitting per-layer PCA:  67%|██████▋   | 3030/4499 [06:15<02:06, 11.60it/s]
Fitting per-layer PCA:  67%|██████▋   | 3032/4499 [06:15<01:59, 12.28it/s]
Fitting per-layer PCA:  67%|██████▋   | 3034/4499 [06:15<01:52, 12.99it/s]
Fitting per-layer PCA:  67%|██████▋   | 3036/4499 [06:15<01:56, 12.54it/s]
Fitting per-layer PCA:  68%|██████▊   | 3038/4499 [06:15<01:52, 12.99it/s]
Fitting per-layer PCA:  68%|██████▊   | 3040/4499 [06:15<01:48, 13.39it/s]
Fitting per-layer PCA:  68%|██████▊   | 3042/4499 [06:16<01:50, 13.13it/s]
Fitting per-layer PCA:  68%|██████▊   | 3044/4499 [06:16<01:49, 13.29it/s]
Fitting per-layer PCA:  68%|██████▊   | 3046/4499 [06:16<01:48, 13.34it/s]
Fitting per-layer PCA:  68%|██████▊   | 3048/4499 [06:16<01:51, 12.96it/s]
Fitting per-layer PCA:  68%|██████▊   | 3050/4499 [06:16<01:47, 13.44it/s]
Fitting per-layer PCA:  68%|██████▊   | 3052/4499 [06:16<01:50, 13.04it/s]
Fitting per-layer PCA:  68%|██████▊   | 3054/4499 [06:16<01:46, 13.59it/s]
Fitting per-layer PCA:  68%|██████▊   | 3056/4499 [06:17<01:57, 12.26it/s]
Fitting per-layer PCA:  68%|██████▊   | 3058/4499 [06:17<01:50, 13.04it/s]
Fitting per-layer PCA:  68%|██████▊   | 3060/4499 [06:17<01:55, 12.49it/s]
Fitting per-layer PCA:  68%|██████▊   | 3062/4499 [06:17<01:50, 12.98it/s]
Fitting per-layer PCA:  68%|██████▊   | 3064/4499 [06:17<01:47, 13.30it/s]
Fitting per-layer PCA:  68%|██████▊   | 3066/4499 [06:17<01:43, 13.88it/s]
Fitting per-layer PCA:  68%|██████▊   | 3068/4499 [06:18<02:02, 11.68it/s]
Fitting per-layer PCA:  68%|██████▊   | 3070/4499 [06:18<01:53, 12.60it/s]
Fitting per-layer PCA:  68%|██████▊   | 3072/4499 [06:21<14:52,  1.60it/s]
Fitting per-layer PCA:  68%|██████▊   | 3074/4499 [06:22<10:51,  2.19it/s]
Fitting per-layer PCA:  68%|██████▊   | 3076/4499 [06:22<08:12,  2.89it/s]
Fitting per-layer PCA:  68%|██████▊   | 3078/4499 [06:22<06:12,  3.82it/s]
Fitting per-layer PCA:  68%|██████▊   | 3080/4499 [06:22<04:48,  4.93it/s]
Fitting per-layer PCA:  69%|██████▊   | 3082/4499 [06:22<03:56,  6.00it/s]
Fitting per-layer PCA:  69%|██████▊   | 3084/4499 [06:22<03:12,  7.33it/s]
Fitting per-layer PCA:  69%|██████▊   | 3086/4499 [06:22<02:43,  8.64it/s]
Fitting per-layer PCA:  69%|██████▊   | 3088/4499 [06:23<02:23,  9.80it/s]
Fitting per-layer PCA:  69%|██████▊   | 3090/4499 [06:23<02:09, 10.90it/s]
Fitting per-layer PCA:  69%|██████▊   | 3092/4499 [06:23<02:02, 11.47it/s]
Fitting per-layer PCA:  69%|██████▉   | 3094/4499 [06:23<01:56, 12.09it/s]
Fitting per-layer PCA:  69%|██████▉   | 3096/4499 [06:23<01:49, 12.78it/s]
Fitting per-layer PCA:  69%|██████▉   | 3098/4499 [06:23<01:52, 12.44it/s]
Fitting per-layer PCA:  69%|██████▉   | 3100/4499 [06:24<01:45, 13.23it/s]
Fitting per-layer PCA:  69%|██████▉   | 3102/4499 [06:24<01:42, 13.60it/s]
Fitting per-layer PCA:  69%|██████▉   | 3104/4499 [06:24<01:41, 13.81it/s]
Fitting per-layer PCA:  69%|██████▉   | 3106/4499 [06:24<01:45, 13.22it/s]
Fitting per-layer PCA:  69%|██████▉   | 3108/4499 [06:24<01:43, 13.43it/s]
Fitting per-layer PCA:  69%|██████▉   | 3110/4499 [06:24<01:37, 14.23it/s]
Fitting per-layer PCA:  69%|██████▉   | 3112/4499 [06:24<01:39, 13.97it/s]
Fitting per-layer PCA:  69%|██████▉   | 3114/4499 [06:24<01:36, 14.28it/s]
Fitting per-layer PCA:  69%|██████▉   | 3116/4499 [06:25<01:37, 14.13it/s]
Fitting per-layer PCA:  69%|██████▉   | 3118/4499 [06:25<01:37, 14.21it/s]
Fitting per-layer PCA:  69%|██████▉   | 3120/4499 [06:25<01:36, 14.31it/s]
Fitting per-layer PCA:  69%|██████▉   | 3122/4499 [06:25<01:35, 14.39it/s]
Fitting per-layer PCA:  69%|██████▉   | 3124/4499 [06:25<01:30, 15.18it/s]
Fitting per-layer PCA:  69%|██████▉   | 3126/4499 [06:25<01:29, 15.27it/s]
Fitting per-layer PCA:  70%|██████▉   | 3128/4499 [06:25<01:36, 14.15it/s]
Fitting per-layer PCA:  70%|██████▉   | 3130/4499 [06:26<01:35, 14.29it/s]
Fitting per-layer PCA:  70%|██████▉   | 3132/4499 [06:26<01:34, 14.39it/s]
Fitting per-layer PCA:  70%|██████▉   | 3134/4499 [06:26<01:34, 14.46it/s]
Fitting per-layer PCA:  70%|██████▉   | 3136/4499 [06:30<14:04,  1.61it/s]
Fitting per-layer PCA:  70%|██████▉   | 3138/4499 [06:30<10:18,  2.20it/s]
Fitting per-layer PCA:  70%|██████▉   | 3140/4499 [06:30<07:46,  2.91it/s]
Fitting per-layer PCA:  70%|██████▉   | 3142/4499 [06:30<06:00,  3.76it/s]
Fitting per-layer PCA:  70%|██████▉   | 3144/4499 [06:30<04:51,  4.65it/s]
Fitting per-layer PCA:  70%|██████▉   | 3146/4499 [06:30<03:52,  5.81it/s]
Fitting per-layer PCA:  70%|██████▉   | 3148/4499 [06:31<03:08,  7.16it/s]
Fitting per-layer PCA:  70%|███████   | 3150/4499 [06:31<02:38,  8.51it/s]
Fitting per-layer PCA:  70%|███████   | 3152/4499 [06:31<02:18,  9.75it/s]
Fitting per-layer PCA:  70%|███████   | 3154/4499 [06:31<02:07, 10.54it/s]
Fitting per-layer PCA:  70%|███████   | 3156/4499 [06:31<02:02, 10.94it/s]
Fitting per-layer PCA:  70%|███████   | 3158/4499 [06:31<01:58, 11.34it/s]
Fitting per-layer PCA:  70%|███████   | 3160/4499 [06:32<01:49, 12.26it/s]
Fitting per-layer PCA:  70%|███████   | 3162/4499 [06:32<01:46, 12.58it/s]
Fitting per-layer PCA:  70%|███████   | 3164/4499 [06:32<01:49, 12.18it/s]
Fitting per-layer PCA:  70%|███████   | 3166/4499 [06:32<01:51, 11.99it/s]
Fitting per-layer PCA:  70%|███████   | 3168/4499 [06:32<01:46, 12.46it/s]
Fitting per-layer PCA:  70%|███████   | 3170/4499 [06:32<01:47, 12.35it/s]
Fitting per-layer PCA:  71%|███████   | 3172/4499 [06:33<01:54, 11.56it/s]
Fitting per-layer PCA:  71%|███████   | 3174/4499 [06:33<01:44, 12.73it/s]
Fitting per-layer PCA:  71%|███████   | 3176/4499 [06:33<01:38, 13.42it/s]
Fitting per-layer PCA:  71%|███████   | 3178/4499 [06:33<01:41, 13.03it/s]
Fitting per-layer PCA:  71%|███████   | 3180/4499 [06:33<01:37, 13.47it/s]
Fitting per-layer PCA:  71%|███████   | 3182/4499 [06:33<01:36, 13.69it/s]
Fitting per-layer PCA:  71%|███████   | 3184/4499 [06:33<01:34, 13.98it/s]
Fitting per-layer PCA:  71%|███████   | 3186/4499 [06:34<01:39, 13.15it/s]
Fitting per-layer PCA:  71%|███████   | 3188/4499 [06:34<01:42, 12.80it/s]
Fitting per-layer PCA:  71%|███████   | 3190/4499 [06:34<01:35, 13.65it/s]
Fitting per-layer PCA:  71%|███████   | 3192/4499 [06:34<01:39, 13.16it/s]
Fitting per-layer PCA:  71%|███████   | 3194/4499 [06:34<01:40, 13.05it/s]
Fitting per-layer PCA:  71%|███████   | 3196/4499 [06:34<01:37, 13.43it/s]
Fitting per-layer PCA:  71%|███████   | 3198/4499 [06:34<01:53, 11.48it/s]
Fitting per-layer PCA:  71%|███████   | 3200/4499 [06:38<13:39,  1.59it/s]
Fitting per-layer PCA:  71%|███████   | 3202/4499 [06:38<09:59,  2.16it/s]
Fitting per-layer PCA:  71%|███████   | 3204/4499 [06:39<07:26,  2.90it/s]
Fitting per-layer PCA:  71%|███████▏  | 3206/4499 [06:39<05:39,  3.81it/s]
Fitting per-layer PCA:  71%|███████▏  | 3208/4499 [06:39<04:23,  4.90it/s]
Fitting per-layer PCA:  71%|███████▏  | 3210/4499 [06:39<03:32,  6.08it/s]
Fitting per-layer PCA:  71%|███████▏  | 3212/4499 [06:39<02:53,  7.43it/s]
Fitting per-layer PCA:  71%|███████▏  | 3214/4499 [06:39<02:27,  8.73it/s]
Fitting per-layer PCA:  71%|███████▏  | 3216/4499 [06:39<02:11,  9.75it/s]
Fitting per-layer PCA:  72%|███████▏  | 3218/4499 [06:40<01:56, 10.97it/s]
Fitting per-layer PCA:  72%|███████▏  | 3220/4499 [06:40<01:50, 11.59it/s]
Fitting per-layer PCA:  72%|███████▏  | 3222/4499 [06:40<01:46, 11.95it/s]
Fitting per-layer PCA:  72%|███████▏  | 3224/4499 [06:40<01:40, 12.63it/s]
Fitting per-layer PCA:  72%|███████▏  | 3226/4499 [06:40<01:38, 12.91it/s]
Fitting per-layer PCA:  72%|███████▏  | 3228/4499 [06:40<01:35, 13.29it/s]
Fitting per-layer PCA:  72%|███████▏  | 3230/4499 [06:40<01:37, 12.99it/s]
Fitting per-layer PCA:  72%|███████▏  | 3232/4499 [06:41<01:33, 13.61it/s]
Fitting per-layer PCA:  72%|███████▏  | 3234/4499 [06:41<01:30, 14.05it/s]
Fitting per-layer PCA:  72%|███████▏  | 3236/4499 [06:41<01:29, 14.09it/s]
Fitting per-layer PCA:  72%|███████▏  | 3238/4499 [06:41<01:38, 12.79it/s]
Fitting per-layer PCA:  72%|███████▏  | 3240/4499 [06:41<01:41, 12.36it/s]
Fitting per-layer PCA:  72%|███████▏  | 3242/4499 [06:41<01:37, 12.93it/s]
Fitting per-layer PCA:  72%|███████▏  | 3244/4499 [06:41<01:35, 13.12it/s]
Fitting per-layer PCA:  72%|███████▏  | 3246/4499 [06:42<01:33, 13.47it/s]
Fitting per-layer PCA:  72%|███████▏  | 3248/4499 [06:42<01:30, 13.84it/s]
Fitting per-layer PCA:  72%|███████▏  | 3250/4499 [06:42<01:32, 13.49it/s]
Fitting per-layer PCA:  72%|███████▏  | 3252/4499 [06:42<01:30, 13.74it/s]
Fitting per-layer PCA:  72%|███████▏  | 3254/4499 [06:42<01:30, 13.70it/s]
Fitting per-layer PCA:  72%|███████▏  | 3256/4499 [06:42<01:28, 14.04it/s]
Fitting per-layer PCA:  72%|███████▏  | 3258/4499 [06:42<01:29, 13.86it/s]
Fitting per-layer PCA:  72%|███████▏  | 3260/4499 [06:43<01:29, 13.84it/s]
Fitting per-layer PCA:  73%|███████▎  | 3262/4499 [06:43<01:35, 12.98it/s]
Fitting per-layer PCA:  73%|███████▎  | 3264/4499 [06:47<13:28,  1.53it/s]
Fitting per-layer PCA:  73%|███████▎  | 3266/4499 [06:47<09:50,  2.09it/s]
Fitting per-layer PCA:  73%|███████▎  | 3268/4499 [06:47<07:21,  2.79it/s]
Fitting per-layer PCA:  73%|███████▎  | 3270/4499 [06:47<05:35,  3.67it/s]
Fitting per-layer PCA:  73%|███████▎  | 3272/4499 [06:47<04:22,  4.67it/s]
Fitting per-layer PCA:  73%|███████▎  | 3274/4499 [06:48<03:33,  5.73it/s]
Fitting per-layer PCA:  73%|███████▎  | 3276/4499 [06:48<02:55,  6.98it/s]
Fitting per-layer PCA:  73%|███████▎  | 3278/4499 [06:48<02:28,  8.24it/s]
Fitting per-layer PCA:  73%|███████▎  | 3280/4499 [06:48<02:10,  9.33it/s]
Fitting per-layer PCA:  73%|███████▎  | 3282/4499 [06:48<01:56, 10.46it/s]
Fitting per-layer PCA:  73%|███████▎  | 3284/4499 [06:48<01:50, 10.98it/s]
Fitting per-layer PCA:  73%|███████▎  | 3286/4499 [06:48<01:42, 11.79it/s]
Fitting per-layer PCA:  73%|███████▎  | 3288/4499 [06:49<01:44, 11.57it/s]
Fitting per-layer PCA:  73%|███████▎  | 3290/4499 [06:49<01:39, 12.15it/s]
Fitting per-layer PCA:  73%|███████▎  | 3292/4499 [06:49<01:37, 12.36it/s]
Fitting per-layer PCA:  73%|███████▎  | 3294/4499 [06:49<01:31, 13.17it/s]
Fitting per-layer PCA:  73%|███████▎  | 3296/4499 [06:49<01:30, 13.28it/s]
Fitting per-layer PCA:  73%|███████▎  | 3298/4499 [06:49<01:25, 14.04it/s]
Fitting per-layer PCA:  73%|███████▎  | 3300/4499 [06:49<01:25, 13.98it/s]
Fitting per-layer PCA:  73%|███████▎  | 3302/4499 [06:50<01:22, 14.48it/s]
Fitting per-layer PCA:  73%|███████▎  | 3304/4499 [06:50<01:22, 14.52it/s]
Fitting per-layer PCA:  73%|███████▎  | 3306/4499 [06:50<01:21, 14.55it/s]
Fitting per-layer PCA:  74%|███████▎  | 3308/4499 [06:50<01:18, 15.18it/s]
Fitting per-layer PCA:  74%|███████▎  | 3310/4499 [06:50<01:19, 14.92it/s]
Fitting per-layer PCA:  74%|███████▎  | 3312/4499 [06:50<01:21, 14.50it/s]
Fitting per-layer PCA:  74%|███████▎  | 3314/4499 [06:50<01:24, 14.09it/s]
Fitting per-layer PCA:  74%|███████▎  | 3316/4499 [06:51<01:21, 14.48it/s]
Fitting per-layer PCA:  74%|███████▎  | 3318/4499 [06:51<01:25, 13.82it/s]
Fitting per-layer PCA:  74%|███████▍  | 3320/4499 [06:51<01:25, 13.75it/s]
Fitting per-layer PCA:  74%|███████▍  | 3322/4499 [06:51<01:25, 13.72it/s]
Fitting per-layer PCA:  74%|███████▍  | 3324/4499 [06:51<01:23, 14.11it/s]
Fitting per-layer PCA:  74%|███████▍  | 3326/4499 [06:51<01:22, 14.18it/s]
Fitting per-layer PCA:  74%|███████▍  | 3328/4499 [06:55<11:59,  1.63it/s]
Fitting per-layer PCA:  74%|███████▍  | 3330/4499 [06:55<08:47,  2.22it/s]
Fitting per-layer PCA:  74%|███████▍  | 3332/4499 [06:55<06:30,  2.99it/s]
Fitting per-layer PCA:  74%|███████▍  | 3334/4499 [06:55<04:57,  3.92it/s]
Fitting per-layer PCA:  74%|███████▍  | 3336/4499 [06:56<03:49,  5.07it/s]
Fitting per-layer PCA:  74%|███████▍  | 3338/4499 [06:56<03:13,  6.01it/s]
Fitting per-layer PCA:  74%|███████▍  | 3340/4499 [06:56<03:00,  6.40it/s]
Fitting per-layer PCA:  74%|███████▍  | 3342/4499 [06:56<02:27,  7.82it/s]
Fitting per-layer PCA:  74%|███████▍  | 3344/4499 [06:56<02:10,  8.86it/s]
Fitting per-layer PCA:  74%|███████▍  | 3346/4499 [06:56<01:55, 10.00it/s]
Fitting per-layer PCA:  74%|███████▍  | 3348/4499 [06:57<01:45, 10.94it/s]
Fitting per-layer PCA:  74%|███████▍  | 3350/4499 [06:57<01:58,  9.66it/s]
Fitting per-layer PCA:  75%|███████▍  | 3352/4499 [06:57<02:38,  7.23it/s]
Fitting per-layer PCA:  75%|███████▍  | 3354/4499 [06:57<02:15,  8.47it/s]
Fitting per-layer PCA:  75%|███████▍  | 3356/4499 [06:58<02:00,  9.48it/s]
Fitting per-layer PCA:  75%|███████▍  | 3358/4499 [06:58<01:48, 10.52it/s]
Fitting per-layer PCA:  75%|███████▍  | 3360/4499 [06:58<01:37, 11.66it/s]
Fitting per-layer PCA:  75%|███████▍  | 3362/4499 [06:58<01:32, 12.31it/s]
Fitting per-layer PCA:  75%|███████▍  | 3364/4499 [06:58<01:34, 12.07it/s]
Fitting per-layer PCA:  75%|███████▍  | 3366/4499 [06:58<01:29, 12.72it/s]
Fitting per-layer PCA:  75%|███████▍  | 3368/4499 [06:58<01:23, 13.49it/s]
Fitting per-layer PCA:  75%|███████▍  | 3370/4499 [06:59<01:23, 13.56it/s]
Fitting per-layer PCA:  75%|███████▍  | 3372/4499 [06:59<01:23, 13.54it/s]
Fitting per-layer PCA:  75%|███████▍  | 3374/4499 [06:59<01:22, 13.71it/s]
Fitting per-layer PCA:  75%|███████▌  | 3376/4499 [06:59<01:22, 13.57it/s]
Fitting per-layer PCA:  75%|███████▌  | 3378/4499 [06:59<01:21, 13.74it/s]
Fitting per-layer PCA:  75%|███████▌  | 3380/4499 [06:59<01:19, 14.07it/s]
Fitting per-layer PCA:  75%|███████▌  | 3382/4499 [06:59<01:20, 13.90it/s]
Fitting per-layer PCA:  75%|███████▌  | 3384/4499 [07:00<01:21, 13.72it/s]
Fitting per-layer PCA:  75%|███████▌  | 3386/4499 [07:00<01:18, 14.13it/s]
Fitting per-layer PCA:  75%|███████▌  | 3388/4499 [07:00<01:20, 13.82it/s]
Fitting per-layer PCA:  75%|███████▌  | 3390/4499 [07:00<01:21, 13.67it/s]
Fitting per-layer PCA:  75%|███████▌  | 3392/4499 [07:04<11:26,  1.61it/s]
Fitting per-layer PCA:  75%|███████▌  | 3394/4499 [07:04<08:21,  2.20it/s]
Fitting per-layer PCA:  75%|███████▌  | 3396/4499 [07:04<06:11,  2.97it/s]
Fitting per-layer PCA:  76%|███████▌  | 3398/4499 [07:04<04:39,  3.94it/s]
Fitting per-layer PCA:  76%|███████▌  | 3400/4499 [07:04<03:40,  4.98it/s]
Fitting per-layer PCA:  76%|███████▌  | 3402/4499 [07:05<03:01,  6.03it/s]
Fitting per-layer PCA:  76%|███████▌  | 3404/4499 [07:05<02:28,  7.36it/s]
Fitting per-layer PCA:  76%|███████▌  | 3406/4499 [07:05<02:16,  8.01it/s]
Fitting per-layer PCA:  76%|███████▌  | 3408/4499 [07:05<01:59,  9.14it/s]
Fitting per-layer PCA:  76%|███████▌  | 3410/4499 [07:05<01:46, 10.27it/s]
Fitting per-layer PCA:  76%|███████▌  | 3412/4499 [07:05<01:33, 11.62it/s]
Fitting per-layer PCA:  76%|███████▌  | 3414/4499 [07:05<01:24, 12.87it/s]
Fitting per-layer PCA:  76%|███████▌  | 3416/4499 [07:06<01:26, 12.55it/s]
Fitting per-layer PCA:  76%|███████▌  | 3418/4499 [07:06<01:21, 13.20it/s]
Fitting per-layer PCA:  76%|███████▌  | 3420/4499 [07:06<01:19, 13.60it/s]
Fitting per-layer PCA:  76%|███████▌  | 3422/4499 [07:06<01:15, 14.24it/s]
Fitting per-layer PCA:  76%|███████▌  | 3424/4499 [07:06<01:14, 14.46it/s]
Fitting per-layer PCA:  76%|███████▌  | 3426/4499 [07:06<01:28, 12.19it/s]
Fitting per-layer PCA:  76%|███████▌  | 3428/4499 [07:06<01:23, 12.78it/s]
Fitting per-layer PCA:  76%|███████▌  | 3430/4499 [07:07<01:22, 13.01it/s]
Fitting per-layer PCA:  76%|███████▋  | 3432/4499 [07:07<01:26, 12.40it/s]
Fitting per-layer PCA:  76%|███████▋  | 3434/4499 [07:07<01:21, 13.02it/s]
Fitting per-layer PCA:  76%|███████▋  | 3436/4499 [07:07<01:19, 13.38it/s]
Fitting per-layer PCA:  76%|███████▋  | 3438/4499 [07:07<01:22, 12.81it/s]
Fitting per-layer PCA:  76%|███████▋  | 3440/4499 [07:07<01:18, 13.57it/s]
Fitting per-layer PCA:  77%|███████▋  | 3442/4499 [07:07<01:15, 14.02it/s]
Fitting per-layer PCA:  77%|███████▋  | 3444/4499 [07:08<01:12, 14.59it/s]
Fitting per-layer PCA:  77%|███████▋  | 3446/4499 [07:08<01:19, 13.30it/s]
Fitting per-layer PCA:  77%|███████▋  | 3448/4499 [07:08<01:23, 12.53it/s]
Fitting per-layer PCA:  77%|███████▋  | 3450/4499 [07:08<01:19, 13.25it/s]
Fitting per-layer PCA:  77%|███████▋  | 3452/4499 [07:08<01:16, 13.75it/s]
Fitting per-layer PCA:  77%|███████▋  | 3454/4499 [07:08<01:15, 13.90it/s]
Fitting per-layer PCA:  77%|███████▋  | 3456/4499 [07:12<10:52,  1.60it/s]
Fitting per-layer PCA:  77%|███████▋  | 3458/4499 [07:12<07:54,  2.19it/s]
Fitting per-layer PCA:  77%|███████▋  | 3460/4499 [07:12<05:54,  2.93it/s]
Fitting per-layer PCA:  77%|███████▋  | 3462/4499 [07:13<04:28,  3.87it/s]
Fitting per-layer PCA:  77%|███████▋  | 3464/4499 [07:13<03:41,  4.67it/s]
Fitting per-layer PCA:  77%|███████▋  | 3466/4499 [07:13<02:58,  5.78it/s]
Fitting per-layer PCA:  77%|███████▋  | 3468/4499 [07:13<02:25,  7.07it/s]
Fitting per-layer PCA:  77%|███████▋  | 3470/4499 [07:13<02:04,  8.25it/s]
Fitting per-layer PCA:  77%|███████▋  | 3472/4499 [07:13<01:48,  9.46it/s]
Fitting per-layer PCA:  77%|███████▋  | 3474/4499 [07:13<01:34, 10.81it/s]
Fitting per-layer PCA:  77%|███████▋  | 3476/4499 [07:14<01:27, 11.69it/s]
Fitting per-layer PCA:  77%|███████▋  | 3478/4499 [07:14<01:23, 12.21it/s]
Fitting per-layer PCA:  77%|███████▋  | 3480/4499 [07:14<01:23, 12.21it/s]
Fitting per-layer PCA:  77%|███████▋  | 3482/4499 [07:14<01:21, 12.45it/s]
Fitting per-layer PCA:  77%|███████▋  | 3484/4499 [07:14<01:23, 12.11it/s]
Fitting per-layer PCA:  77%|███████▋  | 3486/4499 [07:14<01:19, 12.67it/s]
Fitting per-layer PCA:  78%|███████▊  | 3488/4499 [07:15<01:15, 13.33it/s]
Fitting per-layer PCA:  78%|███████▊  | 3490/4499 [07:15<01:16, 13.19it/s]
Fitting per-layer PCA:  78%|███████▊  | 3492/4499 [07:15<01:14, 13.52it/s]
Fitting per-layer PCA:  78%|███████▊  | 3494/4499 [07:15<01:14, 13.55it/s]
Fitting per-layer PCA:  78%|███████▊  | 3496/4499 [07:15<01:11, 14.02it/s]
Fitting per-layer PCA:  78%|███████▊  | 3498/4499 [07:15<01:11, 14.07it/s]
Fitting per-layer PCA:  78%|███████▊  | 3500/4499 [07:15<01:09, 14.30it/s]
Fitting per-layer PCA:  78%|███████▊  | 3502/4499 [07:16<01:08, 14.54it/s]
Fitting per-layer PCA:  78%|███████▊  | 3504/4499 [07:16<01:09, 14.23it/s]
Fitting per-layer PCA:  78%|███████▊  | 3506/4499 [07:16<01:08, 14.53it/s]
Fitting per-layer PCA:  78%|███████▊  | 3508/4499 [07:16<01:08, 14.43it/s]
Fitting per-layer PCA:  78%|███████▊  | 3510/4499 [07:16<01:05, 15.06it/s]
Fitting per-layer PCA:  78%|███████▊  | 3512/4499 [07:16<01:07, 14.65it/s]
Fitting per-layer PCA:  78%|███████▊  | 3514/4499 [07:16<01:11, 13.71it/s]
Fitting per-layer PCA:  78%|███████▊  | 3516/4499 [07:17<01:11, 13.69it/s]
Fitting per-layer PCA:  78%|███████▊  | 3518/4499 [07:17<01:15, 12.91it/s]
Fitting per-layer PCA:  78%|███████▊  | 3520/4499 [07:21<10:12,  1.60it/s]
Fitting per-layer PCA:  78%|███████▊  | 3522/4499 [07:21<07:32,  2.16it/s]
Fitting per-layer PCA:  78%|███████▊  | 3524/4499 [07:21<05:39,  2.87it/s]
Fitting per-layer PCA:  78%|███████▊  | 3526/4499 [07:21<04:17,  3.77it/s]
Fitting per-layer PCA:  78%|███████▊  | 3528/4499 [07:21<03:18,  4.90it/s]
Fitting per-layer PCA:  78%|███████▊  | 3530/4499 [07:21<02:37,  6.15it/s]
Fitting per-layer PCA:  79%|███████▊  | 3532/4499 [07:21<02:10,  7.43it/s]
Fitting per-layer PCA:  79%|███████▊  | 3534/4499 [07:22<01:51,  8.69it/s]
Fitting per-layer PCA:  79%|███████▊  | 3536/4499 [07:22<01:39,  9.71it/s]
Fitting per-layer PCA:  79%|███████▊  | 3538/4499 [07:22<01:33, 10.28it/s]
Fitting per-layer PCA:  79%|███████▊  | 3540/4499 [07:22<01:25, 11.28it/s]
Fitting per-layer PCA:  79%|███████▊  | 3542/4499 [07:22<01:21, 11.73it/s]
Fitting per-layer PCA:  79%|███████▉  | 3544/4499 [07:22<01:32, 10.36it/s]
Fitting per-layer PCA:  79%|███████▉  | 3546/4499 [07:23<01:26, 10.97it/s]
Fitting per-layer PCA:  79%|███████▉  | 3548/4499 [07:23<01:36,  9.81it/s]
Fitting per-layer PCA:  79%|███████▉  | 3550/4499 [07:23<01:25, 11.13it/s]
Fitting per-layer PCA:  79%|███████▉  | 3552/4499 [07:23<01:24, 11.25it/s]
Fitting per-layer PCA:  79%|███████▉  | 3554/4499 [07:23<01:16, 12.29it/s]
Fitting per-layer PCA:  79%|███████▉  | 3556/4499 [07:23<01:26, 10.88it/s]
Fitting per-layer PCA:  79%|███████▉  | 3558/4499 [07:24<01:23, 11.22it/s]
Fitting per-layer PCA:  79%|███████▉  | 3560/4499 [07:24<01:18, 11.90it/s]
Fitting per-layer PCA:  79%|███████▉  | 3562/4499 [07:24<01:16, 12.31it/s]
Fitting per-layer PCA:  79%|███████▉  | 3564/4499 [07:24<01:11, 13.07it/s]
Fitting per-layer PCA:  79%|███████▉  | 3566/4499 [07:24<01:09, 13.41it/s]
Fitting per-layer PCA:  79%|███████▉  | 3568/4499 [07:24<01:06, 13.93it/s]
Fitting per-layer PCA:  79%|███████▉  | 3570/4499 [07:24<01:06, 14.04it/s]
Fitting per-layer PCA:  79%|███████▉  | 3572/4499 [07:25<01:05, 14.14it/s]
Fitting per-layer PCA:  79%|███████▉  | 3574/4499 [07:25<01:06, 13.92it/s]
Fitting per-layer PCA:  79%|███████▉  | 3576/4499 [07:25<01:06, 13.86it/s]
Fitting per-layer PCA:  80%|███████▉  | 3578/4499 [07:25<01:10, 13.07it/s]
Fitting per-layer PCA:  80%|███████▉  | 3580/4499 [07:25<01:08, 13.45it/s]
Fitting per-layer PCA:  80%|███████▉  | 3582/4499 [07:25<01:07, 13.53it/s]
Fitting per-layer PCA:  80%|███████▉  | 3584/4499 [07:29<09:30,  1.60it/s]
Fitting per-layer PCA:  80%|███████▉  | 3586/4499 [07:29<06:56,  2.19it/s]
Fitting per-layer PCA:  80%|███████▉  | 3588/4499 [07:29<05:10,  2.94it/s]
Fitting per-layer PCA:  80%|███████▉  | 3590/4499 [07:30<03:55,  3.85it/s]
Fitting per-layer PCA:  80%|███████▉  | 3592/4499 [07:30<03:06,  4.87it/s]
Fitting per-layer PCA:  80%|███████▉  | 3594/4499 [07:30<02:29,  6.07it/s]
Fitting per-layer PCA:  80%|███████▉  | 3596/4499 [07:30<02:01,  7.43it/s]
Fitting per-layer PCA:  80%|███████▉  | 3598/4499 [07:30<01:44,  8.63it/s]
Fitting per-layer PCA:  80%|████████  | 3600/4499 [07:30<01:31,  9.80it/s]
Fitting per-layer PCA:  80%|████████  | 3602/4499 [07:30<01:22, 10.92it/s]
Fitting per-layer PCA:  80%|████████  | 3604/4499 [07:31<01:17, 11.55it/s]
Fitting per-layer PCA:  80%|████████  | 3606/4499 [07:31<01:13, 12.22it/s]
Fitting per-layer PCA:  80%|████████  | 3608/4499 [07:31<01:15, 11.82it/s]
Fitting per-layer PCA:  80%|████████  | 3610/4499 [07:31<01:15, 11.75it/s]
Fitting per-layer PCA:  80%|████████  | 3612/4499 [07:31<01:14, 11.86it/s]
Fitting per-layer PCA:  80%|████████  | 3614/4499 [07:31<01:10, 12.51it/s]
Fitting per-layer PCA:  80%|████████  | 3616/4499 [07:31<01:08, 12.86it/s]
Fitting per-layer PCA:  80%|████████  | 3618/4499 [07:32<01:06, 13.35it/s]
Fitting per-layer PCA:  80%|████████  | 3620/4499 [07:32<01:05, 13.34it/s]
Fitting per-layer PCA:  81%|████████  | 3622/4499 [07:32<01:04, 13.68it/s]
Fitting per-layer PCA:  81%|████████  | 3624/4499 [07:32<01:04, 13.56it/s]
Fitting per-layer PCA:  81%|████████  | 3626/4499 [07:32<01:03, 13.86it/s]
Fitting per-layer PCA:  81%|████████  | 3628/4499 [07:32<01:01, 14.07it/s]
Fitting per-layer PCA:  81%|████████  | 3630/4499 [07:33<01:04, 13.54it/s]
Fitting per-layer PCA:  81%|████████  | 3632/4499 [07:33<01:14, 11.56it/s]
Fitting per-layer PCA:  81%|████████  | 3634/4499 [07:33<01:13, 11.83it/s]
Fitting per-layer PCA:  81%|████████  | 3636/4499 [07:33<01:08, 12.59it/s]
Fitting per-layer PCA:  81%|████████  | 3638/4499 [07:33<01:09, 12.43it/s]
Fitting per-layer PCA:  81%|████████  | 3640/4499 [07:33<01:08, 12.53it/s]
Fitting per-layer PCA:  81%|████████  | 3642/4499 [07:33<01:05, 13.06it/s]
Fitting per-layer PCA:  81%|████████  | 3644/4499 [07:34<01:03, 13.36it/s]
Fitting per-layer PCA:  81%|████████  | 3646/4499 [07:34<01:01, 13.87it/s]
Fitting per-layer PCA:  81%|████████  | 3648/4499 [07:38<08:45,  1.62it/s]
Fitting per-layer PCA:  81%|████████  | 3650/4499 [07:38<06:23,  2.21it/s]
Fitting per-layer PCA:  81%|████████  | 3652/4499 [07:38<04:46,  2.96it/s]
Fitting per-layer PCA:  81%|████████  | 3654/4499 [07:38<03:38,  3.87it/s]
Fitting per-layer PCA:  81%|████████▏ | 3656/4499 [07:38<02:50,  4.94it/s]
Fitting per-layer PCA:  81%|████████▏ | 3658/4499 [07:38<02:16,  6.16it/s]
Fitting per-layer PCA:  81%|████████▏ | 3660/4499 [07:38<01:58,  7.07it/s]
Fitting per-layer PCA:  81%|████████▏ | 3662/4499 [07:39<01:42,  8.15it/s]
Fitting per-layer PCA:  81%|████████▏ | 3664/4499 [07:39<01:29,  9.32it/s]
Fitting per-layer PCA:  81%|████████▏ | 3666/4499 [07:39<01:19, 10.44it/s]
Fitting per-layer PCA:  82%|████████▏ | 3668/4499 [07:39<01:16, 10.82it/s]
Fitting per-layer PCA:  82%|████████▏ | 3670/4499 [07:39<01:11, 11.57it/s]
Fitting per-layer PCA:  82%|████████▏ | 3672/4499 [07:39<01:07, 12.26it/s]
Fitting per-layer PCA:  82%|████████▏ | 3674/4499 [07:39<01:06, 12.40it/s]
Fitting per-layer PCA:  82%|████████▏ | 3676/4499 [07:40<01:04, 12.75it/s]
Fitting per-layer PCA:  82%|████████▏ | 3678/4499 [07:40<01:02, 13.10it/s]
Fitting per-layer PCA:  82%|████████▏ | 3680/4499 [07:40<00:59, 13.67it/s]
Fitting per-layer PCA:  82%|████████▏ | 3682/4499 [07:40<01:02, 13.06it/s]
Fitting per-layer PCA:  82%|████████▏ | 3684/4499 [07:40<01:11, 11.37it/s]
Fitting per-layer PCA:  82%|████████▏ | 3686/4499 [07:40<01:11, 11.32it/s]
Fitting per-layer PCA:  82%|████████▏ | 3688/4499 [07:41<01:06, 12.14it/s]
Fitting per-layer PCA:  82%|████████▏ | 3690/4499 [07:41<01:04, 12.62it/s]
Fitting per-layer PCA:  82%|████████▏ | 3692/4499 [07:41<01:01, 13.05it/s]
Fitting per-layer PCA:  82%|████████▏ | 3694/4499 [07:41<01:02, 12.98it/s]
Fitting per-layer PCA:  82%|████████▏ | 3696/4499 [07:41<01:04, 12.50it/s]
Fitting per-layer PCA:  82%|████████▏ | 3698/4499 [07:41<01:02, 12.79it/s]
Fitting per-layer PCA:  82%|████████▏ | 3700/4499 [07:42<01:00, 13.16it/s]
Fitting per-layer PCA:  82%|████████▏ | 3702/4499 [07:42<00:59, 13.36it/s]
Fitting per-layer PCA:  82%|████████▏ | 3704/4499 [07:42<00:58, 13.60it/s]
Fitting per-layer PCA:  82%|████████▏ | 3706/4499 [07:42<00:58, 13.55it/s]
Fitting per-layer PCA:  82%|████████▏ | 3708/4499 [07:42<00:56, 14.04it/s]
Fitting per-layer PCA:  82%|████████▏ | 3710/4499 [07:42<00:58, 13.44it/s]
Fitting per-layer PCA:  83%|████████▎ | 3712/4499 [07:46<08:13,  1.59it/s]
Fitting per-layer PCA:  83%|████████▎ | 3714/4499 [07:46<06:01,  2.17it/s]
Fitting per-layer PCA:  83%|████████▎ | 3716/4499 [07:46<04:27,  2.92it/s]
Fitting per-layer PCA:  83%|████████▎ | 3718/4499 [07:46<03:21,  3.88it/s]
Fitting per-layer PCA:  83%|████████▎ | 3720/4499 [07:47<02:36,  4.99it/s]
Fitting per-layer PCA:  83%|████████▎ | 3722/4499 [07:47<02:11,  5.93it/s]
Fitting per-layer PCA:  83%|████████▎ | 3724/4499 [07:47<01:51,  6.96it/s]
Fitting per-layer PCA:  83%|████████▎ | 3726/4499 [07:47<01:37,  7.95it/s]
Fitting per-layer PCA:  83%|████████▎ | 3728/4499 [07:47<01:48,  7.08it/s]
Fitting per-layer PCA:  83%|████████▎ | 3730/4499 [07:48<01:31,  8.40it/s]
Fitting per-layer PCA:  83%|████████▎ | 3732/4499 [07:48<01:22,  9.25it/s]
Fitting per-layer PCA:  83%|████████▎ | 3734/4499 [07:48<01:16, 10.05it/s]
Fitting per-layer PCA:  83%|████████▎ | 3736/4499 [07:48<01:12, 10.48it/s]
Fitting per-layer PCA:  83%|████████▎ | 3738/4499 [07:48<01:08, 11.05it/s]
Fitting per-layer PCA:  83%|████████▎ | 3740/4499 [07:48<01:03, 12.02it/s]
Fitting per-layer PCA:  83%|████████▎ | 3742/4499 [07:49<01:02, 12.03it/s]
Fitting per-layer PCA:  83%|████████▎ | 3744/4499 [07:49<01:00, 12.48it/s]
Fitting per-layer PCA:  83%|████████▎ | 3746/4499 [07:49<00:59, 12.67it/s]
Fitting per-layer PCA:  83%|████████▎ | 3748/4499 [07:49<01:00, 12.43it/s]
Fitting per-layer PCA:  83%|████████▎ | 3750/4499 [07:49<00:57, 12.94it/s]
Fitting per-layer PCA:  83%|████████▎ | 3752/4499 [07:49<00:54, 13.63it/s]
Fitting per-layer PCA:  83%|████████▎ | 3754/4499 [07:49<00:52, 14.28it/s]
Fitting per-layer PCA:  83%|████████▎ | 3756/4499 [07:50<00:53, 13.94it/s]
Fitting per-layer PCA:  84%|████████▎ | 3758/4499 [07:50<00:55, 13.35it/s]
Fitting per-layer PCA:  84%|████████▎ | 3760/4499 [07:50<00:56, 12.97it/s]
Fitting per-layer PCA:  84%|████████▎ | 3762/4499 [07:50<00:57, 12.91it/s]
Fitting per-layer PCA:  84%|████████▎ | 3764/4499 [07:50<00:59, 12.43it/s]
Fitting per-layer PCA:  84%|████████▎ | 3766/4499 [07:50<00:57, 12.77it/s]
Fitting per-layer PCA:  84%|████████▍ | 3768/4499 [07:51<00:52, 13.84it/s]
Fitting per-layer PCA:  84%|████████▍ | 3770/4499 [07:51<00:51, 14.04it/s]
Fitting per-layer PCA:  84%|████████▍ | 3772/4499 [07:51<00:57, 12.71it/s]
Fitting per-layer PCA:  84%|████████▍ | 3774/4499 [07:51<00:54, 13.28it/s]
Fitting per-layer PCA:  84%|████████▍ | 3776/4499 [07:55<07:26,  1.62it/s]
Fitting per-layer PCA:  84%|████████▍ | 3778/4499 [07:55<05:26,  2.21it/s]
Fitting per-layer PCA:  84%|████████▍ | 3780/4499 [07:55<04:05,  2.93it/s]
Fitting per-layer PCA:  84%|████████▍ | 3782/4499 [07:55<03:08,  3.81it/s]
Fitting per-layer PCA:  84%|████████▍ | 3784/4499 [07:55<02:27,  4.85it/s]
Fitting per-layer PCA:  84%|████████▍ | 3786/4499 [07:55<01:57,  6.07it/s]
Fitting per-layer PCA:  84%|████████▍ | 3788/4499 [07:56<01:36,  7.36it/s]
Fitting per-layer PCA:  84%|████████▍ | 3790/4499 [07:56<01:22,  8.64it/s]
Fitting per-layer PCA:  84%|████████▍ | 3792/4499 [07:56<01:11,  9.94it/s]
Fitting per-layer PCA:  84%|████████▍ | 3794/4499 [07:56<01:02, 11.23it/s]
Fitting per-layer PCA:  84%|████████▍ | 3796/4499 [07:56<01:00, 11.64it/s]
Fitting per-layer PCA:  84%|████████▍ | 3798/4499 [07:56<00:59, 11.80it/s]
Fitting per-layer PCA:  84%|████████▍ | 3800/4499 [07:56<00:56, 12.31it/s]
Fitting per-layer PCA:  85%|████████▍ | 3802/4499 [07:57<00:55, 12.66it/s]
Fitting per-layer PCA:  85%|████████▍ | 3804/4499 [07:57<00:52, 13.12it/s]
Fitting per-layer PCA:  85%|████████▍ | 3806/4499 [07:57<00:54, 12.76it/s]
Fitting per-layer PCA:  85%|████████▍ | 3808/4499 [07:57<00:56, 12.30it/s]
Fitting per-layer PCA:  85%|████████▍ | 3810/4499 [07:57<00:53, 12.96it/s]
Fitting per-layer PCA:  85%|████████▍ | 3812/4499 [07:57<00:51, 13.39it/s]
Fitting per-layer PCA:  85%|████████▍ | 3814/4499 [07:58<00:51, 13.26it/s]
Fitting per-layer PCA:  85%|████████▍ | 3816/4499 [07:58<00:50, 13.41it/s]
Fitting per-layer PCA:  85%|████████▍ | 3818/4499 [07:58<00:49, 13.74it/s]
Fitting per-layer PCA:  85%|████████▍ | 3820/4499 [07:58<00:48, 14.05it/s]
Fitting per-layer PCA:  85%|████████▍ | 3822/4499 [07:58<00:57, 11.68it/s]
Fitting per-layer PCA:  85%|████████▍ | 3824/4499 [07:58<00:57, 11.82it/s]
Fitting per-layer PCA:  85%|████████▌ | 3826/4499 [07:59<00:54, 12.37it/s]
Fitting per-layer PCA:  85%|████████▌ | 3828/4499 [07:59<00:51, 12.93it/s]
Fitting per-layer PCA:  85%|████████▌ | 3830/4499 [07:59<00:49, 13.55it/s]
Fitting per-layer PCA:  85%|████████▌ | 3832/4499 [07:59<00:49, 13.52it/s]
Fitting per-layer PCA:  85%|████████▌ | 3834/4499 [07:59<00:50, 13.17it/s]
Fitting per-layer PCA:  85%|████████▌ | 3836/4499 [07:59<00:50, 13.20it/s]
Fitting per-layer PCA:  85%|████████▌ | 3838/4499 [08:00<01:02, 10.51it/s]
Fitting per-layer PCA:  85%|████████▌ | 3840/4499 [08:03<06:59,  1.57it/s]
Fitting per-layer PCA:  85%|████████▌ | 3842/4499 [08:03<05:07,  2.14it/s]
Fitting per-layer PCA:  85%|████████▌ | 3844/4499 [08:04<03:49,  2.86it/s]
Fitting per-layer PCA:  85%|████████▌ | 3846/4499 [08:04<02:52,  3.78it/s]
Fitting per-layer PCA:  86%|████████▌ | 3848/4499 [08:04<02:13,  4.86it/s]
Fitting per-layer PCA:  86%|████████▌ | 3850/4499 [08:04<01:45,  6.16it/s]
Fitting per-layer PCA:  86%|████████▌ | 3852/4499 [08:04<01:28,  7.35it/s]
Fitting per-layer PCA:  86%|████████▌ | 3854/4499 [08:04<01:16,  8.42it/s]
Fitting per-layer PCA:  86%|████████▌ | 3856/4499 [08:04<01:06,  9.66it/s]
Fitting per-layer PCA:  86%|████████▌ | 3858/4499 [08:05<01:00, 10.60it/s]
Fitting per-layer PCA:  86%|████████▌ | 3860/4499 [08:05<00:55, 11.50it/s]
Fitting per-layer PCA:  86%|████████▌ | 3862/4499 [08:05<01:02, 10.16it/s]
Fitting per-layer PCA:  86%|████████▌ | 3864/4499 [08:05<00:55, 11.34it/s]
Fitting per-layer PCA:  86%|████████▌ | 3866/4499 [08:05<00:51, 12.22it/s]
Fitting per-layer PCA:  86%|████████▌ | 3868/4499 [08:05<00:51, 12.18it/s]
Fitting per-layer PCA:  86%|████████▌ | 3870/4499 [08:06<00:48, 13.01it/s]
Fitting per-layer PCA:  86%|████████▌ | 3872/4499 [08:06<00:46, 13.62it/s]
Fitting per-layer PCA:  86%|████████▌ | 3874/4499 [08:06<00:48, 13.02it/s]
Fitting per-layer PCA:  86%|████████▌ | 3876/4499 [08:06<00:48, 12.98it/s]
Fitting per-layer PCA:  86%|████████▌ | 3878/4499 [08:06<00:46, 13.45it/s]
Fitting per-layer PCA:  86%|████████▌ | 3880/4499 [08:06<00:43, 14.19it/s]
Fitting per-layer PCA:  86%|████████▋ | 3882/4499 [08:06<00:42, 14.44it/s]
Fitting per-layer PCA:  86%|████████▋ | 3884/4499 [08:07<00:43, 14.22it/s]
Fitting per-layer PCA:  86%|████████▋ | 3886/4499 [08:07<00:44, 13.74it/s]
Fitting per-layer PCA:  86%|████████▋ | 3888/4499 [08:07<00:50, 12.12it/s]
Fitting per-layer PCA:  86%|████████▋ | 3890/4499 [08:07<00:52, 11.54it/s]
Fitting per-layer PCA:  87%|████████▋ | 3892/4499 [08:07<00:49, 12.27it/s]
Fitting per-layer PCA:  87%|████████▋ | 3894/4499 [08:07<00:49, 12.30it/s]
Fitting per-layer PCA:  87%|████████▋ | 3896/4499 [08:08<00:47, 12.73it/s]
Fitting per-layer PCA:  87%|████████▋ | 3898/4499 [08:08<00:45, 13.25it/s]
Fitting per-layer PCA:  87%|████████▋ | 3900/4499 [08:08<00:43, 13.82it/s]
Fitting per-layer PCA:  87%|████████▋ | 3902/4499 [08:08<00:42, 14.19it/s]
Fitting per-layer PCA:  87%|████████▋ | 3904/4499 [08:12<06:12,  1.60it/s]
Fitting per-layer PCA:  87%|████████▋ | 3906/4499 [08:12<04:34,  2.16it/s]
Fitting per-layer PCA:  87%|████████▋ | 3908/4499 [08:12<03:24,  2.89it/s]
Fitting per-layer PCA:  87%|████████▋ | 3910/4499 [08:12<02:35,  3.78it/s]
Fitting per-layer PCA:  87%|████████▋ | 3912/4499 [08:12<02:04,  4.73it/s]
Fitting per-layer PCA:  87%|████████▋ | 3914/4499 [08:13<01:42,  5.72it/s]
Fitting per-layer PCA:  87%|████████▋ | 3916/4499 [08:13<01:22,  7.03it/s]
Fitting per-layer PCA:  87%|████████▋ | 3918/4499 [08:13<01:10,  8.26it/s]
Fitting per-layer PCA:  87%|████████▋ | 3920/4499 [08:13<01:00,  9.51it/s]
Fitting per-layer PCA:  87%|████████▋ | 3922/4499 [08:13<00:54, 10.65it/s]
Fitting per-layer PCA:  87%|████████▋ | 3924/4499 [08:13<00:49, 11.56it/s]
Fitting per-layer PCA:  87%|████████▋ | 3926/4499 [08:13<00:45, 12.50it/s]
Fitting per-layer PCA:  87%|████████▋ | 3928/4499 [08:14<00:44, 12.98it/s]
Fitting per-layer PCA:  87%|████████▋ | 3930/4499 [08:14<00:41, 13.63it/s]
Fitting per-layer PCA:  87%|████████▋ | 3932/4499 [08:14<00:40, 14.06it/s]
Fitting per-layer PCA:  87%|████████▋ | 3934/4499 [08:14<00:40, 14.06it/s]
Fitting per-layer PCA:  87%|████████▋ | 3936/4499 [08:14<00:38, 14.46it/s]
Fitting per-layer PCA:  88%|████████▊ | 3938/4499 [08:14<00:42, 13.23it/s]
Fitting per-layer PCA:  88%|████████▊ | 3940/4499 [08:14<00:44, 12.66it/s]
Fitting per-layer PCA:  88%|████████▊ | 3942/4499 [08:15<00:45, 12.16it/s]
Fitting per-layer PCA:  88%|████████▊ | 3944/4499 [08:15<00:45, 12.21it/s]
Fitting per-layer PCA:  88%|████████▊ | 3946/4499 [08:15<00:43, 12.85it/s]
Fitting per-layer PCA:  88%|████████▊ | 3948/4499 [08:15<00:39, 13.87it/s]
Fitting per-layer PCA:  88%|████████▊ | 3950/4499 [08:15<00:39, 13.99it/s]
Fitting per-layer PCA:  88%|████████▊ | 3952/4499 [08:15<00:37, 14.57it/s]
Fitting per-layer PCA:  88%|████████▊ | 3954/4499 [08:15<00:37, 14.47it/s]
Fitting per-layer PCA:  88%|████████▊ | 3956/4499 [08:16<00:41, 13.02it/s]
Fitting per-layer PCA:  88%|████████▊ | 3958/4499 [08:16<00:42, 12.78it/s]
Fitting per-layer PCA:  88%|████████▊ | 3960/4499 [08:16<00:42, 12.58it/s]
Fitting per-layer PCA:  88%|████████▊ | 3962/4499 [08:16<00:41, 13.03it/s]
Fitting per-layer PCA:  88%|████████▊ | 3964/4499 [08:16<00:40, 13.09it/s]
Fitting per-layer PCA:  88%|████████▊ | 3966/4499 [08:16<00:38, 13.70it/s]
Fitting per-layer PCA:  88%|████████▊ | 3968/4499 [08:20<05:28,  1.61it/s]
Fitting per-layer PCA:  88%|████████▊ | 3970/4499 [08:20<04:00,  2.20it/s]
Fitting per-layer PCA:  88%|████████▊ | 3972/4499 [08:20<02:58,  2.95it/s]
Fitting per-layer PCA:  88%|████████▊ | 3974/4499 [08:21<02:16,  3.85it/s]
Fitting per-layer PCA:  88%|████████▊ | 3976/4499 [08:21<01:46,  4.92it/s]
Fitting per-layer PCA:  88%|████████▊ | 3978/4499 [08:21<01:24,  6.17it/s]
Fitting per-layer PCA:  88%|████████▊ | 3980/4499 [08:21<01:07,  7.68it/s]
Fitting per-layer PCA:  89%|████████▊ | 3982/4499 [08:21<00:57,  8.97it/s]
Fitting per-layer PCA:  89%|████████▊ | 3984/4499 [08:21<00:52,  9.79it/s]
Fitting per-layer PCA:  89%|████████▊ | 3986/4499 [08:21<00:49, 10.33it/s]
Fitting per-layer PCA:  89%|████████▊ | 3988/4499 [08:22<00:45, 11.33it/s]
Fitting per-layer PCA:  89%|████████▊ | 3990/4499 [08:22<00:41, 12.31it/s]
Fitting per-layer PCA:  89%|████████▊ | 3992/4499 [08:22<00:39, 12.69it/s]
Fitting per-layer PCA:  89%|████████▉ | 3994/4499 [08:22<00:41, 12.09it/s]
Fitting per-layer PCA:  89%|████████▉ | 3996/4499 [08:22<00:48, 10.39it/s]
Fitting per-layer PCA:  89%|████████▉ | 3998/4499 [08:22<00:43, 11.63it/s]
Fitting per-layer PCA:  89%|████████▉ | 4000/4499 [08:23<00:42, 11.67it/s]
Fitting per-layer PCA:  89%|████████▉ | 4002/4499 [08:23<00:40, 12.39it/s]
Fitting per-layer PCA:  89%|████████▉ | 4004/4499 [08:23<00:38, 12.81it/s]
Fitting per-layer PCA:  89%|████████▉ | 4006/4499 [08:23<00:39, 12.60it/s]
Fitting per-layer PCA:  89%|████████▉ | 4008/4499 [08:23<00:37, 13.03it/s]
Fitting per-layer PCA:  89%|████████▉ | 4010/4499 [08:23<00:43, 11.21it/s]
Fitting per-layer PCA:  89%|████████▉ | 4012/4499 [08:24<00:43, 11.10it/s]
Fitting per-layer PCA:  89%|████████▉ | 4014/4499 [08:24<00:42, 11.42it/s]
Fitting per-layer PCA:  89%|████████▉ | 4016/4499 [08:24<00:40, 11.97it/s]
Fitting per-layer PCA:  89%|████████▉ | 4018/4499 [08:24<00:37, 12.83it/s]
Fitting per-layer PCA:  89%|████████▉ | 4020/4499 [08:24<00:37, 12.83it/s]
Fitting per-layer PCA:  89%|████████▉ | 4022/4499 [08:24<00:35, 13.47it/s]
Fitting per-layer PCA:  89%|████████▉ | 4024/4499 [08:24<00:34, 13.96it/s]
Fitting per-layer PCA:  89%|████████▉ | 4026/4499 [08:25<00:34, 13.79it/s]
Fitting per-layer PCA:  90%|████████▉ | 4028/4499 [08:25<00:34, 13.82it/s]
Fitting per-layer PCA:  90%|████████▉ | 4030/4499 [08:25<00:35, 13.22it/s]
Fitting per-layer PCA:  90%|████████▉ | 4032/4499 [08:29<04:50,  1.61it/s]
Fitting per-layer PCA:  90%|████████▉ | 4034/4499 [08:29<03:32,  2.18it/s]
Fitting per-layer PCA:  90%|████████▉ | 4036/4499 [08:29<02:41,  2.87it/s]
Fitting per-layer PCA:  90%|████████▉ | 4038/4499 [08:29<02:01,  3.81it/s]
Fitting per-layer PCA:  90%|████████▉ | 4040/4499 [08:29<01:35,  4.82it/s]
Fitting per-layer PCA:  90%|████████▉ | 4042/4499 [08:30<01:28,  5.17it/s]
Fitting per-layer PCA:  90%|████████▉ | 4044/4499 [08:30<01:11,  6.39it/s]
Fitting per-layer PCA:  90%|████████▉ | 4046/4499 [08:30<01:00,  7.43it/s]
Fitting per-layer PCA:  90%|████████▉ | 4048/4499 [08:30<00:51,  8.68it/s]
Fitting per-layer PCA:  90%|█████████ | 4050/4499 [08:30<00:45,  9.96it/s]
Fitting per-layer PCA:  90%|█████████ | 4052/4499 [08:30<00:40, 11.11it/s]
Fitting per-layer PCA:  90%|█████████ | 4054/4499 [08:31<00:37, 11.88it/s]
Fitting per-layer PCA:  90%|█████████ | 4056/4499 [08:31<00:34, 12.83it/s]
Fitting per-layer PCA:  90%|█████████ | 4058/4499 [08:31<00:32, 13.37it/s]
Fitting per-layer PCA:  90%|█████████ | 4060/4499 [08:31<00:32, 13.56it/s]
Fitting per-layer PCA:  90%|█████████ | 4062/4499 [08:31<00:31, 14.09it/s]
Fitting per-layer PCA:  90%|█████████ | 4064/4499 [08:31<00:31, 13.89it/s]
Fitting per-layer PCA:  90%|█████████ | 4066/4499 [08:31<00:32, 13.19it/s]
Fitting per-layer PCA:  90%|█████████ | 4068/4499 [08:32<00:33, 12.89it/s]
Fitting per-layer PCA:  90%|█████████ | 4070/4499 [08:32<00:35, 12.16it/s]
Fitting per-layer PCA:  91%|█████████ | 4072/4499 [08:32<00:33, 12.56it/s]
Fitting per-layer PCA:  91%|█████████ | 4074/4499 [08:32<00:33, 12.67it/s]
Fitting per-layer PCA:  91%|█████████ | 4076/4499 [08:32<00:32, 13.13it/s]
Fitting per-layer PCA:  91%|█████████ | 4078/4499 [08:32<00:30, 13.73it/s]
Fitting per-layer PCA:  91%|█████████ | 4080/4499 [08:32<00:30, 13.95it/s]
Fitting per-layer PCA:  91%|█████████ | 4082/4499 [08:33<00:30, 13.74it/s]
Fitting per-layer PCA:  91%|█████████ | 4084/4499 [08:33<00:36, 11.36it/s]
Fitting per-layer PCA:  91%|█████████ | 4086/4499 [08:33<00:33, 12.48it/s]
Fitting per-layer PCA:  91%|█████████ | 4088/4499 [08:33<00:32, 12.65it/s]
Fitting per-layer PCA:  91%|█████████ | 4090/4499 [08:33<00:31, 12.85it/s]
Fitting per-layer PCA:  91%|█████████ | 4092/4499 [08:33<00:30, 13.45it/s]
Fitting per-layer PCA:  91%|█████████ | 4094/4499 [08:34<00:35, 11.39it/s]
Fitting per-layer PCA:  91%|█████████ | 4096/4499 [08:37<04:16,  1.57it/s]
Fitting per-layer PCA:  91%|█████████ | 4098/4499 [08:38<03:06,  2.15it/s]
Fitting per-layer PCA:  91%|█████████ | 4100/4499 [08:38<02:17,  2.90it/s]
Fitting per-layer PCA:  91%|█████████ | 4102/4499 [08:38<01:50,  3.60it/s]
Fitting per-layer PCA:  91%|█████████ | 4104/4499 [08:38<01:24,  4.67it/s]
Fitting per-layer PCA:  91%|█████████▏| 4106/4499 [08:38<01:09,  5.68it/s]
Fitting per-layer PCA:  91%|█████████▏| 4108/4499 [08:38<00:56,  6.89it/s]
Fitting per-layer PCA:  91%|█████████▏| 4110/4499 [08:39<00:46,  8.39it/s]
Fitting per-layer PCA:  91%|█████████▏| 4112/4499 [08:39<00:39,  9.68it/s]
Fitting per-layer PCA:  91%|█████████▏| 4114/4499 [08:39<00:35, 10.95it/s]
Fitting per-layer PCA:  91%|█████████▏| 4116/4499 [08:39<00:35, 10.90it/s]
Fitting per-layer PCA:  92%|█████████▏| 4118/4499 [08:39<00:33, 11.35it/s]
Fitting per-layer PCA:  92%|█████████▏| 4120/4499 [08:39<00:32, 11.73it/s]
Fitting per-layer PCA:  92%|█████████▏| 4122/4499 [08:39<00:30, 12.20it/s]
Fitting per-layer PCA:  92%|█████████▏| 4124/4499 [08:40<00:29, 12.88it/s]
Fitting per-layer PCA:  92%|█████████▏| 4126/4499 [08:40<00:28, 13.25it/s]
Fitting per-layer PCA:  92%|█████████▏| 4128/4499 [08:40<00:27, 13.44it/s]
Fitting per-layer PCA:  92%|█████████▏| 4130/4499 [08:40<00:26, 13.69it/s]
Fitting per-layer PCA:  92%|█████████▏| 4132/4499 [08:40<00:25, 14.19it/s]
Fitting per-layer PCA:  92%|█████████▏| 4134/4499 [08:40<00:25, 14.46it/s]
Fitting per-layer PCA:  92%|█████████▏| 4136/4499 [08:40<00:25, 14.10it/s]
Fitting per-layer PCA:  92%|█████████▏| 4138/4499 [08:41<00:25, 14.16it/s]
Fitting per-layer PCA:  92%|█████████▏| 4140/4499 [08:41<00:25, 13.93it/s]
Fitting per-layer PCA:  92%|█████████▏| 4142/4499 [08:41<00:25, 13.82it/s]
Fitting per-layer PCA:  92%|█████████▏| 4144/4499 [08:41<00:28, 12.61it/s]
Fitting per-layer PCA:  92%|█████████▏| 4146/4499 [08:41<00:33, 10.42it/s]
Fitting per-layer PCA:  92%|█████████▏| 4148/4499 [08:41<00:30, 11.51it/s]
Fitting per-layer PCA:  92%|█████████▏| 4150/4499 [08:42<00:28, 12.32it/s]
Fitting per-layer PCA:  92%|█████████▏| 4152/4499 [08:42<00:26, 13.02it/s]
Fitting per-layer PCA:  92%|█████████▏| 4154/4499 [08:42<00:25, 13.45it/s]
Fitting per-layer PCA:  92%|█████████▏| 4156/4499 [08:42<00:27, 12.42it/s]
Fitting per-layer PCA:  92%|█████████▏| 4158/4499 [08:42<00:26, 13.09it/s]
Fitting per-layer PCA:  92%|█████████▏| 4160/4499 [08:46<03:30,  1.61it/s]
Fitting per-layer PCA:  93%|█████████▎| 4162/4499 [08:46<02:33,  2.19it/s]
Fitting per-layer PCA:  93%|█████████▎| 4164/4499 [08:46<01:53,  2.94it/s]
Fitting per-layer PCA:  93%|█████████▎| 4166/4499 [08:46<01:26,  3.85it/s]
Fitting per-layer PCA:  93%|█████████▎| 4168/4499 [08:47<01:08,  4.87it/s]
Fitting per-layer PCA:  93%|█████████▎| 4170/4499 [08:47<00:53,  6.11it/s]
Fitting per-layer PCA:  93%|█████████▎| 4172/4499 [08:47<00:44,  7.36it/s]
Fitting per-layer PCA:  93%|█████████▎| 4174/4499 [08:47<00:38,  8.47it/s]
Fitting per-layer PCA:  93%|█████████▎| 4176/4499 [08:47<00:34,  9.31it/s]
Fitting per-layer PCA:  93%|█████████▎| 4178/4499 [08:47<00:30, 10.39it/s]
Fitting per-layer PCA:  93%|█████████▎| 4180/4499 [08:47<00:28, 11.30it/s]
Fitting per-layer PCA:  93%|█████████▎| 4182/4499 [08:48<00:31, 10.21it/s]
Fitting per-layer PCA:  93%|█████████▎| 4184/4499 [08:48<00:34,  9.15it/s]
Fitting per-layer PCA:  93%|█████████▎| 4186/4499 [08:48<00:31, 10.00it/s]
Fitting per-layer PCA:  93%|█████████▎| 4188/4499 [08:48<00:30, 10.16it/s]
Fitting per-layer PCA:  93%|█████████▎| 4190/4499 [08:48<00:32,  9.65it/s]
Fitting per-layer PCA:  93%|█████████▎| 4192/4499 [08:49<00:30, 10.15it/s]
Fitting per-layer PCA:  93%|█████████▎| 4194/4499 [08:49<00:28, 10.68it/s]
Fitting per-layer PCA:  93%|█████████▎| 4196/4499 [08:49<00:27, 11.07it/s]
Fitting per-layer PCA:  93%|█████████▎| 4198/4499 [08:49<00:24, 12.20it/s]
Fitting per-layer PCA:  93%|█████████▎| 4200/4499 [08:49<00:23, 12.66it/s]
Fitting per-layer PCA:  93%|█████████▎| 4202/4499 [08:49<00:22, 13.18it/s]
Fitting per-layer PCA:  93%|█████████▎| 4204/4499 [08:50<00:21, 13.90it/s]
Fitting per-layer PCA:  93%|█████████▎| 4206/4499 [08:50<00:21, 13.86it/s]
Fitting per-layer PCA:  94%|█████████▎| 4208/4499 [08:50<00:20, 14.20it/s]
Fitting per-layer PCA:  94%|█████████▎| 4210/4499 [08:50<00:20, 14.29it/s]
Fitting per-layer PCA:  94%|█████████▎| 4212/4499 [08:50<00:21, 13.56it/s]
Fitting per-layer PCA:  94%|█████████▎| 4214/4499 [08:50<00:21, 13.11it/s]
Fitting per-layer PCA:  94%|█████████▎| 4216/4499 [08:50<00:21, 13.28it/s]
Fitting per-layer PCA:  94%|█████████▍| 4218/4499 [08:51<00:21, 13.33it/s]
Fitting per-layer PCA:  94%|█████████▍| 4220/4499 [08:51<00:20, 13.80it/s]
Fitting per-layer PCA:  94%|█████████▍| 4222/4499 [08:51<00:19, 14.41it/s]
Fitting per-layer PCA:  94%|█████████▍| 4224/4499 [08:55<02:53,  1.59it/s]
Fitting per-layer PCA:  94%|█████████▍| 4226/4499 [08:55<02:06,  2.17it/s]
Fitting per-layer PCA:  94%|█████████▍| 4228/4499 [08:55<01:33,  2.91it/s]
Fitting per-layer PCA:  94%|█████████▍| 4230/4499 [08:55<01:11,  3.75it/s]
Fitting per-layer PCA:  94%|█████████▍| 4232/4499 [08:55<00:55,  4.79it/s]
Fitting per-layer PCA:  94%|█████████▍| 4234/4499 [08:55<00:43,  6.02it/s]
Fitting per-layer PCA:  94%|█████████▍| 4236/4499 [08:56<00:36,  7.15it/s]
Fitting per-layer PCA:  94%|█████████▍| 4238/4499 [08:56<00:32,  7.99it/s]
Fitting per-layer PCA:  94%|█████████▍| 4240/4499 [08:56<00:28,  9.08it/s]
Fitting per-layer PCA:  94%|█████████▍| 4242/4499 [08:56<00:25, 10.19it/s]
Fitting per-layer PCA:  94%|█████████▍| 4244/4499 [08:56<00:23, 10.97it/s]
Fitting per-layer PCA:  94%|█████████▍| 4246/4499 [08:56<00:23, 10.85it/s]
Fitting per-layer PCA:  94%|█████████▍| 4248/4499 [08:57<00:21, 11.66it/s]
Fitting per-layer PCA:  94%|█████████▍| 4250/4499 [08:57<00:29,  8.58it/s]
Fitting per-layer PCA:  95%|█████████▍| 4252/4499 [08:57<00:24, 10.03it/s]
Fitting per-layer PCA:  95%|█████████▍| 4254/4499 [08:57<00:22, 11.03it/s]
Fitting per-layer PCA:  95%|█████████▍| 4256/4499 [08:57<00:20, 11.93it/s]
Fitting per-layer PCA:  95%|█████████▍| 4258/4499 [08:57<00:18, 12.73it/s]
Fitting per-layer PCA:  95%|█████████▍| 4260/4499 [08:58<00:18, 12.73it/s]
Fitting per-layer PCA:  95%|█████████▍| 4262/4499 [08:58<00:18, 13.15it/s]
Fitting per-layer PCA:  95%|█████████▍| 4264/4499 [08:58<00:18, 13.01it/s]
Fitting per-layer PCA:  95%|█████████▍| 4266/4499 [08:58<00:17, 13.13it/s]
Fitting per-layer PCA:  95%|█████████▍| 4268/4499 [08:58<00:17, 13.01it/s]
Fitting per-layer PCA:  95%|█████████▍| 4270/4499 [08:58<00:18, 12.63it/s]
Fitting per-layer PCA:  95%|█████████▍| 4272/4499 [08:59<00:17, 13.20it/s]
Fitting per-layer PCA:  95%|█████████▍| 4274/4499 [08:59<00:16, 13.60it/s]
Fitting per-layer PCA:  95%|█████████▌| 4276/4499 [08:59<00:17, 12.69it/s]
Fitting per-layer PCA:  95%|█████████▌| 4278/4499 [08:59<00:16, 13.12it/s]
Fitting per-layer PCA:  95%|█████████▌| 4280/4499 [08:59<00:17, 12.51it/s]
Fitting per-layer PCA:  95%|█████████▌| 4282/4499 [08:59<00:17, 12.70it/s]
Fitting per-layer PCA:  95%|█████████▌| 4284/4499 [08:59<00:16, 12.68it/s]
Fitting per-layer PCA:  95%|█████████▌| 4286/4499 [09:00<00:15, 13.54it/s]
Fitting per-layer PCA:  95%|█████████▌| 4288/4499 [09:03<02:10,  1.61it/s]
Fitting per-layer PCA:  95%|█████████▌| 4290/4499 [09:04<01:36,  2.17it/s]
Fitting per-layer PCA:  95%|█████████▌| 4292/4499 [09:04<01:12,  2.87it/s]
Fitting per-layer PCA:  95%|█████████▌| 4294/4499 [09:04<00:55,  3.69it/s]
Fitting per-layer PCA:  95%|█████████▌| 4296/4499 [09:04<00:42,  4.74it/s]
Fitting per-layer PCA:  96%|█████████▌| 4298/4499 [09:04<00:33,  5.93it/s]
Fitting per-layer PCA:  96%|█████████▌| 4300/4499 [09:04<00:28,  7.08it/s]
Fitting per-layer PCA:  96%|█████████▌| 4302/4499 [09:04<00:23,  8.40it/s]
Fitting per-layer PCA:  96%|█████████▌| 4304/4499 [09:05<00:20,  9.71it/s]
Fitting per-layer PCA:  96%|█████████▌| 4306/4499 [09:05<00:17, 10.79it/s]
Fitting per-layer PCA:  96%|█████████▌| 4308/4499 [09:05<00:16, 11.68it/s]
Fitting per-layer PCA:  96%|█████████▌| 4310/4499 [09:05<00:16, 11.16it/s]
Fitting per-layer PCA:  96%|█████████▌| 4312/4499 [09:05<00:15, 11.92it/s]
Fitting per-layer PCA:  96%|█████████▌| 4314/4499 [09:05<00:14, 12.51it/s]
Fitting per-layer PCA:  96%|█████████▌| 4316/4499 [09:05<00:13, 13.27it/s]
Fitting per-layer PCA:  96%|█████████▌| 4318/4499 [09:06<00:13, 13.87it/s]
Fitting per-layer PCA:  96%|█████████▌| 4320/4499 [09:06<00:12, 14.64it/s]
Fitting per-layer PCA:  96%|█████████▌| 4322/4499 [09:06<00:13, 13.36it/s]
Fitting per-layer PCA:  96%|█████████▌| 4324/4499 [09:06<00:13, 12.97it/s]
Fitting per-layer PCA:  96%|█████████▌| 4326/4499 [09:06<00:12, 13.44it/s]
Fitting per-layer PCA:  96%|█████████▌| 4328/4499 [09:06<00:12, 13.57it/s]
Fitting per-layer PCA:  96%|█████████▌| 4330/4499 [09:07<00:12, 13.03it/s]
Fitting per-layer PCA:  96%|█████████▋| 4332/4499 [09:07<00:12, 13.35it/s]
Fitting per-layer PCA:  96%|█████████▋| 4334/4499 [09:07<00:12, 13.57it/s]
Fitting per-layer PCA:  96%|█████████▋| 4336/4499 [09:07<00:11, 13.92it/s]
Fitting per-layer PCA:  96%|█████████▋| 4338/4499 [09:07<00:12, 13.22it/s]
Fitting per-layer PCA:  96%|█████████▋| 4340/4499 [09:07<00:11, 13.56it/s]
Fitting per-layer PCA:  97%|█████████▋| 4342/4499 [09:07<00:11, 13.30it/s]
Fitting per-layer PCA:  97%|█████████▋| 4344/4499 [09:08<00:11, 13.43it/s]
Fitting per-layer PCA:  97%|█████████▋| 4346/4499 [09:08<00:11, 13.44it/s]
Fitting per-layer PCA:  97%|█████████▋| 4348/4499 [09:08<00:11, 13.32it/s]
Fitting per-layer PCA:  97%|█████████▋| 4350/4499 [09:08<00:10, 13.58it/s]
Fitting per-layer PCA:  97%|█████████▋| 4352/4499 [09:12<01:31,  1.60it/s]
Fitting per-layer PCA:  97%|█████████▋| 4354/4499 [09:12<01:06,  2.18it/s]
Fitting per-layer PCA:  97%|█████████▋| 4356/4499 [09:12<00:48,  2.93it/s]
Fitting per-layer PCA:  97%|█████████▋| 4358/4499 [09:12<00:36,  3.84it/s]
Fitting per-layer PCA:  97%|█████████▋| 4360/4499 [09:12<00:28,  4.90it/s]
Fitting per-layer PCA:  97%|█████████▋| 4362/4499 [09:13<00:24,  5.63it/s]
Fitting per-layer PCA:  97%|█████████▋| 4364/4499 [09:13<00:19,  6.82it/s]
Fitting per-layer PCA:  97%|█████████▋| 4366/4499 [09:13<00:17,  7.71it/s]
Fitting per-layer PCA:  97%|█████████▋| 4368/4499 [09:13<00:14,  8.85it/s]
Fitting per-layer PCA:  97%|█████████▋| 4370/4499 [09:13<00:12, 10.24it/s]
Fitting per-layer PCA:  97%|█████████▋| 4372/4499 [09:13<00:11, 11.16it/s]
Fitting per-layer PCA:  97%|█████████▋| 4374/4499 [09:14<00:10, 11.75it/s]
Fitting per-layer PCA:  97%|█████████▋| 4376/4499 [09:14<00:09, 12.56it/s]
Fitting per-layer PCA:  97%|█████████▋| 4378/4499 [09:14<00:09, 13.20it/s]
Fitting per-layer PCA:  97%|█████████▋| 4380/4499 [09:14<00:08, 13.74it/s]
Fitting per-layer PCA:  97%|█████████▋| 4382/4499 [09:14<00:08, 13.86it/s]
Fitting per-layer PCA:  97%|█████████▋| 4384/4499 [09:14<00:08, 14.07it/s]
Fitting per-layer PCA:  97%|█████████▋| 4386/4499 [09:15<00:11, 10.05it/s]
Fitting per-layer PCA:  98%|█████████▊| 4388/4499 [09:15<00:09, 11.12it/s]
Fitting per-layer PCA:  98%|█████████▊| 4390/4499 [09:15<00:09, 12.09it/s]
Fitting per-layer PCA:  98%|█████████▊| 4392/4499 [09:15<00:10, 10.63it/s]
Fitting per-layer PCA:  98%|█████████▊| 4394/4499 [09:15<00:09, 11.66it/s]
Fitting per-layer PCA:  98%|█████████▊| 4396/4499 [09:15<00:08, 12.47it/s]
Fitting per-layer PCA:  98%|█████████▊| 4398/4499 [09:15<00:07, 12.93it/s]
Fitting per-layer PCA:  98%|█████████▊| 4400/4499 [09:16<00:07, 13.55it/s]
Fitting per-layer PCA:  98%|█████████▊| 4402/4499 [09:16<00:07, 13.79it/s]
Fitting per-layer PCA:  98%|█████████▊| 4404/4499 [09:16<00:07, 12.91it/s]
Fitting per-layer PCA:  98%|█████████▊| 4406/4499 [09:16<00:06, 13.42it/s]
Fitting per-layer PCA:  98%|█████████▊| 4408/4499 [09:16<00:06, 13.48it/s]
Fitting per-layer PCA:  98%|█████████▊| 4410/4499 [09:16<00:07, 11.93it/s]
Fitting per-layer PCA:  98%|█████████▊| 4412/4499 [09:17<00:06, 12.76it/s]
Fitting per-layer PCA:  98%|█████████▊| 4414/4499 [09:17<00:06, 13.51it/s]
Fitting per-layer PCA:  98%|█████████▊| 4416/4499 [09:20<00:51,  1.61it/s]
Fitting per-layer PCA:  98%|█████████▊| 4418/4499 [09:21<00:37,  2.18it/s]
Fitting per-layer PCA:  98%|█████████▊| 4420/4499 [09:21<00:27,  2.92it/s]
Fitting per-layer PCA:  98%|█████████▊| 4422/4499 [09:21<00:19,  3.87it/s]
Fitting per-layer PCA:  98%|█████████▊| 4424/4499 [09:21<00:14,  5.01it/s]
Fitting per-layer PCA:  98%|█████████▊| 4426/4499 [09:21<00:11,  6.18it/s]
Fitting per-layer PCA:  98%|█████████▊| 4428/4499 [09:21<00:09,  7.11it/s]
Fitting per-layer PCA:  98%|█████████▊| 4430/4499 [09:21<00:08,  8.49it/s]
Fitting per-layer PCA:  99%|█████████▊| 4432/4499 [09:22<00:06,  9.80it/s]
Fitting per-layer PCA:  99%|█████████▊| 4434/4499 [09:22<00:06, 10.75it/s]
Fitting per-layer PCA:  99%|█████████▊| 4436/4499 [09:22<00:06, 10.16it/s]
Fitting per-layer PCA:  99%|█████████▊| 4438/4499 [09:22<00:05, 11.00it/s]
Fitting per-layer PCA:  99%|█████████▊| 4440/4499 [09:22<00:04, 11.83it/s]
Fitting per-layer PCA:  99%|█████████▊| 4442/4499 [09:22<00:04, 12.48it/s]
Fitting per-layer PCA:  99%|█████████▉| 4444/4499 [09:22<00:04, 12.98it/s]
Fitting per-layer PCA:  99%|█████████▉| 4446/4499 [09:23<00:04, 11.13it/s]
Fitting per-layer PCA:  99%|█████████▉| 4448/4499 [09:23<00:04, 11.09it/s]
Fitting per-layer PCA:  99%|█████████▉| 4450/4499 [09:23<00:04, 11.37it/s]
Fitting per-layer PCA:  99%|█████████▉| 4452/4499 [09:23<00:03, 12.27it/s]
Fitting per-layer PCA:  99%|█████████▉| 4454/4499 [09:23<00:03, 12.71it/s]
Fitting per-layer PCA:  99%|█████████▉| 4456/4499 [09:24<00:03, 10.94it/s]
Fitting per-layer PCA:  99%|█████████▉| 4458/4499 [09:24<00:03, 12.20it/s]
Fitting per-layer PCA:  99%|█████████▉| 4460/4499 [09:24<00:03, 10.79it/s]
Fitting per-layer PCA:  99%|█████████▉| 4462/4499 [09:24<00:03, 11.57it/s]
Fitting per-layer PCA:  99%|█████████▉| 4464/4499 [09:24<00:03, 11.41it/s]
Fitting per-layer PCA:  99%|█████████▉| 4466/4499 [09:24<00:02, 12.52it/s]
Fitting per-layer PCA:  99%|█████████▉| 4468/4499 [09:25<00:02, 12.36it/s]
Fitting per-layer PCA:  99%|█████████▉| 4470/4499 [09:25<00:02, 13.03it/s]
Fitting per-layer PCA:  99%|█████████▉| 4472/4499 [09:25<00:02, 12.59it/s]
Fitting per-layer PCA:  99%|█████████▉| 4474/4499 [09:25<00:01, 12.63it/s]
Fitting per-layer PCA:  99%|█████████▉| 4476/4499 [09:25<00:01, 13.32it/s]
Fitting per-layer PCA: 100%|█████████▉| 4478/4499 [09:25<00:01, 12.75it/s]
Fitting per-layer PCA: 100%|█████████▉| 4480/4499 [09:29<00:11,  1.59it/s]
Fitting per-layer PCA: 100%|█████████▉| 4482/4499 [09:29<00:07,  2.17it/s]
Fitting per-layer PCA: 100%|█████████▉| 4484/4499 [09:29<00:05,  2.91it/s]
Fitting per-layer PCA: 100%|█████████▉| 4486/4499 [09:30<00:03,  3.76it/s]
Fitting per-layer PCA: 100%|█████████▉| 4488/4499 [09:30<00:02,  4.80it/s]
Fitting per-layer PCA: 100%|█████████▉| 4490/4499 [09:30<00:01,  5.99it/s]
Fitting per-layer PCA: 100%|█████████▉| 4492/4499 [09:30<00:00,  7.14it/s]
Fitting per-layer PCA: 100%|█████████▉| 4494/4499 [09:30<00:00,  8.02it/s]
Fitting per-layer PCA: 100%|█████████▉| 4496/4499 [09:30<00:00,  9.02it/s]
Fitting per-layer PCA: 100%|█████████▉| 4498/4499 [09:31<00:00, 10.34it/s]
Fitting per-layer PCA: 100%|██████████| 4499/4499 [09:31<00:00,  7.88it/s]

Projecting benign reference:   0%|          | 0/2000 [00:00<?, ?it/s]
Projecting benign reference:   0%|          | 2/2000 [00:00<02:12, 15.06it/s]
Projecting benign reference:   0%|          | 4/2000 [00:00<02:13, 14.93it/s]
Projecting benign reference:   0%|          | 6/2000 [00:00<02:14, 14.83it/s]
Projecting benign reference:   0%|          | 8/2000 [00:00<02:17, 14.48it/s]
Projecting benign reference:   0%|          | 10/2000 [00:00<02:16, 14.56it/s]
Projecting benign reference:   1%|          | 12/2000 [00:00<02:15, 14.65it/s]
Projecting benign reference:   1%|          | 14/2000 [00:00<02:14, 14.73it/s]
Projecting benign reference:   1%|          | 16/2000 [00:01<02:14, 14.76it/s]
Projecting benign reference:   1%|          | 18/2000 [00:01<02:13, 14.85it/s]
Projecting benign reference:   1%|          | 20/2000 [00:01<02:15, 14.59it/s]
Projecting benign reference:   1%|          | 22/2000 [00:01<02:14, 14.66it/s]
Projecting benign reference:   1%|          | 24/2000 [00:01<02:14, 14.73it/s]
Projecting benign reference:   1%|▏         | 26/2000 [00:01<02:13, 14.74it/s]
Projecting benign reference:   1%|▏         | 28/2000 [00:01<02:15, 14.54it/s]
Projecting benign reference:   2%|▏         | 30/2000 [00:02<02:16, 14.41it/s]
Projecting benign reference:   2%|▏         | 32/2000 [00:02<02:15, 14.57it/s]
Projecting benign reference:   2%|▏         | 34/2000 [00:02<02:15, 14.53it/s]
Projecting benign reference:   2%|▏         | 36/2000 [00:02<02:15, 14.54it/s]
Projecting benign reference:   2%|▏         | 38/2000 [00:02<02:13, 14.66it/s]
Projecting benign reference:   2%|▏         | 40/2000 [00:02<02:12, 14.85it/s]
Projecting benign reference:   2%|▏         | 42/2000 [00:02<02:13, 14.69it/s]
Projecting benign reference:   2%|▏         | 44/2000 [00:02<02:12, 14.81it/s]
Projecting benign reference:   2%|▏         | 46/2000 [00:03<02:10, 14.92it/s]
Projecting benign reference:   2%|▏         | 48/2000 [00:03<02:12, 14.74it/s]
Projecting benign reference:   2%|▎         | 50/2000 [00:03<02:13, 14.62it/s]
Projecting benign reference:   3%|▎         | 52/2000 [00:03<02:13, 14.60it/s]
Projecting benign reference:   3%|▎         | 54/2000 [00:03<02:11, 14.84it/s]
Projecting benign reference:   3%|▎         | 56/2000 [00:03<02:11, 14.80it/s]
Projecting benign reference:   3%|▎         | 58/2000 [00:03<02:10, 14.88it/s]
Projecting benign reference:   3%|▎         | 60/2000 [00:04<02:14, 14.48it/s]
Projecting benign reference:   3%|▎         | 62/2000 [00:04<02:12, 14.66it/s]
Projecting benign reference:   3%|▎         | 64/2000 [00:04<02:11, 14.70it/s]
Projecting benign reference:   3%|▎         | 66/2000 [00:04<02:09, 14.98it/s]
Projecting benign reference:   3%|▎         | 68/2000 [00:04<02:10, 14.75it/s]
Projecting benign reference:   4%|▎         | 70/2000 [00:04<02:11, 14.69it/s]
Projecting benign reference:   4%|▎         | 72/2000 [00:04<02:10, 14.79it/s]
Projecting benign reference:   4%|▎         | 74/2000 [00:05<02:09, 14.91it/s]
Projecting benign reference:   4%|▍         | 76/2000 [00:05<02:11, 14.68it/s]
Projecting benign reference:   4%|▍         | 78/2000 [00:05<02:11, 14.61it/s]
Projecting benign reference:   4%|▍         | 80/2000 [00:05<02:09, 14.80it/s]
Projecting benign reference:   4%|▍         | 82/2000 [00:05<02:10, 14.71it/s]
Projecting benign reference:   4%|▍         | 84/2000 [00:05<02:12, 14.49it/s]
Projecting benign reference:   4%|▍         | 86/2000 [00:05<02:10, 14.71it/s]
Projecting benign reference:   4%|▍         | 88/2000 [00:05<02:08, 14.83it/s]
Projecting benign reference:   4%|▍         | 90/2000 [00:06<02:10, 14.67it/s]
Projecting benign reference:   5%|▍         | 92/2000 [00:06<02:11, 14.55it/s]
Projecting benign reference:   5%|▍         | 94/2000 [00:06<02:10, 14.57it/s]
Projecting benign reference:   5%|▍         | 96/2000 [00:06<02:14, 14.14it/s]
Projecting benign reference:   5%|▍         | 98/2000 [00:06<02:12, 14.39it/s]
Projecting benign reference:   5%|▌         | 100/2000 [00:06<02:12, 14.39it/s]
Projecting benign reference:   5%|▌         | 102/2000 [00:06<02:11, 14.41it/s]
Projecting benign reference:   5%|▌         | 104/2000 [00:07<02:08, 14.80it/s]
Projecting benign reference:   5%|▌         | 106/2000 [00:07<02:07, 14.84it/s]
Projecting benign reference:   5%|▌         | 108/2000 [00:07<02:09, 14.65it/s]
Projecting benign reference:   6%|▌         | 110/2000 [00:07<02:13, 14.15it/s]
Projecting benign reference:   6%|▌         | 112/2000 [00:07<02:11, 14.33it/s]
Projecting benign reference:   6%|▌         | 114/2000 [00:07<02:10, 14.47it/s]
Projecting benign reference:   6%|▌         | 116/2000 [00:07<02:08, 14.67it/s]
Projecting benign reference:   6%|▌         | 118/2000 [00:08<02:07, 14.79it/s]
Projecting benign reference:   6%|▌         | 120/2000 [00:08<02:05, 14.93it/s]
Projecting benign reference:   6%|▌         | 122/2000 [00:08<02:05, 15.00it/s]
Projecting benign reference:   6%|▌         | 124/2000 [00:08<02:05, 14.98it/s]
Projecting benign reference:   6%|▋         | 126/2000 [00:08<02:04, 15.00it/s]
Projecting benign reference:   6%|▋         | 128/2000 [00:08<02:08, 14.57it/s]
Projecting benign reference:   6%|▋         | 130/2000 [00:08<02:10, 14.29it/s]
Projecting benign reference:   7%|▋         | 132/2000 [00:09<02:09, 14.42it/s]
Projecting benign reference:   7%|▋         | 134/2000 [00:09<02:08, 14.48it/s]
Projecting benign reference:   7%|▋         | 136/2000 [00:09<02:07, 14.65it/s]
Projecting benign reference:   7%|▋         | 138/2000 [00:09<02:07, 14.61it/s]
Projecting benign reference:   7%|▋         | 140/2000 [00:09<02:07, 14.57it/s]
Projecting benign reference:   7%|▋         | 142/2000 [00:09<02:04, 14.89it/s]
Projecting benign reference:   7%|▋         | 144/2000 [00:09<02:06, 14.69it/s]
Projecting benign reference:   7%|▋         | 146/2000 [00:09<02:04, 14.84it/s]
Projecting benign reference:   7%|▋         | 148/2000 [00:10<02:06, 14.69it/s]
Projecting benign reference:   8%|▊         | 150/2000 [00:10<02:05, 14.72it/s]
Projecting benign reference:   8%|▊         | 152/2000 [00:10<02:04, 14.85it/s]
Projecting benign reference:   8%|▊         | 154/2000 [00:10<02:04, 14.79it/s]
Projecting benign reference:   8%|▊         | 156/2000 [00:10<02:05, 14.65it/s]
Projecting benign reference:   8%|▊         | 158/2000 [00:10<02:06, 14.53it/s]
Projecting benign reference:   8%|▊         | 160/2000 [00:10<02:07, 14.47it/s]
Projecting benign reference:   8%|▊         | 162/2000 [00:11<02:05, 14.61it/s]
Projecting benign reference:   8%|▊         | 164/2000 [00:11<02:04, 14.75it/s]
Projecting benign reference:   8%|▊         | 166/2000 [00:11<02:07, 14.36it/s]
Projecting benign reference:   8%|▊         | 168/2000 [00:11<02:06, 14.51it/s]
Projecting benign reference:   8%|▊         | 170/2000 [00:11<02:05, 14.62it/s]
Projecting benign reference:   9%|▊         | 172/2000 [00:11<02:04, 14.68it/s]
Projecting benign reference:   9%|▊         | 174/2000 [00:11<02:03, 14.77it/s]
Projecting benign reference:   9%|▉         | 176/2000 [00:11<02:03, 14.83it/s]
Projecting benign reference:   9%|▉         | 178/2000 [00:12<02:03, 14.78it/s]
Projecting benign reference:   9%|▉         | 180/2000 [00:12<02:00, 15.15it/s]
Projecting benign reference:   9%|▉         | 182/2000 [00:12<02:02, 14.89it/s]
Projecting benign reference:   9%|▉         | 184/2000 [00:12<02:01, 14.94it/s]
Projecting benign reference:   9%|▉         | 186/2000 [00:12<02:01, 14.91it/s]
Projecting benign reference:   9%|▉         | 188/2000 [00:12<02:00, 15.01it/s]
Projecting benign reference:  10%|▉         | 190/2000 [00:12<02:00, 15.00it/s]
Projecting benign reference:  10%|▉         | 192/2000 [00:13<02:00, 15.01it/s]
Projecting benign reference:  10%|▉         | 194/2000 [00:13<02:01, 14.82it/s]
Projecting benign reference:  10%|▉         | 196/2000 [00:13<02:01, 14.86it/s]
Projecting benign reference:  10%|▉         | 198/2000 [00:13<02:01, 14.82it/s]
Projecting benign reference:  10%|█         | 200/2000 [00:13<01:59, 15.01it/s]
Projecting benign reference:  10%|█         | 202/2000 [00:13<02:00, 14.87it/s]
Projecting benign reference:  10%|█         | 204/2000 [00:13<02:00, 14.90it/s]
Projecting benign reference:  10%|█         | 206/2000 [00:14<01:58, 15.17it/s]
Projecting benign reference:  10%|█         | 208/2000 [00:14<02:00, 14.88it/s]
Projecting benign reference:  10%|█         | 210/2000 [00:14<02:01, 14.74it/s]
Projecting benign reference:  11%|█         | 212/2000 [00:14<02:02, 14.54it/s]
Projecting benign reference:  11%|█         | 214/2000 [00:14<02:01, 14.73it/s]
Projecting benign reference:  11%|█         | 216/2000 [00:14<02:02, 14.58it/s]
Projecting benign reference:  11%|█         | 218/2000 [00:14<02:02, 14.49it/s]
Projecting benign reference:  11%|█         | 220/2000 [00:14<02:03, 14.44it/s]
Projecting benign reference:  11%|█         | 222/2000 [00:15<02:02, 14.53it/s]
Projecting benign reference:  11%|█         | 224/2000 [00:15<02:03, 14.43it/s]
Projecting benign reference:  11%|█▏        | 226/2000 [00:15<02:00, 14.67it/s]
Projecting benign reference:  11%|█▏        | 228/2000 [00:15<02:01, 14.62it/s]
Projecting benign reference:  12%|█▏        | 230/2000 [00:15<02:00, 14.67it/s]
Projecting benign reference:  12%|█▏        | 232/2000 [00:15<02:00, 14.67it/s]
Projecting benign reference:  12%|█▏        | 234/2000 [00:15<02:01, 14.57it/s]
Projecting benign reference:  12%|█▏        | 236/2000 [00:16<02:00, 14.68it/s]
Projecting benign reference:  12%|█▏        | 238/2000 [00:16<02:00, 14.63it/s]
Projecting benign reference:  12%|█▏        | 240/2000 [00:16<01:59, 14.69it/s]
Projecting benign reference:  12%|█▏        | 242/2000 [00:16<01:58, 14.79it/s]
Projecting benign reference:  12%|█▏        | 244/2000 [00:16<01:58, 14.87it/s]
Projecting benign reference:  12%|█▏        | 246/2000 [00:16<01:57, 14.93it/s]
Projecting benign reference:  12%|█▏        | 248/2000 [00:16<01:57, 14.87it/s]
Projecting benign reference:  12%|█▎        | 250/2000 [00:17<02:00, 14.57it/s]
Projecting benign reference:  13%|█▎        | 252/2000 [00:17<01:58, 14.74it/s]
Projecting benign reference:  13%|█▎        | 254/2000 [00:17<01:57, 14.81it/s]
Projecting benign reference:  13%|█▎        | 256/2000 [00:17<01:58, 14.66it/s]
Projecting benign reference:  13%|█▎        | 258/2000 [00:17<01:57, 14.79it/s]
Projecting benign reference:  13%|█▎        | 260/2000 [00:17<01:56, 14.90it/s]
Projecting benign reference:  13%|█▎        | 262/2000 [00:17<01:57, 14.74it/s]
Projecting benign reference:  13%|█▎        | 264/2000 [00:17<01:57, 14.80it/s]
Projecting benign reference:  13%|█▎        | 266/2000 [00:18<01:58, 14.68it/s]
Projecting benign reference:  13%|█▎        | 268/2000 [00:18<01:59, 14.55it/s]
Projecting benign reference:  14%|█▎        | 270/2000 [00:18<01:57, 14.71it/s]
Projecting benign reference:  14%|█▎        | 272/2000 [00:18<01:56, 14.85it/s]
Projecting benign reference:  14%|█▎        | 274/2000 [00:18<01:59, 14.44it/s]
Projecting benign reference:  14%|█▍        | 276/2000 [00:18<01:58, 14.50it/s]
Projecting benign reference:  14%|█▍        | 278/2000 [00:18<01:58, 14.58it/s]
Projecting benign reference:  14%|█▍        | 280/2000 [00:19<01:56, 14.76it/s]
Projecting benign reference:  14%|█▍        | 282/2000 [00:19<01:58, 14.54it/s]
Projecting benign reference:  14%|█▍        | 284/2000 [00:19<01:56, 14.75it/s]
Projecting benign reference:  14%|█▍        | 286/2000 [00:19<01:56, 14.77it/s]
Projecting benign reference:  14%|█▍        | 288/2000 [00:19<01:55, 14.80it/s]
Projecting benign reference:  14%|█▍        | 290/2000 [00:19<01:54, 14.89it/s]
Projecting benign reference:  15%|█▍        | 292/2000 [00:19<01:57, 14.52it/s]
Projecting benign reference:  15%|█▍        | 294/2000 [00:20<01:55, 14.73it/s]
Projecting benign reference:  15%|█▍        | 296/2000 [00:20<01:54, 14.83it/s]
Projecting benign reference:  15%|█▍        | 298/2000 [00:20<01:53, 14.93it/s]
Projecting benign reference:  15%|█▌        | 300/2000 [00:20<01:53, 14.92it/s]
Projecting benign reference:  15%|█▌        | 302/2000 [00:20<01:52, 15.08it/s]
Projecting benign reference:  15%|█▌        | 304/2000 [00:20<01:54, 14.82it/s]
Projecting benign reference:  15%|█▌        | 306/2000 [00:20<01:53, 14.87it/s]
Projecting benign reference:  15%|█▌        | 308/2000 [00:20<01:53, 14.90it/s]
Projecting benign reference:  16%|█▌        | 310/2000 [00:21<01:53, 14.95it/s]
Projecting benign reference:  16%|█▌        | 312/2000 [00:21<01:52, 14.99it/s]
Projecting benign reference:  16%|█▌        | 314/2000 [00:21<01:51, 15.15it/s]
Projecting benign reference:  16%|█▌        | 316/2000 [00:21<01:53, 14.85it/s]
Projecting benign reference:  16%|█▌        | 318/2000 [00:21<01:52, 14.96it/s]
Projecting benign reference:  16%|█▌        | 320/2000 [00:21<01:51, 15.01it/s]
Projecting benign reference:  16%|█▌        | 322/2000 [00:21<01:51, 15.06it/s]
Projecting benign reference:  16%|█▌        | 324/2000 [00:22<01:51, 15.09it/s]
Projecting benign reference:  16%|█▋        | 326/2000 [00:22<01:50, 15.13it/s]
Projecting benign reference:  16%|█▋        | 328/2000 [00:22<01:52, 14.83it/s]
Projecting benign reference:  16%|█▋        | 330/2000 [00:22<01:51, 14.94it/s]
Projecting benign reference:  17%|█▋        | 332/2000 [00:22<01:51, 15.03it/s]
Projecting benign reference:  17%|█▋        | 334/2000 [00:22<01:52, 14.77it/s]
Projecting benign reference:  17%|█▋        | 336/2000 [00:22<01:51, 14.90it/s]
Projecting benign reference:  17%|█▋        | 338/2000 [00:22<01:51, 14.96it/s]
Projecting benign reference:  17%|█▋        | 340/2000 [00:23<01:52, 14.81it/s]
Projecting benign reference:  17%|█▋        | 342/2000 [00:23<01:50, 14.95it/s]
Projecting benign reference:  17%|█▋        | 344/2000 [00:23<01:52, 14.69it/s]
Projecting benign reference:  17%|█▋        | 346/2000 [00:23<01:52, 14.76it/s]
Projecting benign reference:  17%|█▋        | 348/2000 [00:23<01:51, 14.81it/s]
Projecting benign reference:  18%|█▊        | 350/2000 [00:23<01:51, 14.84it/s]
Projecting benign reference:  18%|█▊        | 352/2000 [00:23<01:51, 14.77it/s]
Projecting benign reference:  18%|█▊        | 354/2000 [00:24<01:50, 14.94it/s]
Projecting benign reference:  18%|█▊        | 356/2000 [00:24<01:50, 14.94it/s]
Projecting benign reference:  18%|█▊        | 358/2000 [00:24<01:47, 15.26it/s]
Projecting benign reference:  18%|█▊        | 360/2000 [00:24<01:50, 14.88it/s]
Projecting benign reference:  18%|█▊        | 362/2000 [00:24<01:51, 14.75it/s]
Projecting benign reference:  18%|█▊        | 364/2000 [00:24<01:50, 14.84it/s]
Projecting benign reference:  18%|█▊        | 366/2000 [00:24<01:49, 14.89it/s]
Projecting benign reference:  18%|█▊        | 368/2000 [00:24<01:50, 14.72it/s]
Projecting benign reference:  18%|█▊        | 370/2000 [00:25<01:49, 14.89it/s]
Projecting benign reference:  19%|█▊        | 372/2000 [00:25<01:49, 14.90it/s]
Projecting benign reference:  19%|█▊        | 374/2000 [00:25<01:48, 14.95it/s]
Projecting benign reference:  19%|█▉        | 376/2000 [00:25<01:50, 14.65it/s]
Projecting benign reference:  19%|█▉        | 378/2000 [00:25<01:51, 14.60it/s]
Projecting benign reference:  19%|█▉        | 380/2000 [00:25<01:52, 14.43it/s]
Projecting benign reference:  19%|█▉        | 382/2000 [00:25<01:50, 14.65it/s]
Projecting benign reference:  19%|█▉        | 384/2000 [00:26<01:49, 14.78it/s]
Projecting benign reference:  19%|█▉        | 386/2000 [00:26<01:49, 14.76it/s]
Projecting benign reference:  19%|█▉        | 388/2000 [00:26<01:50, 14.60it/s]
Projecting benign reference:  20%|█▉        | 390/2000 [00:26<01:49, 14.65it/s]
Projecting benign reference:  20%|█▉        | 392/2000 [00:26<01:49, 14.72it/s]
Projecting benign reference:  20%|█▉        | 394/2000 [00:26<01:48, 14.79it/s]
Projecting benign reference:  20%|█▉        | 396/2000 [00:26<01:47, 14.85it/s]
Projecting benign reference:  20%|█▉        | 398/2000 [00:27<01:51, 14.38it/s]
Projecting benign reference:  20%|██        | 400/2000 [00:27<01:52, 14.28it/s]
Projecting benign reference:  20%|██        | 402/2000 [00:27<01:50, 14.48it/s]
Projecting benign reference:  20%|██        | 404/2000 [00:27<01:49, 14.62it/s]
Projecting benign reference:  20%|██        | 406/2000 [00:27<01:49, 14.50it/s]
Projecting benign reference:  20%|██        | 408/2000 [00:27<01:47, 14.75it/s]
Projecting benign reference:  20%|██        | 410/2000 [00:27<01:48, 14.60it/s]
Projecting benign reference:  21%|██        | 412/2000 [00:27<01:50, 14.37it/s]
Projecting benign reference:  21%|██        | 414/2000 [00:28<01:48, 14.65it/s]
Projecting benign reference:  21%|██        | 416/2000 [00:28<01:48, 14.54it/s]
Projecting benign reference:  21%|██        | 418/2000 [00:28<01:47, 14.66it/s]
Projecting benign reference:  21%|██        | 420/2000 [00:28<01:46, 14.85it/s]
Projecting benign reference:  21%|██        | 422/2000 [00:28<01:45, 14.92it/s]
Projecting benign reference:  21%|██        | 424/2000 [00:28<01:49, 14.33it/s]
Projecting benign reference:  21%|██▏       | 426/2000 [00:28<01:47, 14.63it/s]
Projecting benign reference:  21%|██▏       | 428/2000 [00:29<01:47, 14.58it/s]
Projecting benign reference:  22%|██▏       | 430/2000 [00:29<01:48, 14.51it/s]
Projecting benign reference:  22%|██▏       | 432/2000 [00:29<01:47, 14.61it/s]
Projecting benign reference:  22%|██▏       | 434/2000 [00:29<01:45, 14.83it/s]
Projecting benign reference:  22%|██▏       | 436/2000 [00:29<01:48, 14.39it/s]
Projecting benign reference:  22%|██▏       | 438/2000 [00:29<01:47, 14.52it/s]
Projecting benign reference:  22%|██▏       | 440/2000 [00:29<01:49, 14.31it/s]
Projecting benign reference:  22%|██▏       | 442/2000 [00:30<01:47, 14.55it/s]
Projecting benign reference:  22%|██▏       | 444/2000 [00:30<01:46, 14.66it/s]
Projecting benign reference:  22%|██▏       | 446/2000 [00:30<01:44, 14.81it/s]
Projecting benign reference:  22%|██▏       | 448/2000 [00:30<01:45, 14.65it/s]
Projecting benign reference:  22%|██▎       | 450/2000 [00:30<01:44, 14.77it/s]
Projecting benign reference:  23%|██▎       | 452/2000 [00:30<01:43, 14.90it/s]
Projecting benign reference:  23%|██▎       | 454/2000 [00:30<01:44, 14.85it/s]
Projecting benign reference:  23%|██▎       | 456/2000 [00:30<01:45, 14.66it/s]
Projecting benign reference:  23%|██▎       | 458/2000 [00:31<01:49, 14.11it/s]
Projecting benign reference:  23%|██▎       | 460/2000 [00:31<01:47, 14.36it/s]
Projecting benign reference:  23%|██▎       | 462/2000 [00:31<01:44, 14.73it/s]
Projecting benign reference:  23%|██▎       | 464/2000 [00:31<01:44, 14.70it/s]
Projecting benign reference:  23%|██▎       | 466/2000 [00:31<01:42, 14.97it/s]
Projecting benign reference:  23%|██▎       | 468/2000 [00:31<01:44, 14.72it/s]
Projecting benign reference:  24%|██▎       | 470/2000 [00:31<01:44, 14.60it/s]
Projecting benign reference:  24%|██▎       | 472/2000 [00:32<01:43, 14.83it/s]
Projecting benign reference:  24%|██▎       | 474/2000 [00:32<01:45, 14.53it/s]
Projecting benign reference:  24%|██▍       | 476/2000 [00:32<01:43, 14.73it/s]
Projecting benign reference:  24%|██▍       | 478/2000 [00:32<01:43, 14.75it/s]
Projecting benign reference:  24%|██▍       | 480/2000 [00:32<01:46, 14.34it/s]
Projecting benign reference:  24%|██▍       | 482/2000 [00:32<02:05, 12.11it/s]
Projecting benign reference:  24%|██▍       | 484/2000 [00:32<01:56, 13.05it/s]
Projecting benign reference:  24%|██▍       | 486/2000 [00:33<01:53, 13.39it/s]
Projecting benign reference:  24%|██▍       | 488/2000 [00:33<01:48, 13.92it/s]
Projecting benign reference:  24%|██▍       | 490/2000 [00:33<01:45, 14.29it/s]
Projecting benign reference:  25%|██▍       | 492/2000 [00:33<01:45, 14.31it/s]
Projecting benign reference:  25%|██▍       | 494/2000 [00:33<01:43, 14.51it/s]
Projecting benign reference:  25%|██▍       | 496/2000 [00:33<01:47, 13.97it/s]
Projecting benign reference:  25%|██▍       | 498/2000 [00:33<01:45, 14.26it/s]
Projecting benign reference:  25%|██▌       | 500/2000 [00:34<01:43, 14.53it/s]
Projecting benign reference:  25%|██▌       | 502/2000 [00:34<01:42, 14.67it/s]
Projecting benign reference:  25%|██▌       | 504/2000 [00:34<01:41, 14.79it/s]
Projecting benign reference:  25%|██▌       | 506/2000 [00:34<01:42, 14.52it/s]
Projecting benign reference:  25%|██▌       | 508/2000 [00:34<01:41, 14.63it/s]
Projecting benign reference:  26%|██▌       | 510/2000 [00:34<01:41, 14.69it/s]
Projecting benign reference:  26%|██▌       | 512/2000 [00:34<01:41, 14.68it/s]
Projecting benign reference:  26%|██▌       | 514/2000 [00:35<01:40, 14.84it/s]
Projecting benign reference:  26%|██▌       | 516/2000 [00:35<01:39, 14.88it/s]
Projecting benign reference:  26%|██▌       | 518/2000 [00:35<01:41, 14.66it/s]
Projecting benign reference:  26%|██▌       | 520/2000 [00:35<01:40, 14.72it/s]
Projecting benign reference:  26%|██▌       | 522/2000 [00:35<01:40, 14.76it/s]
Projecting benign reference:  26%|██▌       | 524/2000 [00:35<01:39, 14.81it/s]
Projecting benign reference:  26%|██▋       | 526/2000 [00:35<01:39, 14.86it/s]
Projecting benign reference:  26%|██▋       | 528/2000 [00:35<01:39, 14.86it/s]
Projecting benign reference:  26%|██▋       | 530/2000 [00:36<01:37, 15.09it/s]
Projecting benign reference:  27%|██▋       | 532/2000 [00:36<01:37, 14.99it/s]
Projecting benign reference:  27%|██▋       | 534/2000 [00:36<01:37, 15.00it/s]
Projecting benign reference:  27%|██▋       | 536/2000 [00:36<01:36, 15.24it/s]
Projecting benign reference:  27%|██▋       | 538/2000 [00:36<01:36, 15.20it/s]
Projecting benign reference:  27%|██▋       | 540/2000 [00:36<01:36, 15.08it/s]
Projecting benign reference:  27%|██▋       | 542/2000 [00:36<01:37, 14.95it/s]
Projecting benign reference:  27%|██▋       | 544/2000 [00:37<01:40, 14.48it/s]
Projecting benign reference:  27%|██▋       | 546/2000 [00:37<01:38, 14.83it/s]
Projecting benign reference:  27%|██▋       | 548/2000 [00:37<01:38, 14.72it/s]
Projecting benign reference:  28%|██▊       | 550/2000 [00:37<01:37, 14.85it/s]
Projecting benign reference:  28%|██▊       | 552/2000 [00:37<01:36, 14.94it/s]
Projecting benign reference:  28%|██▊       | 554/2000 [00:37<01:40, 14.44it/s]
Projecting benign reference:  28%|██▊       | 556/2000 [00:37<01:40, 14.41it/s]
Projecting benign reference:  28%|██▊       | 558/2000 [00:37<01:38, 14.59it/s]
Projecting benign reference:  28%|██▊       | 560/2000 [00:38<01:38, 14.69it/s]
Projecting benign reference:  28%|██▊       | 562/2000 [00:38<01:36, 14.84it/s]
Projecting benign reference:  28%|██▊       | 564/2000 [00:38<01:36, 14.83it/s]
Projecting benign reference:  28%|██▊       | 566/2000 [00:38<01:36, 14.92it/s]
Projecting benign reference:  28%|██▊       | 568/2000 [00:38<01:35, 14.96it/s]
Projecting benign reference:  28%|██▊       | 570/2000 [00:38<01:34, 15.15it/s]
Projecting benign reference:  29%|██▊       | 572/2000 [00:38<01:41, 14.10it/s]
Projecting benign reference:  29%|██▊       | 574/2000 [00:39<01:39, 14.40it/s]
Projecting benign reference:  29%|██▉       | 576/2000 [00:39<01:40, 14.10it/s]
Projecting benign reference:  29%|██▉       | 578/2000 [00:39<01:38, 14.40it/s]
Projecting benign reference:  29%|██▉       | 580/2000 [00:39<01:38, 14.41it/s]
Projecting benign reference:  29%|██▉       | 582/2000 [00:39<01:37, 14.54it/s]
Projecting benign reference:  29%|██▉       | 584/2000 [00:39<01:40, 14.04it/s]
Projecting benign reference:  29%|██▉       | 586/2000 [00:39<01:38, 14.40it/s]
Projecting benign reference:  29%|██▉       | 588/2000 [00:40<01:37, 14.41it/s]
Projecting benign reference:  30%|██▉       | 590/2000 [00:40<01:36, 14.63it/s]
Projecting benign reference:  30%|██▉       | 592/2000 [00:40<01:35, 14.73it/s]
Projecting benign reference:  30%|██▉       | 594/2000 [00:40<01:36, 14.63it/s]
Projecting benign reference:  30%|██▉       | 596/2000 [00:40<01:35, 14.76it/s]
Projecting benign reference:  30%|██▉       | 598/2000 [00:40<01:34, 14.89it/s]
Projecting benign reference:  30%|███       | 600/2000 [00:40<01:35, 14.66it/s]
Projecting benign reference:  30%|███       | 602/2000 [00:41<01:34, 14.78it/s]
Projecting benign reference:  30%|███       | 604/2000 [00:41<01:33, 14.87it/s]
Projecting benign reference:  30%|███       | 606/2000 [00:41<01:35, 14.66it/s]
Projecting benign reference:  30%|███       | 608/2000 [00:41<01:36, 14.49it/s]
Projecting benign reference:  30%|███       | 610/2000 [00:41<01:37, 14.24it/s]
Projecting benign reference:  31%|███       | 612/2000 [00:41<01:37, 14.21it/s]
Projecting benign reference:  31%|███       | 614/2000 [00:41<01:37, 14.21it/s]
Projecting benign reference:  31%|███       | 616/2000 [00:41<01:36, 14.38it/s]
Projecting benign reference:  31%|███       | 618/2000 [00:42<01:33, 14.71it/s]
Projecting benign reference:  31%|███       | 620/2000 [00:42<01:34, 14.54it/s]
Projecting benign reference:  31%|███       | 622/2000 [00:42<01:33, 14.76it/s]
Projecting benign reference:  31%|███       | 624/2000 [00:42<01:33, 14.69it/s]
Projecting benign reference:  31%|███▏      | 626/2000 [00:42<01:33, 14.69it/s]
Projecting benign reference:  31%|███▏      | 628/2000 [00:42<01:34, 14.57it/s]
Projecting benign reference:  32%|███▏      | 630/2000 [00:42<01:34, 14.56it/s]
Projecting benign reference:  32%|███▏      | 632/2000 [00:43<01:35, 14.34it/s]
Projecting benign reference:  32%|███▏      | 634/2000 [00:43<01:33, 14.68it/s]
Projecting benign reference:  32%|███▏      | 636/2000 [00:43<01:32, 14.70it/s]
Projecting benign reference:  32%|███▏      | 638/2000 [00:43<01:32, 14.72it/s]
Projecting benign reference:  32%|███▏      | 640/2000 [00:43<01:32, 14.72it/s]
Projecting benign reference:  32%|███▏      | 642/2000 [00:43<01:33, 14.48it/s]
Projecting benign reference:  32%|███▏      | 644/2000 [00:43<01:32, 14.58it/s]
Projecting benign reference:  32%|███▏      | 646/2000 [00:44<01:31, 14.76it/s]
Projecting benign reference:  32%|███▏      | 648/2000 [00:44<01:30, 14.86it/s]
Projecting benign reference:  32%|███▎      | 650/2000 [00:44<01:30, 14.89it/s]
Projecting benign reference:  33%|███▎      | 652/2000 [00:44<01:29, 15.04it/s]
Projecting benign reference:  33%|███▎      | 654/2000 [00:44<01:29, 15.03it/s]
Projecting benign reference:  33%|███▎      | 656/2000 [00:44<01:29, 15.06it/s]
Projecting benign reference:  33%|███▎      | 658/2000 [00:44<01:29, 15.03it/s]
Projecting benign reference:  33%|███▎      | 660/2000 [00:44<01:28, 15.06it/s]
Projecting benign reference:  33%|███▎      | 662/2000 [00:45<01:28, 15.14it/s]
Projecting benign reference:  33%|███▎      | 664/2000 [00:45<01:29, 14.99it/s]
Projecting benign reference:  33%|███▎      | 666/2000 [00:45<01:28, 14.99it/s]
Projecting benign reference:  33%|███▎      | 668/2000 [00:45<01:27, 15.17it/s]
Projecting benign reference:  34%|███▎      | 670/2000 [00:45<01:28, 15.00it/s]
Projecting benign reference:  34%|███▎      | 672/2000 [00:45<01:30, 14.75it/s]
Projecting benign reference:  34%|███▎      | 674/2000 [00:45<01:29, 14.75it/s]
Projecting benign reference:  34%|███▍      | 676/2000 [00:46<01:28, 14.99it/s]
Projecting benign reference:  34%|███▍      | 678/2000 [00:46<01:29, 14.75it/s]
Projecting benign reference:  34%|███▍      | 680/2000 [00:46<01:28, 14.83it/s]
Projecting benign reference:  34%|███▍      | 682/2000 [00:46<01:29, 14.65it/s]
Projecting benign reference:  34%|███▍      | 684/2000 [00:46<01:29, 14.78it/s]
Projecting benign reference:  34%|███▍      | 686/2000 [00:46<01:28, 14.92it/s]
Projecting benign reference:  34%|███▍      | 688/2000 [00:46<01:28, 14.80it/s]
Projecting benign reference:  34%|███▍      | 690/2000 [00:46<01:28, 14.87it/s]
Projecting benign reference:  35%|███▍      | 692/2000 [00:47<01:28, 14.85it/s]
Projecting benign reference:  35%|███▍      | 694/2000 [00:47<01:28, 14.82it/s]
Projecting benign reference:  35%|███▍      | 696/2000 [00:47<01:26, 15.03it/s]
Projecting benign reference:  35%|███▍      | 698/2000 [00:47<01:28, 14.78it/s]
Projecting benign reference:  35%|███▌      | 700/2000 [00:47<01:26, 15.11it/s]
Projecting benign reference:  35%|███▌      | 702/2000 [00:47<01:27, 14.91it/s]
Projecting benign reference:  35%|███▌      | 704/2000 [00:47<01:26, 14.91it/s]
Projecting benign reference:  35%|███▌      | 706/2000 [00:48<01:26, 14.92it/s]
Projecting benign reference:  35%|███▌      | 708/2000 [00:48<01:26, 14.90it/s]
Projecting benign reference:  36%|███▌      | 710/2000 [00:48<01:26, 14.91it/s]
Projecting benign reference:  36%|███▌      | 712/2000 [00:48<01:26, 14.83it/s]
Projecting benign reference:  36%|███▌      | 714/2000 [00:48<01:33, 13.77it/s]
Projecting benign reference:  36%|███▌      | 716/2000 [00:48<01:30, 14.11it/s]
Projecting benign reference:  36%|███▌      | 718/2000 [00:48<01:28, 14.47it/s]
Projecting benign reference:  36%|███▌      | 720/2000 [00:49<01:28, 14.52it/s]
Projecting benign reference:  36%|███▌      | 722/2000 [00:49<01:27, 14.58it/s]
Projecting benign reference:  36%|███▌      | 724/2000 [00:49<01:26, 14.72it/s]
Projecting benign reference:  36%|███▋      | 726/2000 [00:49<01:25, 14.90it/s]
Projecting benign reference:  36%|███▋      | 728/2000 [00:49<01:24, 15.00it/s]
Projecting benign reference:  36%|███▋      | 730/2000 [00:49<01:26, 14.66it/s]
Projecting benign reference:  37%|███▋      | 732/2000 [00:49<01:26, 14.70it/s]
Projecting benign reference:  37%|███▋      | 734/2000 [00:49<01:27, 14.48it/s]
Projecting benign reference:  37%|███▋      | 736/2000 [00:50<01:26, 14.68it/s]
Projecting benign reference:  37%|███▋      | 738/2000 [00:50<01:26, 14.62it/s]
Projecting benign reference:  37%|███▋      | 740/2000 [00:50<01:25, 14.78it/s]
Projecting benign reference:  37%|███▋      | 742/2000 [00:50<01:24, 14.89it/s]
Projecting benign reference:  37%|███▋      | 744/2000 [00:50<01:24, 14.89it/s]
Projecting benign reference:  37%|███▋      | 746/2000 [00:50<01:24, 14.76it/s]
Projecting benign reference:  37%|███▋      | 748/2000 [00:50<01:25, 14.72it/s]
Projecting benign reference:  38%|███▊      | 750/2000 [00:51<01:26, 14.48it/s]
Projecting benign reference:  38%|███▊      | 752/2000 [00:51<01:25, 14.56it/s]
Projecting benign reference:  38%|███▊      | 754/2000 [00:51<01:24, 14.69it/s]
Projecting benign reference:  38%|███▊      | 756/2000 [00:51<01:23, 14.98it/s]
Projecting benign reference:  38%|███▊      | 758/2000 [00:51<01:23, 14.89it/s]
Projecting benign reference:  38%|███▊      | 760/2000 [00:51<01:23, 14.85it/s]
Projecting benign reference:  38%|███▊      | 762/2000 [00:51<01:22, 14.95it/s]
Projecting benign reference:  38%|███▊      | 764/2000 [00:51<01:22, 14.96it/s]
Projecting benign reference:  38%|███▊      | 766/2000 [00:52<01:22, 15.00it/s]
Projecting benign reference:  38%|███▊      | 768/2000 [00:52<01:23, 14.77it/s]
Projecting benign reference:  38%|███▊      | 770/2000 [00:52<01:22, 14.86it/s]
Projecting benign reference:  39%|███▊      | 772/2000 [00:52<01:22, 14.96it/s]
Projecting benign reference:  39%|███▊      | 774/2000 [00:52<01:21, 14.99it/s]
Projecting benign reference:  39%|███▉      | 776/2000 [00:52<01:22, 14.81it/s]
Projecting benign reference:  39%|███▉      | 778/2000 [00:52<01:22, 14.85it/s]
Projecting benign reference:  39%|███▉      | 780/2000 [00:53<01:22, 14.81it/s]
Projecting benign reference:  39%|███▉      | 782/2000 [00:53<01:22, 14.81it/s]
Projecting benign reference:  39%|███▉      | 784/2000 [00:53<01:21, 14.90it/s]
Projecting benign reference:  39%|███▉      | 786/2000 [00:53<01:21, 14.89it/s]
Projecting benign reference:  39%|███▉      | 788/2000 [00:53<01:23, 14.54it/s]
Projecting benign reference:  40%|███▉      | 790/2000 [00:53<01:25, 14.22it/s]
Projecting benign reference:  40%|███▉      | 792/2000 [00:53<01:23, 14.44it/s]
Projecting benign reference:  40%|███▉      | 794/2000 [00:54<01:21, 14.72it/s]
Projecting benign reference:  40%|███▉      | 796/2000 [00:54<01:21, 14.71it/s]
Projecting benign reference:  40%|███▉      | 798/2000 [00:54<01:20, 14.93it/s]
Projecting benign reference:  40%|████      | 800/2000 [00:54<01:20, 14.93it/s]
Projecting benign reference:  40%|████      | 802/2000 [00:54<01:22, 14.58it/s]
Projecting benign reference:  40%|████      | 804/2000 [00:54<01:21, 14.61it/s]
Projecting benign reference:  40%|████      | 806/2000 [00:54<01:20, 14.91it/s]
Projecting benign reference:  40%|████      | 808/2000 [00:54<01:21, 14.70it/s]
Projecting benign reference:  40%|████      | 810/2000 [00:55<01:20, 14.85it/s]
Projecting benign reference:  41%|████      | 812/2000 [00:55<01:20, 14.75it/s]
Projecting benign reference:  41%|████      | 814/2000 [00:55<01:18, 15.05it/s]
Projecting benign reference:  41%|████      | 816/2000 [00:55<01:19, 14.84it/s]
Projecting benign reference:  41%|████      | 818/2000 [00:55<01:19, 14.83it/s]
Projecting benign reference:  41%|████      | 820/2000 [00:55<01:19, 14.82it/s]
Projecting benign reference:  41%|████      | 822/2000 [00:55<01:21, 14.54it/s]
Projecting benign reference:  41%|████      | 824/2000 [00:56<01:20, 14.63it/s]
Projecting benign reference:  41%|████▏     | 826/2000 [00:56<01:19, 14.71it/s]
Projecting benign reference:  41%|████▏     | 828/2000 [00:56<01:19, 14.66it/s]
Projecting benign reference:  42%|████▏     | 830/2000 [00:56<01:19, 14.73it/s]
Projecting benign reference:  42%|████▏     | 832/2000 [00:56<01:18, 14.89it/s]
Projecting benign reference:  42%|████▏     | 834/2000 [00:56<01:17, 14.96it/s]
Projecting benign reference:  42%|████▏     | 836/2000 [00:56<01:17, 14.98it/s]
Projecting benign reference:  42%|████▏     | 838/2000 [00:56<01:18, 14.88it/s]
Projecting benign reference:  42%|████▏     | 840/2000 [00:57<01:17, 14.93it/s]
Projecting benign reference:  42%|████▏     | 842/2000 [00:57<01:18, 14.81it/s]
Projecting benign reference:  42%|████▏     | 844/2000 [00:57<01:18, 14.76it/s]
Projecting benign reference:  42%|████▏     | 846/2000 [00:57<01:19, 14.49it/s]
Projecting benign reference:  42%|████▏     | 848/2000 [00:57<01:18, 14.71it/s]
Projecting benign reference:  42%|████▎     | 850/2000 [00:57<01:17, 14.84it/s]
Projecting benign reference:  43%|████▎     | 852/2000 [00:57<01:18, 14.63it/s]
Projecting benign reference:  43%|████▎     | 854/2000 [00:58<01:17, 14.73it/s]
Projecting benign reference:  43%|████▎     | 856/2000 [00:58<01:20, 14.30it/s]
Projecting benign reference:  43%|████▎     | 858/2000 [00:58<01:20, 14.22it/s]
Projecting benign reference:  43%|████▎     | 860/2000 [00:58<01:18, 14.45it/s]
Projecting benign reference:  43%|████▎     | 862/2000 [00:58<01:17, 14.73it/s]
Projecting benign reference:  43%|████▎     | 864/2000 [00:58<01:17, 14.67it/s]
Projecting benign reference:  43%|████▎     | 866/2000 [00:58<01:16, 14.77it/s]
Projecting benign reference:  43%|████▎     | 868/2000 [00:59<01:15, 14.90it/s]
Projecting benign reference:  44%|████▎     | 870/2000 [00:59<01:15, 14.97it/s]
Projecting benign reference:  44%|████▎     | 872/2000 [00:59<01:15, 15.01it/s]
Projecting benign reference:  44%|████▎     | 874/2000 [00:59<01:15, 14.94it/s]
Projecting benign reference:  44%|████▍     | 876/2000 [00:59<01:15, 14.86it/s]
Projecting benign reference:  44%|████▍     | 878/2000 [00:59<01:15, 14.90it/s]
Projecting benign reference:  44%|████▍     | 880/2000 [00:59<01:14, 14.96it/s]
Projecting benign reference:  44%|████▍     | 882/2000 [00:59<01:15, 14.87it/s]
Projecting benign reference:  44%|████▍     | 884/2000 [01:00<01:14, 15.04it/s]
Projecting benign reference:  44%|████▍     | 886/2000 [01:00<01:14, 14.98it/s]
Projecting benign reference:  44%|████▍     | 888/2000 [01:00<01:13, 15.19it/s]
Projecting benign reference:  44%|████▍     | 890/2000 [01:00<01:13, 15.18it/s]
Projecting benign reference:  45%|████▍     | 892/2000 [01:00<01:13, 15.05it/s]
Projecting benign reference:  45%|████▍     | 894/2000 [01:00<01:12, 15.16it/s]
Projecting benign reference:  45%|████▍     | 896/2000 [01:00<01:14, 14.81it/s]
Projecting benign reference:  45%|████▍     | 898/2000 [01:01<01:13, 14.99it/s]
Projecting benign reference:  45%|████▌     | 900/2000 [01:01<01:12, 15.08it/s]
Projecting benign reference:  45%|████▌     | 902/2000 [01:01<01:15, 14.62it/s]
Projecting benign reference:  45%|████▌     | 904/2000 [01:01<01:14, 14.78it/s]
Projecting benign reference:  45%|████▌     | 906/2000 [01:01<01:13, 14.90it/s]
Projecting benign reference:  45%|████▌     | 908/2000 [01:01<01:12, 15.01it/s]
Projecting benign reference:  46%|████▌     | 910/2000 [01:01<01:14, 14.61it/s]
Projecting benign reference:  46%|████▌     | 912/2000 [01:01<01:15, 14.37it/s]
Projecting benign reference:  46%|████▌     | 914/2000 [01:02<01:14, 14.63it/s]
Projecting benign reference:  46%|████▌     | 916/2000 [01:02<01:13, 14.65it/s]
Projecting benign reference:  46%|████▌     | 918/2000 [01:02<01:14, 14.46it/s]
Projecting benign reference:  46%|████▌     | 920/2000 [01:02<01:14, 14.50it/s]
Projecting benign reference:  46%|████▌     | 922/2000 [01:02<01:13, 14.58it/s]
Projecting benign reference:  46%|████▌     | 924/2000 [01:02<01:13, 14.71it/s]
Projecting benign reference:  46%|████▋     | 926/2000 [01:02<01:12, 14.84it/s]
Projecting benign reference:  46%|████▋     | 928/2000 [01:03<01:11, 14.93it/s]
Projecting benign reference:  46%|████▋     | 930/2000 [01:03<01:12, 14.84it/s]
Projecting benign reference:  47%|████▋     | 932/2000 [01:03<01:14, 14.41it/s]
Projecting benign reference:  47%|████▋     | 934/2000 [01:03<01:12, 14.60it/s]
Projecting benign reference:  47%|████▋     | 936/2000 [01:03<01:11, 14.79it/s]
Projecting benign reference:  47%|████▋     | 938/2000 [01:03<01:12, 14.64it/s]
Projecting benign reference:  47%|████▋     | 940/2000 [01:03<01:12, 14.70it/s]
Projecting benign reference:  47%|████▋     | 942/2000 [01:04<01:13, 14.40it/s]
Projecting benign reference:  47%|████▋     | 944/2000 [01:04<01:12, 14.59it/s]
Projecting benign reference:  47%|████▋     | 946/2000 [01:04<01:11, 14.72it/s]
Projecting benign reference:  47%|████▋     | 948/2000 [01:04<01:11, 14.81it/s]
Projecting benign reference:  48%|████▊     | 950/2000 [01:04<01:12, 14.42it/s]
Projecting benign reference:  48%|████▊     | 952/2000 [01:04<01:11, 14.67it/s]
Projecting benign reference:  48%|████▊     | 954/2000 [01:04<01:11, 14.72it/s]
Projecting benign reference:  48%|████▊     | 956/2000 [01:04<01:11, 14.69it/s]
Projecting benign reference:  48%|████▊     | 958/2000 [01:05<01:10, 14.71it/s]
Projecting benign reference:  48%|████▊     | 960/2000 [01:05<01:09, 14.86it/s]
Projecting benign reference:  48%|████▊     | 962/2000 [01:05<01:10, 14.76it/s]
Projecting benign reference:  48%|████▊     | 964/2000 [01:05<01:09, 14.82it/s]
Projecting benign reference:  48%|████▊     | 966/2000 [01:05<01:10, 14.60it/s]
Projecting benign reference:  48%|████▊     | 968/2000 [01:05<01:10, 14.64it/s]
Projecting benign reference:  48%|████▊     | 970/2000 [01:05<01:09, 14.73it/s]
Projecting benign reference:  49%|████▊     | 972/2000 [01:06<01:09, 14.86it/s]
Projecting benign reference:  49%|████▊     | 974/2000 [01:06<01:09, 14.82it/s]
Projecting benign reference:  49%|████▉     | 976/2000 [01:06<01:07, 15.06it/s]
Projecting benign reference:  49%|████▉     | 978/2000 [01:06<01:08, 14.94it/s]
Projecting benign reference:  49%|████▉     | 980/2000 [01:06<01:08, 14.91it/s]
Projecting benign reference:  49%|████▉     | 982/2000 [01:06<01:07, 15.01it/s]
Projecting benign reference:  49%|████▉     | 984/2000 [01:06<01:08, 14.89it/s]
Projecting benign reference:  49%|████▉     | 986/2000 [01:07<01:08, 14.88it/s]
Projecting benign reference:  49%|████▉     | 988/2000 [01:07<01:07, 14.91it/s]
Projecting benign reference:  50%|████▉     | 990/2000 [01:07<01:08, 14.68it/s]
Projecting benign reference:  50%|████▉     | 992/2000 [01:07<01:08, 14.80it/s]
Projecting benign reference:  50%|████▉     | 994/2000 [01:07<01:07, 14.80it/s]
Projecting benign reference:  50%|████▉     | 996/2000 [01:07<01:06, 15.05it/s]
Projecting benign reference:  50%|████▉     | 998/2000 [01:07<01:07, 14.80it/s]
Projecting benign reference:  50%|█████     | 1000/2000 [01:07<01:07, 14.84it/s]
Projecting benign reference:  50%|█████     | 1002/2000 [01:08<01:06, 14.95it/s]
Projecting benign reference:  50%|█████     | 1004/2000 [01:08<01:08, 14.56it/s]
Projecting benign reference:  50%|█████     | 1006/2000 [01:08<01:06, 14.90it/s]
Projecting benign reference:  50%|█████     | 1008/2000 [01:08<01:06, 15.00it/s]
Projecting benign reference:  50%|█████     | 1010/2000 [01:08<01:07, 14.67it/s]
Projecting benign reference:  51%|█████     | 1012/2000 [01:08<01:12, 13.63it/s]
Projecting benign reference:  51%|█████     | 1014/2000 [01:08<01:10, 13.97it/s]
Projecting benign reference:  51%|█████     | 1016/2000 [01:09<01:10, 13.94it/s]
Projecting benign reference:  51%|█████     | 1018/2000 [01:09<01:09, 14.04it/s]
Projecting benign reference:  51%|█████     | 1020/2000 [01:09<01:08, 14.29it/s]
Projecting benign reference:  51%|█████     | 1022/2000 [01:09<01:07, 14.59it/s]
Projecting benign reference:  51%|█████     | 1024/2000 [01:09<01:07, 14.50it/s]
Projecting benign reference:  51%|█████▏    | 1026/2000 [01:09<01:07, 14.50it/s]
Projecting benign reference:  51%|█████▏    | 1028/2000 [01:09<01:06, 14.53it/s]
Projecting benign reference:  52%|█████▏    | 1030/2000 [01:10<01:07, 14.46it/s]
Projecting benign reference:  52%|█████▏    | 1032/2000 [01:10<01:08, 14.07it/s]
Projecting benign reference:  52%|█████▏    | 1034/2000 [01:10<01:07, 14.26it/s]
Projecting benign reference:  52%|█████▏    | 1036/2000 [01:10<01:06, 14.46it/s]
Projecting benign reference:  52%|█████▏    | 1038/2000 [01:10<01:05, 14.71it/s]
Projecting benign reference:  52%|█████▏    | 1040/2000 [01:10<01:04, 14.86it/s]
Projecting benign reference:  52%|█████▏    | 1042/2000 [01:10<01:06, 14.43it/s]
Projecting benign reference:  52%|█████▏    | 1044/2000 [01:11<01:05, 14.55it/s]
Projecting benign reference:  52%|█████▏    | 1046/2000 [01:11<01:04, 14.70it/s]
Projecting benign reference:  52%|█████▏    | 1048/2000 [01:11<01:04, 14.81it/s]
Projecting benign reference:  52%|█████▎    | 1050/2000 [01:11<01:04, 14.67it/s]
Projecting benign reference:  53%|█████▎    | 1052/2000 [01:11<01:04, 14.76it/s]
Projecting benign reference:  53%|█████▎    | 1054/2000 [01:11<01:03, 14.90it/s]
Projecting benign reference:  53%|█████▎    | 1056/2000 [01:11<01:02, 14.99it/s]
Projecting benign reference:  53%|█████▎    | 1058/2000 [01:11<01:03, 14.86it/s]
Projecting benign reference:  53%|█████▎    | 1060/2000 [01:12<01:02, 15.10it/s]
Projecting benign reference:  53%|█████▎    | 1062/2000 [01:12<01:03, 14.86it/s]
Projecting benign reference:  53%|█████▎    | 1064/2000 [01:12<01:01, 15.21it/s]
Projecting benign reference:  53%|█████▎    | 1066/2000 [01:12<01:02, 14.99it/s]
Projecting benign reference:  53%|█████▎    | 1068/2000 [01:12<01:02, 14.94it/s]
Projecting benign reference:  54%|█████▎    | 1070/2000 [01:12<01:04, 14.44it/s]
Projecting benign reference:  54%|█████▎    | 1072/2000 [01:12<01:04, 14.41it/s]
Projecting benign reference:  54%|█████▎    | 1074/2000 [01:13<01:03, 14.51it/s]
Projecting benign reference:  54%|█████▍    | 1076/2000 [01:13<01:02, 14.69it/s]
Projecting benign reference:  54%|█████▍    | 1078/2000 [01:13<01:02, 14.81it/s]
Projecting benign reference:  54%|█████▍    | 1080/2000 [01:13<01:02, 14.83it/s]
Projecting benign reference:  54%|█████▍    | 1082/2000 [01:13<01:03, 14.46it/s]
Projecting benign reference:  54%|█████▍    | 1084/2000 [01:13<01:02, 14.56it/s]
Projecting benign reference:  54%|█████▍    | 1086/2000 [01:13<01:02, 14.57it/s]
Projecting benign reference:  54%|█████▍    | 1088/2000 [01:13<01:01, 14.74it/s]
Projecting benign reference:  55%|█████▍    | 1090/2000 [01:14<01:03, 14.40it/s]
Projecting benign reference:  55%|█████▍    | 1092/2000 [01:14<01:02, 14.63it/s]
Projecting benign reference:  55%|█████▍    | 1094/2000 [01:14<01:02, 14.52it/s]
Projecting benign reference:  55%|█████▍    | 1096/2000 [01:14<01:01, 14.73it/s]
Projecting benign reference:  55%|█████▍    | 1098/2000 [01:14<01:00, 14.85it/s]
Projecting benign reference:  55%|█████▌    | 1100/2000 [01:14<01:00, 14.92it/s]
Projecting benign reference:  55%|█████▌    | 1102/2000 [01:14<01:00, 14.89it/s]
Projecting benign reference:  55%|█████▌    | 1104/2000 [01:15<01:00, 14.85it/s]
Projecting benign reference:  55%|█████▌    | 1106/2000 [01:15<01:01, 14.65it/s]
Projecting benign reference:  55%|█████▌    | 1108/2000 [01:15<01:00, 14.79it/s]
Projecting benign reference:  56%|█████▌    | 1110/2000 [01:15<00:59, 14.90it/s]
Projecting benign reference:  56%|█████▌    | 1112/2000 [01:15<00:59, 14.99it/s]
Projecting benign reference:  56%|█████▌    | 1114/2000 [01:15<00:58, 15.04it/s]
Projecting benign reference:  56%|█████▌    | 1116/2000 [01:15<00:59, 14.88it/s]
Projecting benign reference:  56%|█████▌    | 1118/2000 [01:16<00:59, 14.89it/s]
Projecting benign reference:  56%|█████▌    | 1120/2000 [01:16<00:58, 14.98it/s]
Projecting benign reference:  56%|█████▌    | 1122/2000 [01:16<00:59, 14.78it/s]
Projecting benign reference:  56%|█████▌    | 1124/2000 [01:16<00:59, 14.62it/s]
Projecting benign reference:  56%|█████▋    | 1126/2000 [01:16<00:59, 14.68it/s]
Projecting benign reference:  56%|█████▋    | 1128/2000 [01:16<00:58, 14.93it/s]
Projecting benign reference:  56%|█████▋    | 1130/2000 [01:16<00:58, 14.90it/s]
Projecting benign reference:  57%|█████▋    | 1132/2000 [01:16<00:59, 14.57it/s]
Projecting benign reference:  57%|█████▋    | 1134/2000 [01:17<00:58, 14.74it/s]
Projecting benign reference:  57%|█████▋    | 1136/2000 [01:17<00:58, 14.88it/s]
Projecting benign reference:  57%|█████▋    | 1138/2000 [01:17<00:58, 14.85it/s]
Projecting benign reference:  57%|█████▋    | 1140/2000 [01:17<00:56, 15.09it/s]
Projecting benign reference:  57%|█████▋    | 1142/2000 [01:17<00:57, 14.99it/s]
Projecting benign reference:  57%|█████▋    | 1144/2000 [01:17<00:58, 14.60it/s]
Projecting benign reference:  57%|█████▋    | 1146/2000 [01:17<00:57, 14.74it/s]
Projecting benign reference:  57%|█████▋    | 1148/2000 [01:18<00:58, 14.64it/s]
Projecting benign reference:  57%|█████▊    | 1150/2000 [01:18<00:59, 14.40it/s]
Projecting benign reference:  58%|█████▊    | 1152/2000 [01:18<00:59, 14.21it/s]
Projecting benign reference:  58%|█████▊    | 1154/2000 [01:18<00:58, 14.50it/s]
Projecting benign reference:  58%|█████▊    | 1156/2000 [01:18<00:57, 14.59it/s]
Projecting benign reference:  58%|█████▊    | 1158/2000 [01:18<00:57, 14.55it/s]
Projecting benign reference:  58%|█████▊    | 1160/2000 [01:18<00:57, 14.69it/s]
Projecting benign reference:  58%|█████▊    | 1162/2000 [01:19<00:56, 14.81it/s]
Projecting benign reference:  58%|█████▊    | 1164/2000 [01:19<00:58, 14.36it/s]
Projecting benign reference:  58%|█████▊    | 1166/2000 [01:19<00:59, 14.12it/s]
Projecting benign reference:  58%|█████▊    | 1168/2000 [01:19<00:58, 14.19it/s]
Projecting benign reference:  58%|█████▊    | 1170/2000 [01:19<00:57, 14.48it/s]
Projecting benign reference:  59%|█████▊    | 1172/2000 [01:19<00:58, 14.25it/s]
Projecting benign reference:  59%|█████▊    | 1174/2000 [01:19<00:57, 14.45it/s]
Projecting benign reference:  59%|█████▉    | 1176/2000 [01:19<00:56, 14.63it/s]
Projecting benign reference:  59%|█████▉    | 1178/2000 [01:20<00:56, 14.60it/s]
Projecting benign reference:  59%|█████▉    | 1180/2000 [01:20<00:56, 14.58it/s]
Projecting benign reference:  59%|█████▉    | 1182/2000 [01:20<00:56, 14.60it/s]
Projecting benign reference:  59%|█████▉    | 1184/2000 [01:20<00:55, 14.68it/s]
Projecting benign reference:  59%|█████▉    | 1186/2000 [01:20<00:55, 14.74it/s]
Projecting benign reference:  59%|█████▉    | 1188/2000 [01:20<00:54, 14.93it/s]
Projecting benign reference:  60%|█████▉    | 1190/2000 [01:20<00:53, 15.02it/s]
Projecting benign reference:  60%|█████▉    | 1192/2000 [01:21<00:54, 14.92it/s]
Projecting benign reference:  60%|█████▉    | 1194/2000 [01:21<00:54, 14.87it/s]
Projecting benign reference:  60%|█████▉    | 1196/2000 [01:21<00:53, 14.93it/s]
Projecting benign reference:  60%|█████▉    | 1198/2000 [01:21<00:52, 15.31it/s]
Projecting benign reference:  60%|██████    | 1200/2000 [01:21<00:53, 14.99it/s]
Projecting benign reference:  60%|██████    | 1202/2000 [01:21<00:53, 14.91it/s]
Projecting benign reference:  60%|██████    | 1204/2000 [01:21<00:53, 14.96it/s]
Projecting benign reference:  60%|██████    | 1206/2000 [01:21<00:53, 14.98it/s]
Projecting benign reference:  60%|██████    | 1208/2000 [01:22<00:53, 14.88it/s]
Projecting benign reference:  60%|██████    | 1210/2000 [01:22<00:52, 14.91it/s]
Projecting benign reference:  61%|██████    | 1212/2000 [01:22<00:52, 15.02it/s]
Projecting benign reference:  61%|██████    | 1214/2000 [01:22<00:53, 14.74it/s]
Projecting benign reference:  61%|██████    | 1216/2000 [01:22<00:52, 14.92it/s]
Projecting benign reference:  61%|██████    | 1218/2000 [01:22<00:52, 15.03it/s]
Projecting benign reference:  61%|██████    | 1220/2000 [01:22<00:52, 14.82it/s]
Projecting benign reference:  61%|██████    | 1222/2000 [01:23<00:52, 14.93it/s]
Projecting benign reference:  61%|██████    | 1224/2000 [01:23<00:53, 14.63it/s]
Projecting benign reference:  61%|██████▏   | 1226/2000 [01:23<00:53, 14.45it/s]
Projecting benign reference:  61%|██████▏   | 1228/2000 [01:23<00:52, 14.72it/s]
Projecting benign reference:  62%|██████▏   | 1230/2000 [01:23<00:51, 14.94it/s]
Projecting benign reference:  62%|██████▏   | 1232/2000 [01:23<00:52, 14.75it/s]
Projecting benign reference:  62%|██████▏   | 1234/2000 [01:23<00:51, 14.79it/s]
Projecting benign reference:  62%|██████▏   | 1236/2000 [01:24<00:51, 14.88it/s]
Projecting benign reference:  62%|██████▏   | 1238/2000 [01:24<00:51, 14.94it/s]
Projecting benign reference:  62%|██████▏   | 1240/2000 [01:24<00:51, 14.83it/s]
Projecting benign reference:  62%|██████▏   | 1242/2000 [01:24<00:51, 14.84it/s]
Projecting benign reference:  62%|██████▏   | 1244/2000 [01:24<00:50, 14.93it/s]
Projecting benign reference:  62%|██████▏   | 1246/2000 [01:24<00:50, 14.87it/s]
Projecting benign reference:  62%|██████▏   | 1248/2000 [01:24<00:51, 14.59it/s]
Projecting benign reference:  62%|██████▎   | 1250/2000 [01:24<00:51, 14.70it/s]
Projecting benign reference:  63%|██████▎   | 1252/2000 [01:25<00:50, 14.84it/s]
Projecting benign reference:  63%|██████▎   | 1254/2000 [01:25<00:50, 14.90it/s]
Projecting benign reference:  63%|██████▎   | 1256/2000 [01:25<00:50, 14.72it/s]
Projecting benign reference:  63%|██████▎   | 1258/2000 [01:25<00:50, 14.71it/s]
Projecting benign reference:  63%|██████▎   | 1260/2000 [01:25<00:49, 14.85it/s]
Projecting benign reference:  63%|██████▎   | 1262/2000 [01:25<00:49, 15.04it/s]
Projecting benign reference:  63%|██████▎   | 1264/2000 [01:25<00:51, 14.40it/s]
Projecting benign reference:  63%|██████▎   | 1266/2000 [01:26<00:51, 14.24it/s]
Projecting benign reference:  63%|██████▎   | 1268/2000 [01:26<00:50, 14.51it/s]
Projecting benign reference:  64%|██████▎   | 1270/2000 [01:26<00:50, 14.48it/s]
Projecting benign reference:  64%|██████▎   | 1272/2000 [01:26<00:49, 14.70it/s]
Projecting benign reference:  64%|██████▎   | 1274/2000 [01:26<00:49, 14.70it/s]
Projecting benign reference:  64%|██████▍   | 1276/2000 [01:26<00:50, 14.46it/s]
Projecting benign reference:  64%|██████▍   | 1278/2000 [01:26<00:49, 14.53it/s]
Projecting benign reference:  64%|██████▍   | 1280/2000 [01:27<00:49, 14.66it/s]
Projecting benign reference:  64%|██████▍   | 1282/2000 [01:27<00:49, 14.48it/s]
Projecting benign reference:  64%|██████▍   | 1284/2000 [01:27<00:48, 14.64it/s]
Projecting benign reference:  64%|██████▍   | 1286/2000 [01:27<00:49, 14.48it/s]
Projecting benign reference:  64%|██████▍   | 1288/2000 [01:27<00:49, 14.25it/s]
Projecting benign reference:  64%|██████▍   | 1290/2000 [01:27<00:49, 14.42it/s]
Projecting benign reference:  65%|██████▍   | 1292/2000 [01:27<00:48, 14.50it/s]
Projecting benign reference:  65%|██████▍   | 1294/2000 [01:27<00:48, 14.52it/s]
Projecting benign reference:  65%|██████▍   | 1296/2000 [01:28<00:48, 14.59it/s]
Projecting benign reference:  65%|██████▍   | 1298/2000 [01:28<00:47, 14.76it/s]
Projecting benign reference:  65%|██████▌   | 1300/2000 [01:28<00:47, 14.75it/s]
Projecting benign reference:  65%|██████▌   | 1302/2000 [01:28<00:46, 14.88it/s]
Projecting benign reference:  65%|██████▌   | 1304/2000 [01:28<00:46, 14.96it/s]
Projecting benign reference:  65%|██████▌   | 1306/2000 [01:28<00:46, 15.03it/s]
Projecting benign reference:  65%|██████▌   | 1308/2000 [01:28<00:46, 14.81it/s]
Projecting benign reference:  66%|██████▌   | 1310/2000 [01:29<00:46, 14.93it/s]
Projecting benign reference:  66%|██████▌   | 1312/2000 [01:29<00:47, 14.59it/s]
Projecting benign reference:  66%|██████▌   | 1314/2000 [01:29<00:46, 14.61it/s]
Projecting benign reference:  66%|██████▌   | 1316/2000 [01:29<00:46, 14.76it/s]
Projecting benign reference:  66%|██████▌   | 1318/2000 [01:29<00:46, 14.76it/s]
Projecting benign reference:  66%|██████▌   | 1320/2000 [01:29<00:45, 14.89it/s]
Projecting benign reference:  66%|██████▌   | 1322/2000 [01:29<00:45, 14.88it/s]
Projecting benign reference:  66%|██████▌   | 1324/2000 [01:30<00:45, 14.89it/s]
Projecting benign reference:  66%|██████▋   | 1326/2000 [01:30<00:44, 15.05it/s]
Projecting benign reference:  66%|██████▋   | 1328/2000 [01:30<00:45, 14.93it/s]
Projecting benign reference:  66%|██████▋   | 1330/2000 [01:30<00:44, 14.90it/s]
Projecting benign reference:  67%|██████▋   | 1332/2000 [01:30<00:44, 14.91it/s]
Projecting benign reference:  67%|██████▋   | 1334/2000 [01:30<00:44, 15.01it/s]
Projecting benign reference:  67%|██████▋   | 1336/2000 [01:30<00:44, 14.77it/s]
Projecting benign reference:  67%|██████▋   | 1338/2000 [01:30<00:44, 14.83it/s]
Projecting benign reference:  67%|██████▋   | 1340/2000 [01:31<00:45, 14.40it/s]
Projecting benign reference:  67%|██████▋   | 1342/2000 [01:31<00:46, 14.23it/s]
Projecting benign reference:  67%|██████▋   | 1344/2000 [01:31<00:44, 14.64it/s]
Projecting benign reference:  67%|██████▋   | 1346/2000 [01:31<00:45, 14.39it/s]
Projecting benign reference:  67%|██████▋   | 1348/2000 [01:31<00:44, 14.61it/s]
Projecting benign reference:  68%|██████▊   | 1350/2000 [01:31<00:46, 14.09it/s]
Projecting benign reference:  68%|██████▊   | 1352/2000 [01:31<00:46, 13.87it/s]
Projecting benign reference:  68%|██████▊   | 1354/2000 [01:32<00:45, 14.23it/s]
Projecting benign reference:  68%|██████▊   | 1356/2000 [01:32<00:44, 14.41it/s]
Projecting benign reference:  68%|██████▊   | 1358/2000 [01:32<00:45, 14.25it/s]
Projecting benign reference:  68%|██████▊   | 1360/2000 [01:32<00:44, 14.52it/s]
Projecting benign reference:  68%|██████▊   | 1362/2000 [01:32<00:44, 14.42it/s]
Projecting benign reference:  68%|██████▊   | 1364/2000 [01:32<00:43, 14.57it/s]
Projecting benign reference:  68%|██████▊   | 1366/2000 [01:32<00:43, 14.71it/s]
Projecting benign reference:  68%|██████▊   | 1368/2000 [01:33<00:42, 14.92it/s]
Projecting benign reference:  68%|██████▊   | 1370/2000 [01:33<00:42, 14.76it/s]
Projecting benign reference:  69%|██████▊   | 1372/2000 [01:33<00:42, 14.87it/s]
Projecting benign reference:  69%|██████▊   | 1374/2000 [01:33<00:41, 15.00it/s]
Projecting benign reference:  69%|██████▉   | 1376/2000 [01:33<00:41, 14.91it/s]
Projecting benign reference:  69%|██████▉   | 1378/2000 [01:33<00:41, 15.04it/s]
Projecting benign reference:  69%|██████▉   | 1380/2000 [01:33<00:42, 14.55it/s]
Projecting benign reference:  69%|██████▉   | 1382/2000 [01:33<00:41, 14.74it/s]
Projecting benign reference:  69%|██████▉   | 1384/2000 [01:34<00:42, 14.67it/s]
Projecting benign reference:  69%|██████▉   | 1386/2000 [01:34<00:41, 14.79it/s]
Projecting benign reference:  69%|██████▉   | 1388/2000 [01:34<00:41, 14.87it/s]
Projecting benign reference:  70%|██████▉   | 1390/2000 [01:34<00:40, 14.98it/s]
Projecting benign reference:  70%|██████▉   | 1392/2000 [01:34<00:40, 14.87it/s]
Projecting benign reference:  70%|██████▉   | 1394/2000 [01:34<00:40, 15.12it/s]
Projecting benign reference:  70%|██████▉   | 1396/2000 [01:34<00:40, 14.85it/s]
Projecting benign reference:  70%|██████▉   | 1398/2000 [01:35<00:40, 14.93it/s]
Projecting benign reference:  70%|███████   | 1400/2000 [01:35<00:40, 14.92it/s]
Projecting benign reference:  70%|███████   | 1402/2000 [01:35<00:39, 15.06it/s]
Projecting benign reference:  70%|███████   | 1404/2000 [01:35<00:39, 15.08it/s]
Projecting benign reference:  70%|███████   | 1406/2000 [01:35<00:40, 14.56it/s]
Projecting benign reference:  70%|███████   | 1408/2000 [01:35<00:40, 14.71it/s]
Projecting benign reference:  70%|███████   | 1410/2000 [01:35<00:40, 14.61it/s]
Projecting benign reference:  71%|███████   | 1412/2000 [01:35<00:40, 14.66it/s]
Projecting benign reference:  71%|███████   | 1414/2000 [01:36<00:39, 14.67it/s]
Projecting benign reference:  71%|███████   | 1416/2000 [01:36<00:39, 14.84it/s]
Projecting benign reference:  71%|███████   | 1418/2000 [01:36<00:39, 14.87it/s]
Projecting benign reference:  71%|███████   | 1420/2000 [01:36<00:38, 14.92it/s]
Projecting benign reference:  71%|███████   | 1422/2000 [01:36<00:38, 14.87it/s]
Projecting benign reference:  71%|███████   | 1424/2000 [01:36<00:38, 14.93it/s]
Projecting benign reference:  71%|███████▏  | 1426/2000 [01:36<00:39, 14.63it/s]
Projecting benign reference:  71%|███████▏  | 1428/2000 [01:37<00:39, 14.66it/s]
Projecting benign reference:  72%|███████▏  | 1430/2000 [01:37<00:38, 14.84it/s]
Projecting benign reference:  72%|███████▏  | 1432/2000 [01:37<00:38, 14.92it/s]
Projecting benign reference:  72%|███████▏  | 1434/2000 [01:37<00:38, 14.70it/s]
Projecting benign reference:  72%|███████▏  | 1436/2000 [01:37<00:37, 15.01it/s]
Projecting benign reference:  72%|███████▏  | 1438/2000 [01:37<00:37, 14.79it/s]
Projecting benign reference:  72%|███████▏  | 1440/2000 [01:37<00:38, 14.72it/s]
Projecting benign reference:  72%|███████▏  | 1442/2000 [01:38<00:37, 14.71it/s]
Projecting benign reference:  72%|███████▏  | 1444/2000 [01:38<00:37, 14.78it/s]
Projecting benign reference:  72%|███████▏  | 1446/2000 [01:38<00:37, 14.92it/s]
Projecting benign reference:  72%|███████▏  | 1448/2000 [01:38<00:37, 14.81it/s]
Projecting benign reference:  72%|███████▎  | 1450/2000 [01:38<00:37, 14.54it/s]
Projecting benign reference:  73%|███████▎  | 1452/2000 [01:38<00:37, 14.75it/s]
Projecting benign reference:  73%|███████▎  | 1454/2000 [01:38<00:37, 14.54it/s]
Projecting benign reference:  73%|███████▎  | 1456/2000 [01:38<00:37, 14.47it/s]
Projecting benign reference:  73%|███████▎  | 1458/2000 [01:39<00:37, 14.39it/s]
Projecting benign reference:  73%|███████▎  | 1460/2000 [01:39<00:37, 14.49it/s]
Projecting benign reference:  73%|███████▎  | 1462/2000 [01:39<00:37, 14.35it/s]
Projecting benign reference:  73%|███████▎  | 1464/2000 [01:39<00:36, 14.65it/s]
Projecting benign reference:  73%|███████▎  | 1466/2000 [01:39<00:36, 14.60it/s]
Projecting benign reference:  73%|███████▎  | 1468/2000 [01:39<00:36, 14.66it/s]
Projecting benign reference:  74%|███████▎  | 1470/2000 [01:39<00:36, 14.60it/s]
Projecting benign reference:  74%|███████▎  | 1472/2000 [01:40<00:35, 14.72it/s]
Projecting benign reference:  74%|███████▎  | 1474/2000 [01:40<00:35, 14.86it/s]
Projecting benign reference:  74%|███████▍  | 1476/2000 [01:40<00:35, 14.88it/s]
Projecting benign reference:  74%|███████▍  | 1478/2000 [01:40<00:35, 14.85it/s]
Projecting benign reference:  74%|███████▍  | 1480/2000 [01:40<00:35, 14.83it/s]
Projecting benign reference:  74%|███████▍  | 1482/2000 [01:40<00:35, 14.66it/s]
Projecting benign reference:  74%|███████▍  | 1484/2000 [01:40<00:35, 14.73it/s]
Projecting benign reference:  74%|███████▍  | 1486/2000 [01:41<00:34, 14.79it/s]
Projecting benign reference:  74%|███████▍  | 1488/2000 [01:41<00:35, 14.56it/s]
Projecting benign reference:  74%|███████▍  | 1490/2000 [01:41<00:35, 14.57it/s]
Projecting benign reference:  75%|███████▍  | 1492/2000 [01:41<00:34, 14.75it/s]
Projecting benign reference:  75%|███████▍  | 1494/2000 [01:41<00:35, 14.46it/s]
Projecting benign reference:  75%|███████▍  | 1496/2000 [01:41<00:35, 14.14it/s]
Projecting benign reference:  75%|███████▍  | 1498/2000 [01:41<00:35, 14.10it/s]
Projecting benign reference:  75%|███████▌  | 1500/2000 [01:42<00:35, 14.08it/s]
Projecting benign reference:  75%|███████▌  | 1502/2000 [01:42<00:35, 14.11it/s]
Projecting benign reference:  75%|███████▌  | 1504/2000 [01:42<00:35, 13.82it/s]
Projecting benign reference:  75%|███████▌  | 1506/2000 [01:42<00:35, 14.08it/s]
Projecting benign reference:  75%|███████▌  | 1508/2000 [01:42<00:34, 14.30it/s]
Projecting benign reference:  76%|███████▌  | 1510/2000 [01:42<00:34, 14.26it/s]
Projecting benign reference:  76%|███████▌  | 1512/2000 [01:42<00:33, 14.49it/s]
Projecting benign reference:  76%|███████▌  | 1514/2000 [01:42<00:33, 14.66it/s]
Projecting benign reference:  76%|███████▌  | 1516/2000 [01:43<00:33, 14.56it/s]
Projecting benign reference:  76%|███████▌  | 1518/2000 [01:43<00:32, 14.72it/s]
Projecting benign reference:  76%|███████▌  | 1520/2000 [01:43<00:32, 14.86it/s]
Projecting benign reference:  76%|███████▌  | 1522/2000 [01:43<00:32, 14.86it/s]
Projecting benign reference:  76%|███████▌  | 1524/2000 [01:43<00:32, 14.54it/s]
Projecting benign reference:  76%|███████▋  | 1526/2000 [01:43<00:32, 14.53it/s]
Projecting benign reference:  76%|███████▋  | 1528/2000 [01:43<00:33, 14.30it/s]
Projecting benign reference:  76%|███████▋  | 1530/2000 [01:44<00:32, 14.51it/s]
Projecting benign reference:  77%|███████▋  | 1532/2000 [01:44<00:31, 14.74it/s]
Projecting benign reference:  77%|███████▋  | 1534/2000 [01:44<00:31, 14.79it/s]
Projecting benign reference:  77%|███████▋  | 1536/2000 [01:44<00:31, 14.91it/s]
Projecting benign reference:  77%|███████▋  | 1538/2000 [01:44<00:30, 14.98it/s]
Projecting benign reference:  77%|███████▋  | 1540/2000 [01:44<00:30, 14.90it/s]
Projecting benign reference:  77%|███████▋  | 1542/2000 [01:44<00:30, 15.20it/s]
Projecting benign reference:  77%|███████▋  | 1544/2000 [01:45<00:30, 14.86it/s]
Projecting benign reference:  77%|███████▋  | 1546/2000 [01:45<00:30, 14.96it/s]
Projecting benign reference:  77%|███████▋  | 1548/2000 [01:45<00:30, 14.88it/s]
Projecting benign reference:  78%|███████▊  | 1550/2000 [01:45<00:30, 14.86it/s]
Projecting benign reference:  78%|███████▊  | 1552/2000 [01:45<00:29, 14.96it/s]
Projecting benign reference:  78%|███████▊  | 1554/2000 [01:45<00:29, 15.09it/s]
Projecting benign reference:  78%|███████▊  | 1556/2000 [01:45<00:29, 14.98it/s]
Projecting benign reference:  78%|███████▊  | 1558/2000 [01:45<00:29, 14.93it/s]
Projecting benign reference:  78%|███████▊  | 1560/2000 [01:46<00:29, 14.94it/s]
Projecting benign reference:  78%|███████▊  | 1562/2000 [01:46<00:29, 15.03it/s]
Projecting benign reference:  78%|███████▊  | 1564/2000 [01:46<00:29, 15.00it/s]
Projecting benign reference:  78%|███████▊  | 1566/2000 [01:46<00:28, 14.98it/s]
Projecting benign reference:  78%|███████▊  | 1568/2000 [01:46<00:29, 14.63it/s]
Projecting benign reference:  78%|███████▊  | 1570/2000 [01:46<00:29, 14.74it/s]
Projecting benign reference:  79%|███████▊  | 1572/2000 [01:46<00:28, 14.86it/s]
Projecting benign reference:  79%|███████▊  | 1574/2000 [01:47<00:28, 14.79it/s]
Projecting benign reference:  79%|███████▉  | 1576/2000 [01:47<00:28, 14.82it/s]
Projecting benign reference:  79%|███████▉  | 1578/2000 [01:47<00:28, 14.60it/s]
Projecting benign reference:  79%|███████▉  | 1580/2000 [01:47<00:28, 14.76it/s]
Projecting benign reference:  79%|███████▉  | 1582/2000 [01:47<00:28, 14.79it/s]
Projecting benign reference:  79%|███████▉  | 1584/2000 [01:47<00:28, 14.72it/s]
Projecting benign reference:  79%|███████▉  | 1586/2000 [01:47<00:27, 14.80it/s]
Projecting benign reference:  79%|███████▉  | 1588/2000 [01:47<00:27, 14.82it/s]
Projecting benign reference:  80%|███████▉  | 1590/2000 [01:48<00:27, 14.89it/s]
Projecting benign reference:  80%|███████▉  | 1592/2000 [01:48<00:27, 14.98it/s]
Projecting benign reference:  80%|███████▉  | 1594/2000 [01:48<00:27, 14.90it/s]
Projecting benign reference:  80%|███████▉  | 1596/2000 [01:48<00:27, 14.65it/s]
Projecting benign reference:  80%|███████▉  | 1598/2000 [01:48<00:27, 14.83it/s]
Projecting benign reference:  80%|████████  | 1600/2000 [01:48<00:27, 14.75it/s]
Projecting benign reference:  80%|████████  | 1602/2000 [01:48<00:27, 14.71it/s]
Projecting benign reference:  80%|████████  | 1604/2000 [01:49<00:26, 14.87it/s]
Projecting benign reference:  80%|████████  | 1606/2000 [01:49<00:27, 14.59it/s]
Projecting benign reference:  80%|████████  | 1608/2000 [01:49<00:26, 14.61it/s]
Projecting benign reference:  80%|████████  | 1610/2000 [01:49<00:26, 14.72it/s]
Projecting benign reference:  81%|████████  | 1612/2000 [01:49<00:26, 14.69it/s]
Projecting benign reference:  81%|████████  | 1614/2000 [01:49<00:26, 14.83it/s]
Projecting benign reference:  81%|████████  | 1616/2000 [01:49<00:25, 14.92it/s]
Projecting benign reference:  81%|████████  | 1618/2000 [01:49<00:25, 14.87it/s]
Projecting benign reference:  81%|████████  | 1620/2000 [01:50<00:25, 15.02it/s]
Projecting benign reference:  81%|████████  | 1622/2000 [01:50<00:25, 14.82it/s]
Projecting benign reference:  81%|████████  | 1624/2000 [01:50<00:25, 14.96it/s]
Projecting benign reference:  81%|████████▏ | 1626/2000 [01:50<00:25, 14.93it/s]
Projecting benign reference:  81%|████████▏ | 1628/2000 [01:50<00:25, 14.83it/s]
Projecting benign reference:  82%|████████▏ | 1630/2000 [01:50<00:24, 14.90it/s]
Projecting benign reference:  82%|████████▏ | 1632/2000 [01:50<00:24, 14.97it/s]
Projecting benign reference:  82%|████████▏ | 1634/2000 [01:51<00:24, 14.68it/s]
Projecting benign reference:  82%|████████▏ | 1636/2000 [01:51<00:24, 14.79it/s]
Projecting benign reference:  82%|████████▏ | 1638/2000 [01:51<00:24, 14.86it/s]
Projecting benign reference:  82%|████████▏ | 1640/2000 [01:51<00:24, 14.87it/s]
Projecting benign reference:  82%|████████▏ | 1642/2000 [01:51<00:24, 14.50it/s]
Projecting benign reference:  82%|████████▏ | 1644/2000 [01:51<00:24, 14.44it/s]
Projecting benign reference:  82%|████████▏ | 1646/2000 [01:51<00:24, 14.30it/s]
Projecting benign reference:  82%|████████▏ | 1648/2000 [01:52<00:24, 14.45it/s]
Projecting benign reference:  82%|████████▎ | 1650/2000 [01:52<00:23, 14.63it/s]
Projecting benign reference:  83%|████████▎ | 1652/2000 [01:52<00:23, 14.66it/s]
Projecting benign reference:  83%|████████▎ | 1654/2000 [01:52<00:23, 14.72it/s]
Projecting benign reference:  83%|████████▎ | 1656/2000 [01:52<00:23, 14.71it/s]
Projecting benign reference:  83%|████████▎ | 1658/2000 [01:52<00:23, 14.70it/s]
Projecting benign reference:  83%|████████▎ | 1660/2000 [01:52<00:23, 14.55it/s]
Projecting benign reference:  83%|████████▎ | 1662/2000 [01:52<00:22, 14.72it/s]
Projecting benign reference:  83%|████████▎ | 1664/2000 [01:53<00:22, 14.78it/s]
Projecting benign reference:  83%|████████▎ | 1666/2000 [01:53<00:22, 15.00it/s]
Projecting benign reference:  83%|████████▎ | 1668/2000 [01:53<00:22, 14.78it/s]
Projecting benign reference:  84%|████████▎ | 1670/2000 [01:53<00:22, 14.89it/s]
Projecting benign reference:  84%|████████▎ | 1672/2000 [01:53<00:22, 14.68it/s]
Projecting benign reference:  84%|████████▎ | 1674/2000 [01:53<00:22, 14.75it/s]
Projecting benign reference:  84%|████████▍ | 1676/2000 [01:53<00:21, 14.87it/s]
Projecting benign reference:  84%|████████▍ | 1678/2000 [01:54<00:21, 14.71it/s]
Projecting benign reference:  84%|████████▍ | 1680/2000 [01:54<00:21, 14.62it/s]
Projecting benign reference:  84%|████████▍ | 1682/2000 [01:54<00:21, 14.76it/s]
Projecting benign reference:  84%|████████▍ | 1684/2000 [01:54<00:21, 14.84it/s]
Projecting benign reference:  84%|████████▍ | 1686/2000 [01:54<00:21, 14.84it/s]
Projecting benign reference:  84%|████████▍ | 1688/2000 [01:54<00:20, 14.86it/s]
Projecting benign reference:  84%|████████▍ | 1690/2000 [01:54<00:20, 14.85it/s]
Projecting benign reference:  85%|████████▍ | 1692/2000 [01:55<00:20, 14.86it/s]
Projecting benign reference:  85%|████████▍ | 1694/2000 [01:55<00:20, 15.00it/s]
Projecting benign reference:  85%|████████▍ | 1696/2000 [01:55<00:20, 14.83it/s]
Projecting benign reference:  85%|████████▍ | 1698/2000 [01:55<00:20, 14.88it/s]
Projecting benign reference:  85%|████████▌ | 1700/2000 [01:55<00:20, 14.96it/s]
Projecting benign reference:  85%|████████▌ | 1702/2000 [01:55<00:19, 15.04it/s]
Projecting benign reference:  85%|████████▌ | 1704/2000 [01:55<00:20, 14.77it/s]
Projecting benign reference:  85%|████████▌ | 1706/2000 [01:55<00:20, 14.53it/s]
Projecting benign reference:  85%|████████▌ | 1708/2000 [01:56<00:19, 14.63it/s]
Projecting benign reference:  86%|████████▌ | 1710/2000 [01:56<00:20, 14.37it/s]
Projecting benign reference:  86%|████████▌ | 1712/2000 [01:56<00:19, 14.44it/s]
Projecting benign reference:  86%|████████▌ | 1714/2000 [01:56<00:19, 14.42it/s]
Projecting benign reference:  86%|████████▌ | 1716/2000 [01:56<00:19, 14.51it/s]
Projecting benign reference:  86%|████████▌ | 1718/2000 [01:56<00:19, 14.73it/s]
Projecting benign reference:  86%|████████▌ | 1720/2000 [01:56<00:19, 14.58it/s]
Projecting benign reference:  86%|████████▌ | 1722/2000 [01:57<00:19, 14.62it/s]
Projecting benign reference:  86%|████████▌ | 1724/2000 [01:57<00:18, 14.67it/s]
Projecting benign reference:  86%|████████▋ | 1726/2000 [01:57<00:18, 14.67it/s]
Projecting benign reference:  86%|████████▋ | 1728/2000 [01:57<00:18, 14.49it/s]
Projecting benign reference:  86%|████████▋ | 1730/2000 [01:57<00:18, 14.78it/s]
Projecting benign reference:  87%|████████▋ | 1732/2000 [01:57<00:18, 14.69it/s]
Projecting benign reference:  87%|████████▋ | 1734/2000 [01:57<00:17, 14.78it/s]
Projecting benign reference:  87%|████████▋ | 1736/2000 [01:58<00:17, 14.73it/s]
Projecting benign reference:  87%|████████▋ | 1738/2000 [01:58<00:17, 14.80it/s]
Projecting benign reference:  87%|████████▋ | 1740/2000 [01:58<00:17, 14.79it/s]
Projecting benign reference:  87%|████████▋ | 1742/2000 [01:58<00:17, 14.61it/s]
Projecting benign reference:  87%|████████▋ | 1744/2000 [01:58<00:17, 14.49it/s]
Projecting benign reference:  87%|████████▋ | 1746/2000 [01:58<00:17, 14.56it/s]
Projecting benign reference:  87%|████████▋ | 1748/2000 [01:58<00:16, 14.85it/s]
Projecting benign reference:  88%|████████▊ | 1750/2000 [01:58<00:16, 14.92it/s]
Projecting benign reference:  88%|████████▊ | 1752/2000 [01:59<00:16, 14.91it/s]
Projecting benign reference:  88%|████████▊ | 1754/2000 [01:59<00:16, 14.87it/s]
Projecting benign reference:  88%|████████▊ | 1756/2000 [01:59<00:16, 14.70it/s]
Projecting benign reference:  88%|████████▊ | 1758/2000 [01:59<00:16, 14.55it/s]
Projecting benign reference:  88%|████████▊ | 1760/2000 [01:59<00:16, 14.65it/s]
Projecting benign reference:  88%|████████▊ | 1762/2000 [01:59<00:16, 14.65it/s]
Projecting benign reference:  88%|████████▊ | 1764/2000 [01:59<00:16, 14.74it/s]
Projecting benign reference:  88%|████████▊ | 1766/2000 [02:00<00:15, 14.82it/s]
Projecting benign reference:  88%|████████▊ | 1768/2000 [02:00<00:15, 15.00it/s]
Projecting benign reference:  88%|████████▊ | 1770/2000 [02:00<00:15, 14.87it/s]
Projecting benign reference:  89%|████████▊ | 1772/2000 [02:00<00:15, 14.84it/s]
Projecting benign reference:  89%|████████▊ | 1774/2000 [02:00<00:15, 14.92it/s]
Projecting benign reference:  89%|████████▉ | 1776/2000 [02:00<00:14, 14.97it/s]
Projecting benign reference:  89%|████████▉ | 1778/2000 [02:00<00:14, 14.94it/s]
Projecting benign reference:  89%|████████▉ | 1780/2000 [02:01<00:17, 12.56it/s]
Projecting benign reference:  89%|████████▉ | 1782/2000 [02:01<00:16, 13.24it/s]
Projecting benign reference:  89%|████████▉ | 1784/2000 [02:01<00:15, 13.55it/s]
Projecting benign reference:  89%|████████▉ | 1786/2000 [02:01<00:15, 14.02it/s]
Projecting benign reference:  89%|████████▉ | 1788/2000 [02:01<00:14, 14.15it/s]
Projecting benign reference:  90%|████████▉ | 1790/2000 [02:01<00:15, 13.82it/s]
Projecting benign reference:  90%|████████▉ | 1792/2000 [02:01<00:14, 14.08it/s]
Projecting benign reference:  90%|████████▉ | 1794/2000 [02:02<00:14, 14.11it/s]
Projecting benign reference:  90%|████████▉ | 1796/2000 [02:02<00:14, 14.21it/s]
Projecting benign reference:  90%|████████▉ | 1798/2000 [02:02<00:14, 14.41it/s]
Projecting benign reference:  90%|█████████ | 1800/2000 [02:02<00:13, 14.35it/s]
Projecting benign reference:  90%|█████████ | 1802/2000 [02:02<00:13, 14.50it/s]
Projecting benign reference:  90%|█████████ | 1804/2000 [02:02<00:13, 14.67it/s]
Projecting benign reference:  90%|█████████ | 1806/2000 [02:02<00:13, 14.65it/s]
Projecting benign reference:  90%|█████████ | 1808/2000 [02:02<00:12, 14.80it/s]
Projecting benign reference:  90%|█████████ | 1810/2000 [02:03<00:12, 14.93it/s]
Projecting benign reference:  91%|█████████ | 1812/2000 [02:03<00:12, 14.46it/s]
Projecting benign reference:  91%|█████████ | 1814/2000 [02:03<00:12, 14.67it/s]
Projecting benign reference:  91%|█████████ | 1816/2000 [02:03<00:12, 14.84it/s]
Projecting benign reference:  91%|█████████ | 1818/2000 [02:03<00:12, 14.71it/s]
Projecting benign reference:  91%|█████████ | 1820/2000 [02:03<00:12, 14.80it/s]
Projecting benign reference:  91%|█████████ | 1822/2000 [02:03<00:12, 14.82it/s]
Projecting benign reference:  91%|█████████ | 1824/2000 [02:04<00:11, 14.98it/s]
Projecting benign reference:  91%|█████████▏| 1826/2000 [02:04<00:11, 14.75it/s]
Projecting benign reference:  91%|█████████▏| 1828/2000 [02:04<00:11, 14.62it/s]
Projecting benign reference:  92%|█████████▏| 1830/2000 [02:04<00:11, 14.77it/s]
Projecting benign reference:  92%|█████████▏| 1832/2000 [02:04<00:11, 14.66it/s]
Projecting benign reference:  92%|█████████▏| 1834/2000 [02:04<00:11, 14.77it/s]
Projecting benign reference:  92%|█████████▏| 1836/2000 [02:04<00:11, 14.78it/s]
Projecting benign reference:  92%|█████████▏| 1838/2000 [02:05<00:10, 14.74it/s]
Projecting benign reference:  92%|█████████▏| 1840/2000 [02:05<00:10, 15.11it/s]
Projecting benign reference:  92%|█████████▏| 1842/2000 [02:05<00:10, 14.86it/s]
Projecting benign reference:  92%|█████████▏| 1844/2000 [02:05<00:10, 14.90it/s]
Projecting benign reference:  92%|█████████▏| 1846/2000 [02:05<00:10, 14.98it/s]
Projecting benign reference:  92%|█████████▏| 1848/2000 [02:05<00:10, 14.75it/s]
Projecting benign reference:  92%|█████████▎| 1850/2000 [02:05<00:10, 14.90it/s]
Projecting benign reference:  93%|█████████▎| 1852/2000 [02:05<00:10, 14.74it/s]
Projecting benign reference:  93%|█████████▎| 1854/2000 [02:06<00:09, 14.78it/s]
Projecting benign reference:  93%|█████████▎| 1856/2000 [02:06<00:09, 14.73it/s]
Projecting benign reference:  93%|█████████▎| 1858/2000 [02:06<00:09, 14.83it/s]
Projecting benign reference:  93%|█████████▎| 1860/2000 [02:06<00:09, 14.91it/s]
Projecting benign reference:  93%|█████████▎| 1862/2000 [02:06<00:09, 15.00it/s]
Projecting benign reference:  93%|█████████▎| 1864/2000 [02:06<00:09, 14.65it/s]
Projecting benign reference:  93%|█████████▎| 1866/2000 [02:06<00:08, 14.95it/s]
Projecting benign reference:  93%|█████████▎| 1868/2000 [02:07<00:08, 14.67it/s]
Projecting benign reference:  94%|█████████▎| 1870/2000 [02:07<00:08, 14.52it/s]
Projecting benign reference:  94%|█████████▎| 1872/2000 [02:07<00:08, 14.82it/s]
Projecting benign reference:  94%|█████████▎| 1874/2000 [02:07<00:08, 14.87it/s]
Projecting benign reference:  94%|█████████▍| 1876/2000 [02:07<00:08, 14.27it/s]
Projecting benign reference:  94%|█████████▍| 1878/2000 [02:07<00:08, 14.57it/s]
Projecting benign reference:  94%|█████████▍| 1880/2000 [02:07<00:08, 14.49it/s]
Projecting benign reference:  94%|█████████▍| 1882/2000 [02:08<00:08, 14.65it/s]
Projecting benign reference:  94%|█████████▍| 1884/2000 [02:08<00:07, 14.77it/s]
Projecting benign reference:  94%|█████████▍| 1886/2000 [02:08<00:07, 14.89it/s]
Projecting benign reference:  94%|█████████▍| 1888/2000 [02:08<00:07, 14.88it/s]
Projecting benign reference:  94%|█████████▍| 1890/2000 [02:08<00:07, 15.09it/s]
Projecting benign reference:  95%|█████████▍| 1892/2000 [02:08<00:07, 15.13it/s]
Projecting benign reference:  95%|█████████▍| 1894/2000 [02:08<00:07, 14.93it/s]
Projecting benign reference:  95%|█████████▍| 1896/2000 [02:08<00:06, 15.17it/s]
Projecting benign reference:  95%|█████████▍| 1898/2000 [02:09<00:06, 14.92it/s]
Projecting benign reference:  95%|█████████▌| 1900/2000 [02:09<00:06, 14.98it/s]
Projecting benign reference:  95%|█████████▌| 1902/2000 [02:09<00:06, 14.47it/s]
Projecting benign reference:  95%|█████████▌| 1904/2000 [02:09<00:06, 14.28it/s]
Projecting benign reference:  95%|█████████▌| 1906/2000 [02:09<00:06, 14.18it/s]
Projecting benign reference:  95%|█████████▌| 1908/2000 [02:09<00:06, 14.38it/s]
Projecting benign reference:  96%|█████████▌| 1910/2000 [02:09<00:06, 14.33it/s]
Projecting benign reference:  96%|█████████▌| 1912/2000 [02:10<00:06, 14.26it/s]
Projecting benign reference:  96%|█████████▌| 1914/2000 [02:10<00:05, 14.54it/s]
Projecting benign reference:  96%|█████████▌| 1916/2000 [02:10<00:05, 14.60it/s]
Projecting benign reference:  96%|█████████▌| 1918/2000 [02:10<00:05, 14.61it/s]
Projecting benign reference:  96%|█████████▌| 1920/2000 [02:10<00:05, 14.57it/s]
Projecting benign reference:  96%|█████████▌| 1922/2000 [02:10<00:05, 14.65it/s]
Projecting benign reference:  96%|█████████▌| 1924/2000 [02:10<00:05, 14.52it/s]
Projecting benign reference:  96%|█████████▋| 1926/2000 [02:10<00:04, 14.90it/s]
Projecting benign reference:  96%|█████████▋| 1928/2000 [02:11<00:04, 14.41it/s]
Projecting benign reference:  96%|█████████▋| 1930/2000 [02:11<00:04, 14.61it/s]
Projecting benign reference:  97%|█████████▋| 1932/2000 [02:11<00:04, 14.54it/s]
Projecting benign reference:  97%|█████████▋| 1934/2000 [02:11<00:04, 14.46it/s]
Projecting benign reference:  97%|█████████▋| 1936/2000 [02:11<00:04, 14.65it/s]
Projecting benign reference:  97%|█████████▋| 1938/2000 [02:11<00:04, 14.44it/s]
Projecting benign reference:  97%|█████████▋| 1940/2000 [02:11<00:04, 14.34it/s]
Projecting benign reference:  97%|█████████▋| 1942/2000 [02:12<00:04, 14.44it/s]
Projecting benign reference:  97%|█████████▋| 1944/2000 [02:12<00:03, 14.65it/s]
Projecting benign reference:  97%|█████████▋| 1946/2000 [02:12<00:03, 14.48it/s]
Projecting benign reference:  97%|█████████▋| 1948/2000 [02:12<00:03, 14.61it/s]
Projecting benign reference:  98%|█████████▊| 1950/2000 [02:12<00:03, 14.87it/s]
Projecting benign reference:  98%|█████████▊| 1952/2000 [02:12<00:03, 14.75it/s]
Projecting benign reference:  98%|█████████▊| 1954/2000 [02:12<00:03, 14.83it/s]
Projecting benign reference:  98%|█████████▊| 1956/2000 [02:13<00:02, 14.72it/s]
Projecting benign reference:  98%|█████████▊| 1958/2000 [02:13<00:02, 14.99it/s]
Projecting benign reference:  98%|█████████▊| 1960/2000 [02:13<00:02, 14.70it/s]
Projecting benign reference:  98%|█████████▊| 1962/2000 [02:13<00:02, 14.87it/s]
Projecting benign reference:  98%|█████████▊| 1964/2000 [02:13<00:02, 14.77it/s]
Projecting benign reference:  98%|█████████▊| 1966/2000 [02:13<00:02, 14.91it/s]
Projecting benign reference:  98%|█████████▊| 1968/2000 [02:13<00:02, 14.73it/s]
Projecting benign reference:  98%|█████████▊| 1970/2000 [02:14<00:02, 14.79it/s]
Projecting benign reference:  99%|█████████▊| 1972/2000 [02:14<00:01, 14.78it/s]
Projecting benign reference:  99%|█████████▊| 1974/2000 [02:14<00:01, 15.01it/s]
Projecting benign reference:  99%|█████████▉| 1976/2000 [02:14<00:01, 14.94it/s]
Projecting benign reference:  99%|█████████▉| 1978/2000 [02:14<00:01, 15.01it/s]
Projecting benign reference:  99%|█████████▉| 1980/2000 [02:14<00:01, 15.01it/s]
Projecting benign reference:  99%|█████████▉| 1982/2000 [02:14<00:01, 14.91it/s]
Projecting benign reference:  99%|█████████▉| 1984/2000 [02:14<00:01, 14.93it/s]
Projecting benign reference:  99%|█████████▉| 1986/2000 [02:15<00:00, 14.98it/s]
Projecting benign reference:  99%|█████████▉| 1988/2000 [02:15<00:00, 14.96it/s]
Projecting benign reference: 100%|█████████▉| 1990/2000 [02:15<00:00, 14.69it/s]
Projecting benign reference: 100%|█████████▉| 1992/2000 [02:15<00:00, 14.90it/s]
Projecting benign reference: 100%|█████████▉| 1994/2000 [02:15<00:00, 14.79it/s]
Projecting benign reference: 100%|█████████▉| 1996/2000 [02:15<00:00, 14.91it/s]
Projecting benign reference: 100%|█████████▉| 1998/2000 [02:15<00:00, 14.85it/s]
Projecting benign reference: 100%|██████████| 2000/2000 [02:16<00:00, 14.99it/s]
Projecting benign reference: 100%|██████████| 2000/2000 [02:16<00:00, 14.70it/s]

Projecting malicious reference:   0%|          | 0/2499 [00:00<?, ?it/s]
Projecting malicious reference:   0%|          | 2/2499 [00:00<03:07, 13.30it/s]
Projecting malicious reference:   0%|          | 4/2499 [00:00<03:24, 12.20it/s]
Projecting malicious reference:   0%|          | 6/2499 [00:00<03:33, 11.70it/s]
Projecting malicious reference:   0%|          | 8/2499 [00:00<04:05, 10.13it/s]
Projecting malicious reference:   0%|          | 10/2499 [00:00<03:44, 11.08it/s]
Projecting malicious reference:   0%|          | 12/2499 [00:01<03:34, 11.62it/s]
Projecting malicious reference:   1%|          | 14/2499 [00:01<03:21, 12.32it/s]
Projecting malicious reference:   1%|          | 16/2499 [00:01<03:18, 12.51it/s]
Projecting malicious reference:   1%|          | 18/2499 [00:01<03:16, 12.60it/s]
Projecting malicious reference:   1%|          | 20/2499 [00:01<03:26, 12.02it/s]
Projecting malicious reference:   1%|          | 22/2499 [00:01<03:32, 11.64it/s]
Projecting malicious reference:   1%|          | 24/2499 [00:02<03:22, 12.25it/s]
Projecting malicious reference:   1%|          | 26/2499 [00:02<03:32, 11.66it/s]
Projecting malicious reference:   1%|          | 28/2499 [00:02<03:24, 12.08it/s]
Projecting malicious reference:   1%|          | 30/2499 [00:02<03:30, 11.76it/s]
Projecting malicious reference:   1%|▏         | 32/2499 [00:02<03:22, 12.16it/s]
Projecting malicious reference:   1%|▏         | 34/2499 [00:02<03:17, 12.48it/s]
Projecting malicious reference:   1%|▏         | 36/2499 [00:02<03:15, 12.59it/s]
Projecting malicious reference:   2%|▏         | 38/2499 [00:03<03:13, 12.73it/s]
Projecting malicious reference:   2%|▏         | 40/2499 [00:03<03:10, 12.90it/s]
Projecting malicious reference:   2%|▏         | 42/2499 [00:03<03:29, 11.73it/s]
Projecting malicious reference:   2%|▏         | 44/2499 [00:03<03:32, 11.56it/s]
Projecting malicious reference:   2%|▏         | 46/2499 [00:03<03:21, 12.20it/s]
Projecting malicious reference:   2%|▏         | 48/2499 [00:03<03:20, 12.22it/s]
Projecting malicious reference:   2%|▏         | 50/2499 [00:04<03:28, 11.77it/s]
Projecting malicious reference:   2%|▏         | 52/2499 [00:04<03:19, 12.27it/s]
Projecting malicious reference:   2%|▏         | 54/2499 [00:04<03:17, 12.36it/s]
Projecting malicious reference:   2%|▏         | 56/2499 [00:04<03:24, 11.93it/s]
Projecting malicious reference:   2%|▏         | 58/2499 [00:04<03:23, 12.00it/s]
Projecting malicious reference:   2%|▏         | 60/2499 [00:05<03:52, 10.49it/s]
Projecting malicious reference:   2%|▏         | 62/2499 [00:05<03:42, 10.93it/s]
Projecting malicious reference:   3%|▎         | 64/2499 [00:05<03:31, 11.51it/s]
Projecting malicious reference:   3%|▎         | 66/2499 [00:05<03:19, 12.22it/s]
Projecting malicious reference:   3%|▎         | 68/2499 [00:05<03:10, 12.74it/s]
Projecting malicious reference:   3%|▎         | 70/2499 [00:05<03:20, 12.14it/s]
Projecting malicious reference:   3%|▎         | 72/2499 [00:06<03:15, 12.44it/s]
Projecting malicious reference:   3%|▎         | 74/2499 [00:06<03:11, 12.69it/s]
Projecting malicious reference:   3%|▎         | 76/2499 [00:06<03:14, 12.44it/s]
Projecting malicious reference:   3%|▎         | 78/2499 [00:06<03:17, 12.26it/s]
Projecting malicious reference:   3%|▎         | 80/2499 [00:06<03:16, 12.33it/s]
Projecting malicious reference:   3%|▎         | 82/2499 [00:06<03:23, 11.88it/s]
Projecting malicious reference:   3%|▎         | 84/2499 [00:06<03:18, 12.18it/s]
Projecting malicious reference:   3%|▎         | 86/2499 [00:07<03:36, 11.13it/s]
Projecting malicious reference:   4%|▎         | 88/2499 [00:07<03:32, 11.34it/s]
Projecting malicious reference:   4%|▎         | 90/2499 [00:07<03:22, 11.91it/s]
Projecting malicious reference:   4%|▎         | 92/2499 [00:07<03:18, 12.14it/s]
Projecting malicious reference:   4%|▍         | 94/2499 [00:07<03:14, 12.35it/s]
Projecting malicious reference:   4%|▍         | 96/2499 [00:07<03:09, 12.68it/s]
Projecting malicious reference:   4%|▍         | 98/2499 [00:08<03:17, 12.14it/s]
Projecting malicious reference:   4%|▍         | 100/2499 [00:08<03:15, 12.25it/s]
Projecting malicious reference:   4%|▍         | 102/2499 [00:08<03:17, 12.16it/s]
Projecting malicious reference:   4%|▍         | 104/2499 [00:08<03:08, 12.71it/s]
Projecting malicious reference:   4%|▍         | 106/2499 [00:08<03:02, 13.09it/s]
Projecting malicious reference:   4%|▍         | 108/2499 [00:08<03:02, 13.09it/s]
Projecting malicious reference:   4%|▍         | 110/2499 [00:09<03:05, 12.88it/s]
Projecting malicious reference:   4%|▍         | 112/2499 [00:09<03:13, 12.35it/s]
Projecting malicious reference:   5%|▍         | 114/2499 [00:09<03:14, 12.27it/s]
Projecting malicious reference:   5%|▍         | 116/2499 [00:09<03:11, 12.46it/s]
Projecting malicious reference:   5%|▍         | 118/2499 [00:09<03:07, 12.71it/s]
Projecting malicious reference:   5%|▍         | 120/2499 [00:09<03:10, 12.51it/s]
Projecting malicious reference:   5%|▍         | 122/2499 [00:10<03:13, 12.27it/s]
Projecting malicious reference:   5%|▍         | 124/2499 [00:10<04:13,  9.35it/s]
Projecting malicious reference:   5%|▌         | 126/2499 [00:10<03:50, 10.30it/s]
Projecting malicious reference:   5%|▌         | 128/2499 [00:10<03:38, 10.87it/s]
Projecting malicious reference:   5%|▌         | 130/2499 [00:10<03:25, 11.55it/s]
Projecting malicious reference:   5%|▌         | 132/2499 [00:11<03:22, 11.70it/s]
Projecting malicious reference:   5%|▌         | 134/2499 [00:11<03:17, 11.96it/s]
Projecting malicious reference:   5%|▌         | 136/2499 [00:11<03:31, 11.17it/s]
Projecting malicious reference:   6%|▌         | 138/2499 [00:11<03:17, 11.94it/s]
Projecting malicious reference:   6%|▌         | 140/2499 [00:11<03:10, 12.36it/s]
Projecting malicious reference:   6%|▌         | 142/2499 [00:11<03:20, 11.78it/s]
Projecting malicious reference:   6%|▌         | 144/2499 [00:12<03:18, 11.89it/s]
Projecting malicious reference:   6%|▌         | 146/2499 [00:12<03:12, 12.21it/s]
Projecting malicious reference:   6%|▌         | 148/2499 [00:12<03:21, 11.69it/s]
Projecting malicious reference:   6%|▌         | 150/2499 [00:12<03:11, 12.28it/s]
Projecting malicious reference:   6%|▌         | 152/2499 [00:12<03:07, 12.52it/s]
Projecting malicious reference:   6%|▌         | 154/2499 [00:12<03:03, 12.81it/s]
Projecting malicious reference:   6%|▌         | 156/2499 [00:12<03:08, 12.42it/s]
Projecting malicious reference:   6%|▋         | 158/2499 [00:13<03:00, 12.95it/s]
Projecting malicious reference:   6%|▋         | 160/2499 [00:13<03:00, 12.94it/s]
Projecting malicious reference:   6%|▋         | 162/2499 [00:13<02:56, 13.22it/s]
Projecting malicious reference:   7%|▋         | 164/2499 [00:13<03:40, 10.60it/s]
Projecting malicious reference:   7%|▋         | 166/2499 [00:13<03:29, 11.13it/s]
Projecting malicious reference:   7%|▋         | 168/2499 [00:14<03:18, 11.74it/s]
Projecting malicious reference:   7%|▋         | 170/2499 [00:14<03:13, 12.05it/s]
Projecting malicious reference:   7%|▋         | 172/2499 [00:14<03:18, 11.71it/s]
Projecting malicious reference:   7%|▋         | 174/2499 [00:14<03:13, 12.02it/s]
Projecting malicious reference:   7%|▋         | 176/2499 [00:14<03:07, 12.42it/s]
Projecting malicious reference:   7%|▋         | 178/2499 [00:14<03:05, 12.52it/s]
Projecting malicious reference:   7%|▋         | 180/2499 [00:14<03:04, 12.59it/s]
Projecting malicious reference:   7%|▋         | 182/2499 [00:15<03:03, 12.64it/s]
Projecting malicious reference:   7%|▋         | 184/2499 [00:15<02:59, 12.91it/s]
Projecting malicious reference:   7%|▋         | 186/2499 [00:15<02:58, 12.97it/s]
Projecting malicious reference:   8%|▊         | 188/2499 [00:15<03:00, 12.84it/s]
Projecting malicious reference:   8%|▊         | 190/2499 [00:15<03:06, 12.38it/s]
Projecting malicious reference:   8%|▊         | 192/2499 [00:15<03:04, 12.50it/s]
Projecting malicious reference:   8%|▊         | 194/2499 [00:16<03:12, 11.97it/s]
Projecting malicious reference:   8%|▊         | 196/2499 [00:16<03:11, 12.02it/s]
Projecting malicious reference:   8%|▊         | 198/2499 [00:16<03:09, 12.14it/s]
Projecting malicious reference:   8%|▊         | 200/2499 [00:16<03:05, 12.37it/s]
Projecting malicious reference:   8%|▊         | 202/2499 [00:16<03:01, 12.66it/s]
Projecting malicious reference:   8%|▊         | 204/2499 [00:16<03:12, 11.95it/s]
Projecting malicious reference:   8%|▊         | 206/2499 [00:17<03:08, 12.19it/s]
Projecting malicious reference:   8%|▊         | 208/2499 [00:17<03:04, 12.41it/s]
Projecting malicious reference:   8%|▊         | 210/2499 [00:17<03:20, 11.41it/s]
Projecting malicious reference:   8%|▊         | 212/2499 [00:17<03:11, 11.96it/s]
Projecting malicious reference:   9%|▊         | 214/2499 [00:17<04:13,  9.00it/s]
Projecting malicious reference:   9%|▊         | 216/2499 [00:18<04:25,  8.59it/s]
Projecting malicious reference:   9%|▊         | 218/2499 [00:18<04:01,  9.43it/s]
Projecting malicious reference:   9%|▉         | 220/2499 [00:18<03:42, 10.23it/s]
Projecting malicious reference:   9%|▉         | 222/2499 [00:18<03:26, 11.03it/s]
Projecting malicious reference:   9%|▉         | 224/2499 [00:18<03:24, 11.13it/s]
Projecting malicious reference:   9%|▉         | 226/2499 [00:18<03:15, 11.64it/s]
Projecting malicious reference:   9%|▉         | 228/2499 [00:19<03:07, 12.14it/s]
Projecting malicious reference:   9%|▉         | 230/2499 [00:19<03:03, 12.34it/s]
Projecting malicious reference:   9%|▉         | 232/2499 [00:19<02:56, 12.82it/s]
Projecting malicious reference:   9%|▉         | 234/2499 [00:19<03:11, 11.82it/s]
Projecting malicious reference:   9%|▉         | 236/2499 [00:19<03:06, 12.13it/s]
Projecting malicious reference:  10%|▉         | 238/2499 [00:19<03:01, 12.43it/s]
Projecting malicious reference:  10%|▉         | 240/2499 [00:20<03:10, 11.84it/s]
Projecting malicious reference:  10%|▉         | 242/2499 [00:20<03:06, 12.12it/s]
Projecting malicious reference:  10%|▉         | 244/2499 [00:20<03:02, 12.37it/s]
Projecting malicious reference:  10%|▉         | 246/2499 [00:20<02:56, 12.79it/s]
Projecting malicious reference:  10%|▉         | 248/2499 [00:20<02:52, 13.02it/s]
Projecting malicious reference:  10%|█         | 250/2499 [00:20<03:19, 11.27it/s]
Projecting malicious reference:  10%|█         | 252/2499 [00:21<03:20, 11.21it/s]
Projecting malicious reference:  10%|█         | 254/2499 [00:21<03:42, 10.07it/s]
Projecting malicious reference:  10%|█         | 256/2499 [00:21<03:23, 11.05it/s]
Projecting malicious reference:  10%|█         | 258/2499 [00:21<03:14, 11.52it/s]
Projecting malicious reference:  10%|█         | 260/2499 [00:21<03:15, 11.48it/s]
Projecting malicious reference:  10%|█         | 262/2499 [00:22<03:20, 11.16it/s]
Projecting malicious reference:  11%|█         | 264/2499 [00:22<03:11, 11.68it/s]
Projecting malicious reference:  11%|█         | 266/2499 [00:22<03:12, 11.58it/s]
Projecting malicious reference:  11%|█         | 268/2499 [00:22<03:07, 11.88it/s]
Projecting malicious reference:  11%|█         | 270/2499 [00:22<02:59, 12.45it/s]
Projecting malicious reference:  11%|█         | 272/2499 [00:22<03:10, 11.68it/s]
Projecting malicious reference:  11%|█         | 274/2499 [00:23<03:04, 12.04it/s]
Projecting malicious reference:  11%|█         | 276/2499 [00:23<03:03, 12.13it/s]
Projecting malicious reference:  11%|█         | 278/2499 [00:23<03:03, 12.11it/s]
Projecting malicious reference:  11%|█         | 280/2499 [00:23<02:55, 12.67it/s]
Projecting malicious reference:  11%|█▏        | 282/2499 [00:23<02:54, 12.68it/s]
Projecting malicious reference:  11%|█▏        | 284/2499 [00:23<02:50, 12.98it/s]
Projecting malicious reference:  11%|█▏        | 286/2499 [00:23<02:50, 12.94it/s]
Projecting malicious reference:  12%|█▏        | 288/2499 [00:24<02:58, 12.39it/s]
Projecting malicious reference:  12%|█▏        | 290/2499 [00:24<03:06, 11.83it/s]
Projecting malicious reference:  12%|█▏        | 292/2499 [00:24<03:20, 11.03it/s]
Projecting malicious reference:  12%|█▏        | 294/2499 [00:24<03:10, 11.55it/s]
Projecting malicious reference:  12%|█▏        | 296/2499 [00:24<03:08, 11.69it/s]
Projecting malicious reference:  12%|█▏        | 298/2499 [00:25<03:13, 11.36it/s]
Projecting malicious reference:  12%|█▏        | 300/2499 [00:25<03:02, 12.05it/s]
Projecting malicious reference:  12%|█▏        | 302/2499 [00:25<02:54, 12.57it/s]
Projecting malicious reference:  12%|█▏        | 304/2499 [00:25<02:53, 12.68it/s]
Projecting malicious reference:  12%|█▏        | 306/2499 [00:25<02:56, 12.45it/s]
Projecting malicious reference:  12%|█▏        | 308/2499 [00:25<03:12, 11.39it/s]
Projecting malicious reference:  12%|█▏        | 310/2499 [00:25<02:59, 12.16it/s]
Projecting malicious reference:  12%|█▏        | 312/2499 [00:26<03:08, 11.60it/s]
Projecting malicious reference:  13%|█▎        | 314/2499 [00:26<03:02, 11.97it/s]
Projecting malicious reference:  13%|█▎        | 316/2499 [00:26<02:56, 12.38it/s]
Projecting malicious reference:  13%|█▎        | 318/2499 [00:26<03:05, 11.76it/s]
Projecting malicious reference:  13%|█▎        | 320/2499 [00:26<03:02, 11.94it/s]
Projecting malicious reference:  13%|█▎        | 322/2499 [00:27<03:00, 12.05it/s]
Projecting malicious reference:  13%|█▎        | 324/2499 [00:27<02:52, 12.61it/s]
Projecting malicious reference:  13%|█▎        | 326/2499 [00:27<02:52, 12.63it/s]
Projecting malicious reference:  13%|█▎        | 328/2499 [00:27<03:24, 10.63it/s]
Projecting malicious reference:  13%|█▎        | 330/2499 [00:27<03:17, 11.00it/s]
Projecting malicious reference:  13%|█▎        | 332/2499 [00:27<03:07, 11.56it/s]
Projecting malicious reference:  13%|█▎        | 334/2499 [00:28<03:08, 11.46it/s]
Projecting malicious reference:  13%|█▎        | 336/2499 [00:28<03:01, 11.89it/s]
Projecting malicious reference:  14%|█▎        | 338/2499 [00:28<02:52, 12.53it/s]
Projecting malicious reference:  14%|█▎        | 340/2499 [00:28<02:45, 13.02it/s]
Projecting malicious reference:  14%|█▎        | 342/2499 [00:28<02:52, 12.53it/s]
Projecting malicious reference:  14%|█▍        | 344/2499 [00:28<02:53, 12.45it/s]
Projecting malicious reference:  14%|█▍        | 346/2499 [00:29<02:58, 12.06it/s]
Projecting malicious reference:  14%|█▍        | 348/2499 [00:29<02:56, 12.17it/s]
Projecting malicious reference:  14%|█▍        | 350/2499 [00:29<02:53, 12.38it/s]
Projecting malicious reference:  14%|█▍        | 352/2499 [00:29<02:47, 12.85it/s]
Projecting malicious reference:  14%|█▍        | 354/2499 [00:29<02:45, 12.98it/s]
Projecting malicious reference:  14%|█▍        | 356/2499 [00:29<02:44, 13.07it/s]
Projecting malicious reference:  14%|█▍        | 358/2499 [00:29<02:42, 13.19it/s]
Projecting malicious reference:  14%|█▍        | 360/2499 [00:30<02:43, 13.07it/s]
Projecting malicious reference:  14%|█▍        | 362/2499 [00:30<02:49, 12.59it/s]
Projecting malicious reference:  15%|█▍        | 364/2499 [00:30<02:46, 12.80it/s]
Projecting malicious reference:  15%|█▍        | 366/2499 [00:30<02:42, 13.15it/s]
Projecting malicious reference:  15%|█▍        | 368/2499 [00:30<02:36, 13.62it/s]
Projecting malicious reference:  15%|█▍        | 370/2499 [00:30<02:40, 13.28it/s]
Projecting malicious reference:  15%|█▍        | 372/2499 [00:30<02:44, 12.94it/s]
Projecting malicious reference:  15%|█▍        | 374/2499 [00:31<02:43, 13.01it/s]
Projecting malicious reference:  15%|█▌        | 376/2499 [00:31<02:42, 13.06it/s]
Projecting malicious reference:  15%|█▌        | 378/2499 [00:31<02:46, 12.71it/s]
Projecting malicious reference:  15%|█▌        | 380/2499 [00:31<02:50, 12.45it/s]
Projecting malicious reference:  15%|█▌        | 382/2499 [00:31<02:54, 12.16it/s]
Projecting malicious reference:  15%|█▌        | 384/2499 [00:31<02:48, 12.52it/s]
Projecting malicious reference:  15%|█▌        | 386/2499 [00:32<02:45, 12.73it/s]
Projecting malicious reference:  16%|█▌        | 388/2499 [00:32<02:42, 12.97it/s]
Projecting malicious reference:  16%|█▌        | 390/2499 [00:32<02:40, 13.11it/s]
Projecting malicious reference:  16%|█▌        | 392/2499 [00:32<02:39, 13.19it/s]
Projecting malicious reference:  16%|█▌        | 394/2499 [00:32<02:36, 13.42it/s]
Projecting malicious reference:  16%|█▌        | 396/2499 [00:32<02:41, 13.03it/s]
Projecting malicious reference:  16%|█▌        | 398/2499 [00:33<02:44, 12.75it/s]
Projecting malicious reference:  16%|█▌        | 400/2499 [00:33<02:42, 12.94it/s]
Projecting malicious reference:  16%|█▌        | 402/2499 [00:33<02:37, 13.32it/s]
Projecting malicious reference:  16%|█▌        | 404/2499 [00:33<02:34, 13.58it/s]
Projecting malicious reference:  16%|█▌        | 406/2499 [00:33<02:37, 13.26it/s]
Projecting malicious reference:  16%|█▋        | 408/2499 [00:33<02:36, 13.36it/s]
Projecting malicious reference:  16%|█▋        | 410/2499 [00:33<02:38, 13.18it/s]
Projecting malicious reference:  16%|█▋        | 412/2499 [00:34<02:39, 13.06it/s]
Projecting malicious reference:  17%|█▋        | 414/2499 [00:34<02:47, 12.46it/s]
Projecting malicious reference:  17%|█▋        | 416/2499 [00:34<02:45, 12.61it/s]
Projecting malicious reference:  17%|█▋        | 418/2499 [00:34<02:44, 12.67it/s]
Projecting malicious reference:  17%|█▋        | 420/2499 [00:34<02:41, 12.86it/s]
Projecting malicious reference:  17%|█▋        | 422/2499 [00:34<02:35, 13.32it/s]
Projecting malicious reference:  17%|█▋        | 424/2499 [00:35<03:09, 10.97it/s]
Projecting malicious reference:  17%|█▋        | 426/2499 [00:35<03:07, 11.04it/s]
Projecting malicious reference:  17%|█▋        | 428/2499 [00:35<02:52, 12.03it/s]
Projecting malicious reference:  17%|█▋        | 430/2499 [00:35<02:46, 12.45it/s]
Projecting malicious reference:  17%|█▋        | 432/2499 [00:35<03:08, 10.97it/s]
Projecting malicious reference:  17%|█▋        | 434/2499 [00:35<03:09, 10.88it/s]
Projecting malicious reference:  17%|█▋        | 436/2499 [00:36<03:15, 10.53it/s]
Projecting malicious reference:  18%|█▊        | 438/2499 [00:36<03:07, 11.00it/s]
Projecting malicious reference:  18%|█▊        | 440/2499 [00:36<03:13, 10.66it/s]
Projecting malicious reference:  18%|█▊        | 442/2499 [00:36<03:17, 10.40it/s]
Projecting malicious reference:  18%|█▊        | 444/2499 [00:36<03:15, 10.51it/s]
Projecting malicious reference:  18%|█▊        | 446/2499 [00:37<03:03, 11.22it/s]
Projecting malicious reference:  18%|█▊        | 448/2499 [00:37<03:24, 10.04it/s]
Projecting malicious reference:  18%|█▊        | 450/2499 [00:37<03:10, 10.74it/s]
Projecting malicious reference:  18%|█▊        | 452/2499 [00:37<03:01, 11.26it/s]
Projecting malicious reference:  18%|█▊        | 454/2499 [00:37<03:02, 11.21it/s]
Projecting malicious reference:  18%|█▊        | 456/2499 [00:38<02:58, 11.42it/s]
Projecting malicious reference:  18%|█▊        | 458/2499 [00:38<02:50, 11.98it/s]
Projecting malicious reference:  18%|█▊        | 460/2499 [00:38<02:51, 11.88it/s]
Projecting malicious reference:  18%|█▊        | 462/2499 [00:38<02:46, 12.25it/s]
Projecting malicious reference:  19%|█▊        | 464/2499 [00:38<02:48, 12.04it/s]
Projecting malicious reference:  19%|█▊        | 466/2499 [00:38<03:00, 11.26it/s]
Projecting malicious reference:  19%|█▊        | 468/2499 [00:39<03:15, 10.39it/s]
Projecting malicious reference:  19%|█▉        | 470/2499 [00:39<03:03, 11.07it/s]
Projecting malicious reference:  19%|█▉        | 472/2499 [00:39<03:25,  9.87it/s]
Projecting malicious reference:  19%|█▉        | 474/2499 [00:39<03:11, 10.57it/s]
Projecting malicious reference:  19%|█▉        | 476/2499 [00:39<03:12, 10.50it/s]
Projecting malicious reference:  19%|█▉        | 478/2499 [00:39<03:01, 11.14it/s]
Projecting malicious reference:  19%|█▉        | 480/2499 [00:40<02:55, 11.51it/s]
Projecting malicious reference:  19%|█▉        | 482/2499 [00:40<03:00, 11.18it/s]
Projecting malicious reference:  19%|█▉        | 484/2499 [00:40<02:53, 11.60it/s]
Projecting malicious reference:  19%|█▉        | 486/2499 [00:40<02:54, 11.55it/s]
Projecting malicious reference:  20%|█▉        | 488/2499 [00:40<02:50, 11.78it/s]
Projecting malicious reference:  20%|█▉        | 490/2499 [00:41<02:55, 11.47it/s]
Projecting malicious reference:  20%|█▉        | 492/2499 [00:41<02:49, 11.86it/s]
Projecting malicious reference:  20%|█▉        | 494/2499 [00:41<02:45, 12.14it/s]
Projecting malicious reference:  20%|█▉        | 496/2499 [00:41<02:43, 12.27it/s]
Projecting malicious reference:  20%|█▉        | 498/2499 [00:41<02:53, 11.54it/s]
Projecting malicious reference:  20%|██        | 500/2499 [00:41<02:49, 11.79it/s]
Projecting malicious reference:  20%|██        | 502/2499 [00:42<02:53, 11.51it/s]
Projecting malicious reference:  20%|██        | 504/2499 [00:42<02:48, 11.83it/s]
Projecting malicious reference:  20%|██        | 506/2499 [00:42<02:47, 11.92it/s]
Projecting malicious reference:  20%|██        | 508/2499 [00:42<02:46, 11.98it/s]
Projecting malicious reference:  20%|██        | 510/2499 [00:42<02:49, 11.73it/s]
Projecting malicious reference:  20%|██        | 512/2499 [00:42<02:47, 11.84it/s]
Projecting malicious reference:  21%|██        | 514/2499 [00:43<02:44, 12.09it/s]
Projecting malicious reference:  21%|██        | 516/2499 [00:43<02:36, 12.68it/s]
Projecting malicious reference:  21%|██        | 518/2499 [00:43<02:43, 12.13it/s]
Projecting malicious reference:  21%|██        | 520/2499 [00:43<02:42, 12.19it/s]
Projecting malicious reference:  21%|██        | 522/2499 [00:43<02:39, 12.36it/s]
Projecting malicious reference:  21%|██        | 524/2499 [00:43<02:37, 12.52it/s]
Projecting malicious reference:  21%|██        | 526/2499 [00:43<02:36, 12.58it/s]
Projecting malicious reference:  21%|██        | 528/2499 [00:44<02:32, 12.97it/s]
Projecting malicious reference:  21%|██        | 530/2499 [00:44<02:32, 12.94it/s]
Projecting malicious reference:  21%|██▏       | 532/2499 [00:44<02:32, 12.91it/s]
Projecting malicious reference:  21%|██▏       | 534/2499 [00:44<02:28, 13.24it/s]
Projecting malicious reference:  21%|██▏       | 536/2499 [00:44<03:01, 10.82it/s]
Projecting malicious reference:  22%|██▏       | 538/2499 [00:44<02:51, 11.41it/s]
Projecting malicious reference:  22%|██▏       | 540/2499 [00:45<02:44, 11.89it/s]
Projecting malicious reference:  22%|██▏       | 542/2499 [00:45<02:41, 12.14it/s]
Projecting malicious reference:  22%|██▏       | 544/2499 [00:45<02:38, 12.31it/s]
Projecting malicious reference:  22%|██▏       | 546/2499 [00:45<02:35, 12.57it/s]
Projecting malicious reference:  22%|██▏       | 548/2499 [00:45<02:36, 12.47it/s]
Projecting malicious reference:  22%|██▏       | 550/2499 [00:45<02:37, 12.38it/s]
Projecting malicious reference:  22%|██▏       | 552/2499 [00:46<02:36, 12.46it/s]
Projecting malicious reference:  22%|██▏       | 554/2499 [00:46<02:30, 12.89it/s]
Projecting malicious reference:  22%|██▏       | 556/2499 [00:46<02:41, 12.07it/s]
Projecting malicious reference:  22%|██▏       | 558/2499 [00:46<02:53, 11.19it/s]
Projecting malicious reference:  22%|██▏       | 560/2499 [00:46<02:45, 11.73it/s]
Projecting malicious reference:  22%|██▏       | 562/2499 [00:46<02:44, 11.74it/s]
Projecting malicious reference:  23%|██▎       | 564/2499 [00:47<02:47, 11.53it/s]
Projecting malicious reference:  23%|██▎       | 566/2499 [00:47<02:36, 12.32it/s]
Projecting malicious reference:  23%|██▎       | 568/2499 [00:47<02:34, 12.48it/s]
Projecting malicious reference:  23%|██▎       | 570/2499 [00:47<02:37, 12.28it/s]
Projecting malicious reference:  23%|██▎       | 572/2499 [00:47<02:31, 12.70it/s]
Projecting malicious reference:  23%|██▎       | 574/2499 [00:47<02:24, 13.31it/s]
Projecting malicious reference:  23%|██▎       | 576/2499 [00:48<02:24, 13.26it/s]
Projecting malicious reference:  23%|██▎       | 578/2499 [00:48<02:26, 13.09it/s]
Projecting malicious reference:  23%|██▎       | 580/2499 [00:48<02:32, 12.56it/s]
Projecting malicious reference:  23%|██▎       | 582/2499 [00:48<02:33, 12.47it/s]
Projecting malicious reference:  23%|██▎       | 584/2499 [00:48<02:28, 12.88it/s]
Projecting malicious reference:  23%|██▎       | 586/2499 [00:48<02:22, 13.40it/s]
Projecting malicious reference:  24%|██▎       | 588/2499 [00:48<02:25, 13.16it/s]
Projecting malicious reference:  24%|██▎       | 590/2499 [00:49<02:25, 13.09it/s]
Projecting malicious reference:  24%|██▎       | 592/2499 [00:49<02:41, 11.82it/s]
Projecting malicious reference:  24%|██▍       | 594/2499 [00:49<02:37, 12.06it/s]
Projecting malicious reference:  24%|██▍       | 596/2499 [00:49<02:30, 12.62it/s]
Projecting malicious reference:  24%|██▍       | 598/2499 [00:49<02:29, 12.73it/s]
Projecting malicious reference:  24%|██▍       | 600/2499 [00:49<02:24, 13.11it/s]
Projecting malicious reference:  24%|██▍       | 602/2499 [00:50<02:26, 12.95it/s]
Projecting malicious reference:  24%|██▍       | 604/2499 [00:50<02:26, 12.90it/s]
Projecting malicious reference:  24%|██▍       | 606/2499 [00:50<02:41, 11.71it/s]
Projecting malicious reference:  24%|██▍       | 608/2499 [00:50<02:38, 11.94it/s]
Projecting malicious reference:  24%|██▍       | 610/2499 [00:50<02:46, 11.37it/s]
Projecting malicious reference:  24%|██▍       | 612/2499 [00:50<02:38, 11.92it/s]
Projecting malicious reference:  25%|██▍       | 614/2499 [00:51<02:41, 11.68it/s]
Projecting malicious reference:  25%|██▍       | 616/2499 [00:51<02:30, 12.54it/s]
Projecting malicious reference:  25%|██▍       | 618/2499 [00:51<02:27, 12.78it/s]
Projecting malicious reference:  25%|██▍       | 620/2499 [00:51<02:22, 13.17it/s]
Projecting malicious reference:  25%|██▍       | 622/2499 [00:51<02:23, 13.12it/s]
Projecting malicious reference:  25%|██▍       | 624/2499 [00:51<02:23, 13.09it/s]
Projecting malicious reference:  25%|██▌       | 626/2499 [00:52<02:23, 13.05it/s]
Projecting malicious reference:  25%|██▌       | 628/2499 [00:52<02:33, 12.19it/s]
Projecting malicious reference:  25%|██▌       | 630/2499 [00:52<03:01, 10.27it/s]
Projecting malicious reference:  25%|██▌       | 632/2499 [00:52<02:50, 10.97it/s]
Projecting malicious reference:  25%|██▌       | 634/2499 [00:52<02:55, 10.63it/s]
Projecting malicious reference:  25%|██▌       | 636/2499 [00:52<02:44, 11.36it/s]
Projecting malicious reference:  26%|██▌       | 638/2499 [00:53<02:40, 11.58it/s]
Projecting malicious reference:  26%|██▌       | 640/2499 [00:53<02:47, 11.07it/s]
Projecting malicious reference:  26%|██▌       | 642/2499 [00:53<02:44, 11.28it/s]
Projecting malicious reference:  26%|██▌       | 644/2499 [00:53<02:45, 11.22it/s]
Projecting malicious reference:  26%|██▌       | 646/2499 [00:53<02:38, 11.70it/s]
Projecting malicious reference:  26%|██▌       | 648/2499 [00:54<02:46, 11.09it/s]
Projecting malicious reference:  26%|██▌       | 650/2499 [00:54<02:39, 11.63it/s]
Projecting malicious reference:  26%|██▌       | 652/2499 [00:54<02:45, 11.19it/s]
Projecting malicious reference:  26%|██▌       | 654/2499 [00:54<02:46, 11.10it/s]
Projecting malicious reference:  26%|██▋       | 656/2499 [00:54<02:43, 11.26it/s]
Projecting malicious reference:  26%|██▋       | 658/2499 [00:54<02:42, 11.36it/s]
Projecting malicious reference:  26%|██▋       | 660/2499 [00:55<02:35, 11.83it/s]
Projecting malicious reference:  26%|██▋       | 662/2499 [00:55<02:32, 12.08it/s]
Projecting malicious reference:  27%|██▋       | 664/2499 [00:55<02:36, 11.73it/s]
Projecting malicious reference:  27%|██▋       | 666/2499 [00:55<02:36, 11.75it/s]
Projecting malicious reference:  27%|██▋       | 668/2499 [00:55<02:27, 12.39it/s]
Projecting malicious reference:  27%|██▋       | 670/2499 [00:55<02:30, 12.15it/s]
Projecting malicious reference:  27%|██▋       | 672/2499 [00:56<02:25, 12.54it/s]
Projecting malicious reference:  27%|██▋       | 674/2499 [00:56<02:47, 10.90it/s]
Projecting malicious reference:  27%|██▋       | 676/2499 [00:56<02:41, 11.27it/s]
Projecting malicious reference:  27%|██▋       | 678/2499 [00:56<02:33, 11.85it/s]
Projecting malicious reference:  27%|██▋       | 680/2499 [00:56<02:28, 12.28it/s]
Projecting malicious reference:  27%|██▋       | 682/2499 [00:56<02:28, 12.22it/s]
Projecting malicious reference:  27%|██▋       | 684/2499 [00:57<02:31, 12.02it/s]
Projecting malicious reference:  27%|██▋       | 686/2499 [00:57<02:29, 12.10it/s]
Projecting malicious reference:  28%|██▊       | 688/2499 [00:57<02:25, 12.42it/s]
Projecting malicious reference:  28%|██▊       | 690/2499 [00:57<02:39, 11.37it/s]
Projecting malicious reference:  28%|██▊       | 692/2499 [00:57<02:29, 12.06it/s]
Projecting malicious reference:  28%|██▊       | 694/2499 [00:57<02:55, 10.30it/s]
Projecting malicious reference:  28%|██▊       | 696/2499 [00:58<02:51, 10.54it/s]
Projecting malicious reference:  28%|██▊       | 698/2499 [00:58<02:44, 10.93it/s]
Projecting malicious reference:  28%|██▊       | 700/2499 [00:58<02:38, 11.34it/s]
Projecting malicious reference:  28%|██▊       | 702/2499 [00:58<02:35, 11.57it/s]
Projecting malicious reference:  28%|██▊       | 704/2499 [00:58<02:27, 12.14it/s]
Projecting malicious reference:  28%|██▊       | 706/2499 [00:58<02:23, 12.47it/s]
Projecting malicious reference:  28%|██▊       | 708/2499 [00:59<02:26, 12.24it/s]
Projecting malicious reference:  28%|██▊       | 710/2499 [00:59<02:19, 12.78it/s]
Projecting malicious reference:  28%|██▊       | 712/2499 [00:59<02:49, 10.56it/s]
Projecting malicious reference:  29%|██▊       | 714/2499 [00:59<02:42, 11.00it/s]
Projecting malicious reference:  29%|██▊       | 716/2499 [01:00<03:34,  8.33it/s]
Projecting malicious reference:  29%|██▊       | 718/2499 [01:00<03:10,  9.36it/s]
Projecting malicious reference:  29%|██▉       | 720/2499 [01:00<02:59,  9.92it/s]
Projecting malicious reference:  29%|██▉       | 722/2499 [01:00<02:45, 10.76it/s]
Projecting malicious reference:  29%|██▉       | 724/2499 [01:00<02:32, 11.63it/s]
Projecting malicious reference:  29%|██▉       | 726/2499 [01:00<02:26, 12.12it/s]
Projecting malicious reference:  29%|██▉       | 728/2499 [01:01<02:26, 12.10it/s]
Projecting malicious reference:  29%|██▉       | 730/2499 [01:01<02:24, 12.25it/s]
Projecting malicious reference:  29%|██▉       | 732/2499 [01:01<02:22, 12.37it/s]
Projecting malicious reference:  29%|██▉       | 734/2499 [01:01<02:19, 12.65it/s]
Projecting malicious reference:  29%|██▉       | 736/2499 [01:01<02:15, 13.00it/s]
Projecting malicious reference:  30%|██▉       | 738/2499 [01:01<02:14, 13.12it/s]
Projecting malicious reference:  30%|██▉       | 740/2499 [01:01<02:21, 12.46it/s]
Projecting malicious reference:  30%|██▉       | 742/2499 [01:02<02:18, 12.68it/s]
Projecting malicious reference:  30%|██▉       | 744/2499 [01:02<02:24, 12.17it/s]
Projecting malicious reference:  30%|██▉       | 746/2499 [01:02<02:22, 12.30it/s]
Projecting malicious reference:  30%|██▉       | 748/2499 [01:02<02:27, 11.88it/s]
Projecting malicious reference:  30%|███       | 750/2499 [01:02<02:27, 11.87it/s]
Projecting malicious reference:  30%|███       | 752/2499 [01:02<02:25, 12.02it/s]
Projecting malicious reference:  30%|███       | 754/2499 [01:03<02:28, 11.76it/s]
Projecting malicious reference:  30%|███       | 756/2499 [01:03<02:38, 11.01it/s]
Projecting malicious reference:  30%|███       | 758/2499 [01:03<02:31, 11.46it/s]
Projecting malicious reference:  30%|███       | 760/2499 [01:03<02:32, 11.43it/s]
Projecting malicious reference:  30%|███       | 762/2499 [01:03<02:27, 11.77it/s]
Projecting malicious reference:  31%|███       | 764/2499 [01:03<02:23, 12.09it/s]
Projecting malicious reference:  31%|███       | 766/2499 [01:04<02:21, 12.21it/s]
Projecting malicious reference:  31%|███       | 768/2499 [01:04<02:16, 12.66it/s]
Projecting malicious reference:  31%|███       | 770/2499 [01:04<02:23, 12.08it/s]
Projecting malicious reference:  31%|███       | 772/2499 [01:04<02:24, 11.97it/s]
Projecting malicious reference:  31%|███       | 774/2499 [01:04<02:27, 11.69it/s]
Projecting malicious reference:  31%|███       | 776/2499 [01:04<02:21, 12.15it/s]
Projecting malicious reference:  31%|███       | 778/2499 [01:05<02:19, 12.37it/s]
Projecting malicious reference:  31%|███       | 780/2499 [01:05<02:20, 12.24it/s]
Projecting malicious reference:  31%|███▏      | 782/2499 [01:05<02:24, 11.87it/s]
Projecting malicious reference:  31%|███▏      | 784/2499 [01:05<02:28, 11.53it/s]
Projecting malicious reference:  31%|███▏      | 786/2499 [01:05<02:21, 12.10it/s]
Projecting malicious reference:  32%|███▏      | 788/2499 [01:05<02:20, 12.21it/s]
Projecting malicious reference:  32%|███▏      | 790/2499 [01:06<02:38, 10.78it/s]
Projecting malicious reference:  32%|███▏      | 792/2499 [01:06<02:37, 10.81it/s]
Projecting malicious reference:  32%|███▏      | 794/2499 [01:06<02:38, 10.73it/s]
Projecting malicious reference:  32%|███▏      | 796/2499 [01:06<02:36, 10.87it/s]
Projecting malicious reference:  32%|███▏      | 798/2499 [01:06<02:39, 10.69it/s]
Projecting malicious reference:  32%|███▏      | 800/2499 [01:07<02:30, 11.30it/s]
Projecting malicious reference:  32%|███▏      | 802/2499 [01:07<02:27, 11.49it/s]
Projecting malicious reference:  32%|███▏      | 804/2499 [01:07<02:20, 12.08it/s]
Projecting malicious reference:  32%|███▏      | 806/2499 [01:07<02:24, 11.74it/s]
Projecting malicious reference:  32%|███▏      | 808/2499 [01:07<02:20, 12.03it/s]
Projecting malicious reference:  32%|███▏      | 810/2499 [01:07<02:20, 12.02it/s]
Projecting malicious reference:  32%|███▏      | 812/2499 [01:08<02:16, 12.35it/s]
Projecting malicious reference:  33%|███▎      | 814/2499 [01:08<02:11, 12.78it/s]
Projecting malicious reference:  33%|███▎      | 816/2499 [01:08<02:13, 12.57it/s]
Projecting malicious reference:  33%|███▎      | 818/2499 [01:08<02:08, 13.03it/s]
Projecting malicious reference:  33%|███▎      | 820/2499 [01:08<02:07, 13.15it/s]
Projecting malicious reference:  33%|███▎      | 822/2499 [01:08<02:07, 13.12it/s]
Projecting malicious reference:  33%|███▎      | 824/2499 [01:09<02:17, 12.22it/s]
Projecting malicious reference:  33%|███▎      | 826/2499 [01:09<02:45, 10.09it/s]
Projecting malicious reference:  33%|███▎      | 828/2499 [01:09<02:32, 10.93it/s]
Projecting malicious reference:  33%|███▎      | 830/2499 [01:09<02:24, 11.57it/s]
Projecting malicious reference:  33%|███▎      | 832/2499 [01:09<02:20, 11.90it/s]
Projecting malicious reference:  33%|███▎      | 834/2499 [01:09<02:18, 12.03it/s]
Projecting malicious reference:  33%|███▎      | 836/2499 [01:10<02:12, 12.56it/s]
Projecting malicious reference:  34%|███▎      | 838/2499 [01:10<02:11, 12.68it/s]
Projecting malicious reference:  34%|███▎      | 840/2499 [01:10<02:11, 12.61it/s]
Projecting malicious reference:  34%|███▎      | 842/2499 [01:10<02:09, 12.83it/s]
Projecting malicious reference:  34%|███▍      | 844/2499 [01:10<02:15, 12.20it/s]
Projecting malicious reference:  34%|███▍      | 846/2499 [01:10<02:14, 12.32it/s]
Projecting malicious reference:  34%|███▍      | 848/2499 [01:11<02:19, 11.80it/s]
Projecting malicious reference:  34%|███▍      | 850/2499 [01:11<02:19, 11.85it/s]
Projecting malicious reference:  34%|███▍      | 852/2499 [01:11<02:15, 12.17it/s]
Projecting malicious reference:  34%|███▍      | 854/2499 [01:11<02:18, 11.84it/s]
Projecting malicious reference:  34%|███▍      | 856/2499 [01:11<02:12, 12.36it/s]
Projecting malicious reference:  34%|███▍      | 858/2499 [01:11<02:37, 10.42it/s]
Projecting malicious reference:  34%|███▍      | 860/2499 [01:12<02:31, 10.83it/s]
Projecting malicious reference:  34%|███▍      | 862/2499 [01:12<02:24, 11.31it/s]
Projecting malicious reference:  35%|███▍      | 864/2499 [01:12<02:18, 11.77it/s]
Projecting malicious reference:  35%|███▍      | 866/2499 [01:12<02:12, 12.28it/s]
Projecting malicious reference:  35%|███▍      | 868/2499 [01:12<02:11, 12.40it/s]
Projecting malicious reference:  35%|███▍      | 870/2499 [01:12<02:10, 12.52it/s]
Projecting malicious reference:  35%|███▍      | 872/2499 [01:13<02:11, 12.36it/s]
Projecting malicious reference:  35%|███▍      | 874/2499 [01:13<02:13, 12.18it/s]
Projecting malicious reference:  35%|███▌      | 876/2499 [01:13<02:12, 12.28it/s]
Projecting malicious reference:  35%|███▌      | 878/2499 [01:13<02:14, 12.04it/s]
Projecting malicious reference:  35%|███▌      | 880/2499 [01:13<02:17, 11.79it/s]
Projecting malicious reference:  35%|███▌      | 882/2499 [01:13<02:17, 11.75it/s]
Projecting malicious reference:  35%|███▌      | 884/2499 [01:14<02:54,  9.25it/s]
Projecting malicious reference:  35%|███▌      | 886/2499 [01:14<02:58,  9.05it/s]
Projecting malicious reference:  36%|███▌      | 888/2499 [01:14<02:42,  9.93it/s]
Projecting malicious reference:  36%|███▌      | 890/2499 [01:14<02:29, 10.73it/s]
Projecting malicious reference:  36%|███▌      | 892/2499 [01:14<02:22, 11.31it/s]
Projecting malicious reference:  36%|███▌      | 894/2499 [01:15<02:21, 11.37it/s]
Projecting malicious reference:  36%|███▌      | 896/2499 [01:15<02:28, 10.78it/s]
Projecting malicious reference:  36%|███▌      | 898/2499 [01:15<02:20, 11.36it/s]
Projecting malicious reference:  36%|███▌      | 900/2499 [01:15<02:16, 11.70it/s]
Projecting malicious reference:  36%|███▌      | 902/2499 [01:15<02:11, 12.12it/s]
Projecting malicious reference:  36%|███▌      | 904/2499 [01:16<02:40,  9.97it/s]
Projecting malicious reference:  36%|███▋      | 906/2499 [01:16<02:35, 10.24it/s]
Projecting malicious reference:  36%|███▋      | 908/2499 [01:16<02:38, 10.02it/s]
Projecting malicious reference:  36%|███▋      | 910/2499 [01:16<02:27, 10.80it/s]
Projecting malicious reference:  36%|███▋      | 912/2499 [01:16<02:18, 11.48it/s]
Projecting malicious reference:  37%|███▋      | 914/2499 [01:16<02:24, 10.99it/s]
Projecting malicious reference:  37%|███▋      | 916/2499 [01:17<02:22, 11.08it/s]
Projecting malicious reference:  37%|███▋      | 918/2499 [01:17<02:14, 11.73it/s]
Projecting malicious reference:  37%|███▋      | 920/2499 [01:17<02:06, 12.49it/s]
Projecting malicious reference:  37%|███▋      | 922/2499 [01:17<02:13, 11.84it/s]
Projecting malicious reference:  37%|███▋      | 924/2499 [01:17<02:10, 12.11it/s]
Projecting malicious reference:  37%|███▋      | 926/2499 [01:17<02:07, 12.37it/s]
Projecting malicious reference:  37%|███▋      | 928/2499 [01:18<02:11, 11.94it/s]
Projecting malicious reference:  37%|███▋      | 930/2499 [01:18<02:15, 11.61it/s]
Projecting malicious reference:  37%|███▋      | 932/2499 [01:18<02:10, 12.02it/s]
Projecting malicious reference:  37%|███▋      | 934/2499 [01:18<02:17, 11.37it/s]
Projecting malicious reference:  37%|███▋      | 936/2499 [01:18<02:07, 12.30it/s]
Projecting malicious reference:  38%|███▊      | 938/2499 [01:18<02:17, 11.38it/s]
Projecting malicious reference:  38%|███▊      | 940/2499 [01:19<02:58,  8.72it/s]
Projecting malicious reference:  38%|███▊      | 942/2499 [01:19<02:43,  9.52it/s]
Projecting malicious reference:  38%|███▊      | 944/2499 [01:19<02:36,  9.94it/s]
Projecting malicious reference:  38%|███▊      | 946/2499 [01:19<02:25, 10.70it/s]
Projecting malicious reference:  38%|███▊      | 948/2499 [01:19<02:21, 10.97it/s]
Projecting malicious reference:  38%|███▊      | 950/2499 [01:20<02:20, 11.05it/s]
Projecting malicious reference:  38%|███▊      | 952/2499 [01:20<02:13, 11.61it/s]
Projecting malicious reference:  38%|███▊      | 954/2499 [01:20<02:09, 11.94it/s]
Projecting malicious reference:  38%|███▊      | 956/2499 [01:20<02:28, 10.37it/s]
Projecting malicious reference:  38%|███▊      | 958/2499 [01:20<02:20, 10.96it/s]
Projecting malicious reference:  38%|███▊      | 960/2499 [01:21<02:13, 11.51it/s]
Projecting malicious reference:  38%|███▊      | 962/2499 [01:21<02:08, 12.00it/s]
Projecting malicious reference:  39%|███▊      | 964/2499 [01:21<02:04, 12.32it/s]
Projecting malicious reference:  39%|███▊      | 966/2499 [01:21<02:03, 12.40it/s]
Projecting malicious reference:  39%|███▊      | 968/2499 [01:21<02:13, 11.50it/s]
Projecting malicious reference:  39%|███▉      | 970/2499 [01:21<02:08, 11.90it/s]
Projecting malicious reference:  39%|███▉      | 972/2499 [01:21<02:01, 12.61it/s]
Projecting malicious reference:  39%|███▉      | 974/2499 [01:22<01:56, 13.07it/s]
Projecting malicious reference:  39%|███▉      | 976/2499 [01:22<01:57, 12.95it/s]
Projecting malicious reference:  39%|███▉      | 978/2499 [01:22<02:00, 12.67it/s]
Projecting malicious reference:  39%|███▉      | 980/2499 [01:22<01:59, 12.71it/s]
Projecting malicious reference:  39%|███▉      | 982/2499 [01:22<01:58, 12.77it/s]
Projecting malicious reference:  39%|███▉      | 984/2499 [01:22<02:01, 12.44it/s]
Projecting malicious reference:  39%|███▉      | 986/2499 [01:23<02:01, 12.45it/s]
Projecting malicious reference:  40%|███▉      | 988/2499 [01:23<02:00, 12.52it/s]
Projecting malicious reference:  40%|███▉      | 990/2499 [01:23<01:56, 12.98it/s]
Projecting malicious reference:  40%|███▉      | 992/2499 [01:23<02:03, 12.20it/s]
Projecting malicious reference:  40%|███▉      | 994/2499 [01:23<01:58, 12.69it/s]
Projecting malicious reference:  40%|███▉      | 996/2499 [01:23<02:02, 12.29it/s]
Projecting malicious reference:  40%|███▉      | 998/2499 [01:24<02:00, 12.41it/s]
Projecting malicious reference:  40%|████      | 1000/2499 [01:24<01:59, 12.56it/s]
Projecting malicious reference:  40%|████      | 1002/2499 [01:24<01:58, 12.59it/s]
Projecting malicious reference:  40%|████      | 1004/2499 [01:24<01:56, 12.78it/s]
Projecting malicious reference:  40%|████      | 1006/2499 [01:24<01:55, 12.92it/s]
Projecting malicious reference:  40%|████      | 1008/2499 [01:24<02:06, 11.80it/s]
Projecting malicious reference:  40%|████      | 1010/2499 [01:25<02:00, 12.34it/s]
Projecting malicious reference:  40%|████      | 1012/2499 [01:25<01:57, 12.67it/s]
Projecting malicious reference:  41%|████      | 1014/2499 [01:25<01:55, 12.86it/s]
Projecting malicious reference:  41%|████      | 1016/2499 [01:25<01:56, 12.72it/s]
Projecting malicious reference:  41%|████      | 1018/2499 [01:25<02:19, 10.64it/s]
Projecting malicious reference:  41%|████      | 1020/2499 [01:25<02:10, 11.32it/s]
Projecting malicious reference:  41%|████      | 1022/2499 [01:26<02:04, 11.85it/s]
Projecting malicious reference:  41%|████      | 1024/2499 [01:26<02:01, 12.17it/s]
Projecting malicious reference:  41%|████      | 1026/2499 [01:26<02:05, 11.73it/s]
Projecting malicious reference:  41%|████      | 1028/2499 [01:26<02:07, 11.57it/s]
Projecting malicious reference:  41%|████      | 1030/2499 [01:26<02:01, 12.11it/s]
Projecting malicious reference:  41%|████▏     | 1032/2499 [01:26<01:59, 12.31it/s]
Projecting malicious reference:  41%|████▏     | 1034/2499 [01:27<01:56, 12.55it/s]
Projecting malicious reference:  41%|████▏     | 1036/2499 [01:27<02:02, 11.94it/s]
Projecting malicious reference:  42%|████▏     | 1038/2499 [01:27<01:58, 12.34it/s]
Projecting malicious reference:  42%|████▏     | 1040/2499 [01:27<01:57, 12.46it/s]
Projecting malicious reference:  42%|████▏     | 1042/2499 [01:27<01:59, 12.19it/s]
Projecting malicious reference:  42%|████▏     | 1044/2499 [01:27<01:57, 12.35it/s]
Projecting malicious reference:  42%|████▏     | 1046/2499 [01:28<01:58, 12.22it/s]
Projecting malicious reference:  42%|████▏     | 1048/2499 [01:28<02:02, 11.81it/s]
Projecting malicious reference:  42%|████▏     | 1050/2499 [01:28<01:58, 12.25it/s]
Projecting malicious reference:  42%|████▏     | 1052/2499 [01:28<02:00, 12.03it/s]
Projecting malicious reference:  42%|████▏     | 1054/2499 [01:28<01:57, 12.32it/s]
Projecting malicious reference:  42%|████▏     | 1056/2499 [01:28<02:07, 11.30it/s]
Projecting malicious reference:  42%|████▏     | 1058/2499 [01:29<02:02, 11.75it/s]
Projecting malicious reference:  42%|████▏     | 1060/2499 [01:29<02:06, 11.34it/s]
Projecting malicious reference:  42%|████▏     | 1062/2499 [01:29<02:00, 11.94it/s]
Projecting malicious reference:  43%|████▎     | 1064/2499 [01:29<01:58, 12.16it/s]
Projecting malicious reference:  43%|████▎     | 1066/2499 [01:29<01:54, 12.47it/s]
Projecting malicious reference:  43%|████▎     | 1068/2499 [01:29<02:12, 10.80it/s]
Projecting malicious reference:  43%|████▎     | 1070/2499 [01:30<02:03, 11.61it/s]
Projecting malicious reference:  43%|████▎     | 1072/2499 [01:30<02:04, 11.45it/s]
Projecting malicious reference:  43%|████▎     | 1074/2499 [01:30<01:56, 12.18it/s]
Projecting malicious reference:  43%|████▎     | 1076/2499 [01:30<02:18, 10.31it/s]
Projecting malicious reference:  43%|████▎     | 1078/2499 [01:30<02:08, 11.09it/s]
Projecting malicious reference:  43%|████▎     | 1080/2499 [01:30<02:00, 11.80it/s]
Projecting malicious reference:  43%|████▎     | 1082/2499 [01:31<02:02, 11.59it/s]
Projecting malicious reference:  43%|████▎     | 1084/2499 [01:31<01:56, 12.19it/s]
Projecting malicious reference:  43%|████▎     | 1086/2499 [01:31<01:53, 12.46it/s]
Projecting malicious reference:  44%|████▎     | 1088/2499 [01:31<01:51, 12.63it/s]
Projecting malicious reference:  44%|████▎     | 1090/2499 [01:31<01:49, 12.88it/s]
Projecting malicious reference:  44%|████▎     | 1092/2499 [01:31<01:51, 12.64it/s]
Projecting malicious reference:  44%|████▍     | 1094/2499 [01:32<01:52, 12.47it/s]
Projecting malicious reference:  44%|████▍     | 1096/2499 [01:32<01:51, 12.58it/s]
Projecting malicious reference:  44%|████▍     | 1098/2499 [01:32<01:54, 12.20it/s]
Projecting malicious reference:  44%|████▍     | 1100/2499 [01:32<01:50, 12.61it/s]
Projecting malicious reference:  44%|████▍     | 1102/2499 [01:32<01:50, 12.68it/s]
Projecting malicious reference:  44%|████▍     | 1104/2499 [01:32<01:48, 12.88it/s]
Projecting malicious reference:  44%|████▍     | 1106/2499 [01:33<01:55, 12.07it/s]
Projecting malicious reference:  44%|████▍     | 1108/2499 [01:33<01:51, 12.42it/s]
Projecting malicious reference:  44%|████▍     | 1110/2499 [01:33<01:46, 12.99it/s]
Projecting malicious reference:  44%|████▍     | 1112/2499 [01:33<01:48, 12.83it/s]
Projecting malicious reference:  45%|████▍     | 1114/2499 [01:33<01:44, 13.20it/s]
Projecting malicious reference:  45%|████▍     | 1116/2499 [01:33<01:47, 12.92it/s]
Projecting malicious reference:  45%|████▍     | 1118/2499 [01:33<01:46, 12.97it/s]
Projecting malicious reference:  45%|████▍     | 1120/2499 [01:34<01:45, 13.01it/s]
Projecting malicious reference:  45%|████▍     | 1122/2499 [01:34<01:45, 13.03it/s]
Projecting malicious reference:  45%|████▍     | 1124/2499 [01:34<01:41, 13.59it/s]
Projecting malicious reference:  45%|████▌     | 1126/2499 [01:34<01:39, 13.75it/s]
Projecting malicious reference:  45%|████▌     | 1128/2499 [01:34<01:46, 12.85it/s]
Projecting malicious reference:  45%|████▌     | 1130/2499 [01:34<01:46, 12.91it/s]
Projecting malicious reference:  45%|████▌     | 1132/2499 [01:34<01:45, 12.95it/s]
Projecting malicious reference:  45%|████▌     | 1134/2499 [01:35<01:43, 13.13it/s]
Projecting malicious reference:  45%|████▌     | 1136/2499 [01:35<01:42, 13.36it/s]
Projecting malicious reference:  46%|████▌     | 1138/2499 [01:35<01:40, 13.49it/s]
Projecting malicious reference:  46%|████▌     | 1140/2499 [01:35<01:48, 12.58it/s]
Projecting malicious reference:  46%|████▌     | 1142/2499 [01:35<01:52, 12.09it/s]
Projecting malicious reference:  46%|████▌     | 1144/2499 [01:36<02:02, 11.04it/s]
Projecting malicious reference:  46%|████▌     | 1146/2499 [01:36<01:56, 11.57it/s]
Projecting malicious reference:  46%|████▌     | 1148/2499 [01:36<01:50, 12.24it/s]
Projecting malicious reference:  46%|████▌     | 1150/2499 [01:36<01:47, 12.58it/s]
Projecting malicious reference:  46%|████▌     | 1152/2499 [01:36<01:44, 12.86it/s]
Projecting malicious reference:  46%|████▌     | 1154/2499 [01:36<01:47, 12.53it/s]
Projecting malicious reference:  46%|████▋     | 1156/2499 [01:36<01:50, 12.11it/s]
Projecting malicious reference:  46%|████▋     | 1158/2499 [01:37<01:52, 11.90it/s]
Projecting malicious reference:  46%|████▋     | 1160/2499 [01:37<01:48, 12.29it/s]
Projecting malicious reference:  46%|████▋     | 1162/2499 [01:37<01:48, 12.36it/s]
Projecting malicious reference:  47%|████▋     | 1164/2499 [01:37<01:53, 11.79it/s]
Projecting malicious reference:  47%|████▋     | 1166/2499 [01:37<01:57, 11.39it/s]
Projecting malicious reference:  47%|████▋     | 1168/2499 [01:37<01:53, 11.69it/s]
Projecting malicious reference:  47%|████▋     | 1170/2499 [01:38<01:54, 11.62it/s]
Projecting malicious reference:  47%|████▋     | 1172/2499 [01:38<02:02, 10.82it/s]
Projecting malicious reference:  47%|████▋     | 1174/2499 [01:38<01:51, 11.85it/s]
Projecting malicious reference:  47%|████▋     | 1176/2499 [01:38<01:47, 12.31it/s]
Projecting malicious reference:  47%|████▋     | 1178/2499 [01:38<01:49, 12.09it/s]
Projecting malicious reference:  47%|████▋     | 1180/2499 [01:38<01:47, 12.30it/s]
Projecting malicious reference:  47%|████▋     | 1182/2499 [01:39<01:44, 12.56it/s]
Projecting malicious reference:  47%|████▋     | 1184/2499 [01:39<01:44, 12.63it/s]
Projecting malicious reference:  47%|████▋     | 1186/2499 [01:39<01:48, 12.06it/s]
Projecting malicious reference:  48%|████▊     | 1188/2499 [01:39<01:51, 11.71it/s]
Projecting malicious reference:  48%|████▊     | 1190/2499 [01:39<01:45, 12.44it/s]
Projecting malicious reference:  48%|████▊     | 1192/2499 [01:39<01:49, 11.94it/s]
Projecting malicious reference:  48%|████▊     | 1194/2499 [01:40<01:48, 12.02it/s]
Projecting malicious reference:  48%|████▊     | 1196/2499 [01:40<01:47, 12.13it/s]
Projecting malicious reference:  48%|████▊     | 1198/2499 [01:40<02:04, 10.44it/s]
Projecting malicious reference:  48%|████▊     | 1200/2499 [01:40<01:58, 10.92it/s]
Projecting malicious reference:  48%|████▊     | 1202/2499 [01:40<01:53, 11.41it/s]
Projecting malicious reference:  48%|████▊     | 1204/2499 [01:41<01:50, 11.76it/s]
Projecting malicious reference:  48%|████▊     | 1206/2499 [01:41<01:47, 12.04it/s]
Projecting malicious reference:  48%|████▊     | 1208/2499 [01:41<01:44, 12.34it/s]
Projecting malicious reference:  48%|████▊     | 1210/2499 [01:41<01:44, 12.36it/s]
Projecting malicious reference:  48%|████▊     | 1212/2499 [01:41<01:40, 12.79it/s]
Projecting malicious reference:  49%|████▊     | 1214/2499 [01:41<01:39, 12.89it/s]
Projecting malicious reference:  49%|████▊     | 1216/2499 [01:41<01:40, 12.81it/s]
Projecting malicious reference:  49%|████▊     | 1218/2499 [01:42<01:38, 13.06it/s]
Projecting malicious reference:  49%|████▉     | 1220/2499 [01:42<01:38, 12.95it/s]
Projecting malicious reference:  49%|████▉     | 1222/2499 [01:42<01:42, 12.50it/s]
Projecting malicious reference:  49%|████▉     | 1224/2499 [01:42<01:41, 12.62it/s]
Projecting malicious reference:  49%|████▉     | 1226/2499 [01:42<01:40, 12.63it/s]
Projecting malicious reference:  49%|████▉     | 1228/2499 [01:42<01:40, 12.64it/s]
Projecting malicious reference:  49%|████▉     | 1230/2499 [01:43<01:44, 12.10it/s]
Projecting malicious reference:  49%|████▉     | 1232/2499 [01:43<01:40, 12.66it/s]
Projecting malicious reference:  49%|████▉     | 1234/2499 [01:43<01:38, 12.89it/s]
Projecting malicious reference:  49%|████▉     | 1236/2499 [01:43<01:37, 13.01it/s]
Projecting malicious reference:  50%|████▉     | 1238/2499 [01:43<01:47, 11.68it/s]
Projecting malicious reference:  50%|████▉     | 1240/2499 [01:43<01:49, 11.47it/s]
Projecting malicious reference:  50%|████▉     | 1242/2499 [01:44<01:45, 11.87it/s]
Projecting malicious reference:  50%|████▉     | 1244/2499 [01:44<01:44, 12.05it/s]
Projecting malicious reference:  50%|████▉     | 1246/2499 [01:44<01:40, 12.47it/s]
Projecting malicious reference:  50%|████▉     | 1248/2499 [01:44<01:39, 12.56it/s]
Projecting malicious reference:  50%|█████     | 1250/2499 [01:44<01:40, 12.43it/s]
Projecting malicious reference:  50%|█████     | 1252/2499 [01:44<01:40, 12.45it/s]
Projecting malicious reference:  50%|█████     | 1254/2499 [01:44<01:38, 12.62it/s]
Projecting malicious reference:  50%|█████     | 1256/2499 [01:45<01:38, 12.64it/s]
Projecting malicious reference:  50%|█████     | 1258/2499 [01:45<01:38, 12.65it/s]
Projecting malicious reference:  50%|█████     | 1260/2499 [01:45<01:39, 12.43it/s]
Projecting malicious reference:  51%|█████     | 1262/2499 [01:45<01:44, 11.86it/s]
Projecting malicious reference:  51%|█████     | 1264/2499 [01:45<01:40, 12.32it/s]
Projecting malicious reference:  51%|█████     | 1266/2499 [01:45<01:40, 12.28it/s]
Projecting malicious reference:  51%|█████     | 1268/2499 [01:46<01:39, 12.31it/s]
Projecting malicious reference:  51%|█████     | 1270/2499 [01:46<01:39, 12.35it/s]
Projecting malicious reference:  51%|█████     | 1272/2499 [01:46<01:40, 12.18it/s]
Projecting malicious reference:  51%|█████     | 1274/2499 [01:46<01:42, 11.93it/s]
Projecting malicious reference:  51%|█████     | 1276/2499 [01:46<01:40, 12.18it/s]
Projecting malicious reference:  51%|█████     | 1278/2499 [01:46<01:37, 12.47it/s]
Projecting malicious reference:  51%|█████     | 1280/2499 [01:47<01:39, 12.31it/s]
Projecting malicious reference:  51%|█████▏    | 1282/2499 [01:47<01:37, 12.54it/s]
Projecting malicious reference:  51%|█████▏    | 1284/2499 [01:47<01:39, 12.24it/s]
Projecting malicious reference:  51%|█████▏    | 1286/2499 [01:47<01:39, 12.17it/s]
Projecting malicious reference:  52%|█████▏    | 1288/2499 [01:47<01:44, 11.64it/s]
Projecting malicious reference:  52%|█████▏    | 1290/2499 [01:47<01:41, 11.96it/s]
Projecting malicious reference:  52%|█████▏    | 1292/2499 [01:48<01:41, 11.84it/s]
Projecting malicious reference:  52%|█████▏    | 1294/2499 [01:48<01:36, 12.47it/s]
Projecting malicious reference:  52%|█████▏    | 1296/2499 [01:48<01:37, 12.37it/s]
Projecting malicious reference:  52%|█████▏    | 1298/2499 [01:48<01:32, 13.00it/s]
Projecting malicious reference:  52%|█████▏    | 1300/2499 [01:48<01:31, 13.05it/s]
Projecting malicious reference:  52%|█████▏    | 1302/2499 [01:48<01:30, 13.17it/s]
Projecting malicious reference:  52%|█████▏    | 1304/2499 [01:49<01:30, 13.22it/s]
Projecting malicious reference:  52%|█████▏    | 1306/2499 [01:49<01:29, 13.32it/s]
Projecting malicious reference:  52%|█████▏    | 1308/2499 [01:49<01:27, 13.62it/s]
Projecting malicious reference:  52%|█████▏    | 1310/2499 [01:49<01:27, 13.58it/s]
Projecting malicious reference:  53%|█████▎    | 1312/2499 [01:49<01:29, 13.33it/s]
Projecting malicious reference:  53%|█████▎    | 1314/2499 [01:49<01:33, 12.66it/s]
Projecting malicious reference:  53%|█████▎    | 1316/2499 [01:49<01:30, 13.06it/s]
Projecting malicious reference:  53%|█████▎    | 1318/2499 [01:50<01:33, 12.66it/s]
Projecting malicious reference:  53%|█████▎    | 1320/2499 [01:50<01:34, 12.53it/s]
Projecting malicious reference:  53%|█████▎    | 1322/2499 [01:50<01:34, 12.43it/s]
Projecting malicious reference:  53%|█████▎    | 1324/2499 [01:50<01:30, 12.93it/s]
Projecting malicious reference:  53%|█████▎    | 1326/2499 [01:50<01:30, 12.96it/s]
Projecting malicious reference:  53%|█████▎    | 1328/2499 [01:50<01:30, 12.91it/s]
Projecting malicious reference:  53%|█████▎    | 1330/2499 [01:51<01:30, 12.94it/s]
Projecting malicious reference:  53%|█████▎    | 1332/2499 [01:51<01:28, 13.19it/s]
Projecting malicious reference:  53%|█████▎    | 1334/2499 [01:51<01:28, 13.16it/s]
Projecting malicious reference:  53%|█████▎    | 1336/2499 [01:51<01:25, 13.61it/s]
Projecting malicious reference:  54%|█████▎    | 1338/2499 [01:51<01:36, 12.06it/s]
Projecting malicious reference:  54%|█████▎    | 1340/2499 [01:51<01:55, 10.05it/s]
Projecting malicious reference:  54%|█████▎    | 1342/2499 [01:52<01:43, 11.13it/s]
Projecting malicious reference:  54%|█████▍    | 1344/2499 [01:52<01:41, 11.33it/s]
Projecting malicious reference:  54%|█████▍    | 1346/2499 [01:52<01:38, 11.70it/s]
Projecting malicious reference:  54%|█████▍    | 1348/2499 [01:52<01:36, 11.95it/s]
Projecting malicious reference:  54%|█████▍    | 1350/2499 [01:52<01:55,  9.99it/s]
Projecting malicious reference:  54%|█████▍    | 1352/2499 [01:53<02:40,  7.16it/s]
Projecting malicious reference:  54%|█████▍    | 1354/2499 [01:53<02:18,  8.25it/s]
Projecting malicious reference:  54%|█████▍    | 1356/2499 [01:53<02:05,  9.08it/s]
Projecting malicious reference:  54%|█████▍    | 1358/2499 [01:53<01:53, 10.05it/s]
Projecting malicious reference:  54%|█████▍    | 1360/2499 [01:53<01:43, 11.01it/s]
Projecting malicious reference:  55%|█████▍    | 1362/2499 [01:54<01:39, 11.40it/s]
Projecting malicious reference:  55%|█████▍    | 1364/2499 [01:54<01:39, 11.42it/s]
Projecting malicious reference:  55%|█████▍    | 1366/2499 [01:54<01:35, 11.85it/s]
Projecting malicious reference:  55%|█████▍    | 1368/2499 [01:54<01:30, 12.50it/s]
Projecting malicious reference:  55%|█████▍    | 1370/2499 [01:54<01:30, 12.53it/s]
Projecting malicious reference:  55%|█████▍    | 1372/2499 [01:54<01:29, 12.59it/s]
Projecting malicious reference:  55%|█████▍    | 1374/2499 [01:55<01:29, 12.57it/s]
Projecting malicious reference:  55%|█████▌    | 1376/2499 [01:55<01:29, 12.50it/s]
Projecting malicious reference:  55%|█████▌    | 1378/2499 [01:55<01:28, 12.60it/s]
Projecting malicious reference:  55%|█████▌    | 1380/2499 [01:55<01:26, 12.91it/s]
Projecting malicious reference:  55%|█████▌    | 1382/2499 [01:55<01:27, 12.81it/s]
Projecting malicious reference:  55%|█████▌    | 1384/2499 [01:55<01:27, 12.69it/s]
Projecting malicious reference:  55%|█████▌    | 1386/2499 [01:55<01:25, 13.04it/s]
Projecting malicious reference:  56%|█████▌    | 1388/2499 [01:56<01:27, 12.72it/s]
Projecting malicious reference:  56%|█████▌    | 1390/2499 [01:56<01:28, 12.58it/s]
Projecting malicious reference:  56%|█████▌    | 1392/2499 [01:56<01:27, 12.60it/s]
Projecting malicious reference:  56%|█████▌    | 1394/2499 [01:56<01:24, 13.01it/s]
Projecting malicious reference:  56%|█████▌    | 1396/2499 [01:56<01:23, 13.26it/s]
Projecting malicious reference:  56%|█████▌    | 1398/2499 [01:56<01:19, 13.78it/s]
Projecting malicious reference:  56%|█████▌    | 1400/2499 [01:57<01:25, 12.83it/s]
Projecting malicious reference:  56%|█████▌    | 1402/2499 [01:57<01:31, 12.01it/s]
Projecting malicious reference:  56%|█████▌    | 1404/2499 [01:57<01:27, 12.53it/s]
Projecting malicious reference:  56%|█████▋    | 1406/2499 [01:57<01:35, 11.46it/s]
Projecting malicious reference:  56%|█████▋    | 1408/2499 [01:57<01:32, 11.84it/s]
Projecting malicious reference:  56%|█████▋    | 1410/2499 [01:57<01:29, 12.17it/s]
Projecting malicious reference:  57%|█████▋    | 1412/2499 [01:58<01:23, 12.96it/s]
Projecting malicious reference:  57%|█████▋    | 1414/2499 [01:58<01:21, 13.33it/s]
Projecting malicious reference:  57%|█████▋    | 1416/2499 [01:58<01:25, 12.61it/s]
Projecting malicious reference:  57%|█████▋    | 1418/2499 [01:58<01:23, 12.94it/s]
Projecting malicious reference:  57%|█████▋    | 1420/2499 [01:58<01:22, 13.05it/s]
Projecting malicious reference:  57%|█████▋    | 1422/2499 [01:58<01:21, 13.23it/s]
Projecting malicious reference:  57%|█████▋    | 1424/2499 [01:58<01:18, 13.61it/s]
Projecting malicious reference:  57%|█████▋    | 1426/2499 [01:59<01:35, 11.28it/s]
Projecting malicious reference:  57%|█████▋    | 1428/2499 [01:59<01:30, 11.86it/s]
Projecting malicious reference:  57%|█████▋    | 1430/2499 [01:59<01:28, 12.12it/s]
Projecting malicious reference:  57%|█████▋    | 1432/2499 [01:59<01:33, 11.44it/s]
Projecting malicious reference:  57%|█████▋    | 1434/2499 [01:59<01:29, 11.87it/s]
Projecting malicious reference:  57%|█████▋    | 1436/2499 [01:59<01:26, 12.24it/s]
Projecting malicious reference:  58%|█████▊    | 1438/2499 [02:00<01:30, 11.71it/s]
Projecting malicious reference:  58%|█████▊    | 1440/2499 [02:00<01:25, 12.36it/s]
Projecting malicious reference:  58%|█████▊    | 1442/2499 [02:00<01:23, 12.70it/s]
Projecting malicious reference:  58%|█████▊    | 1444/2499 [02:00<01:20, 13.13it/s]
Projecting malicious reference:  58%|█████▊    | 1446/2499 [02:00<01:26, 12.12it/s]
Projecting malicious reference:  58%|█████▊    | 1448/2499 [02:00<01:32, 11.39it/s]
Projecting malicious reference:  58%|█████▊    | 1450/2499 [02:01<01:26, 12.11it/s]
Projecting malicious reference:  58%|█████▊    | 1452/2499 [02:01<01:24, 12.45it/s]
Projecting malicious reference:  58%|█████▊    | 1454/2499 [02:01<01:21, 12.82it/s]
Projecting malicious reference:  58%|█████▊    | 1456/2499 [02:01<01:22, 12.63it/s]
Projecting malicious reference:  58%|█████▊    | 1458/2499 [02:01<01:19, 13.07it/s]
Projecting malicious reference:  58%|█████▊    | 1460/2499 [02:01<01:20, 12.96it/s]
Projecting malicious reference:  59%|█████▊    | 1462/2499 [02:02<01:19, 13.12it/s]
Projecting malicious reference:  59%|█████▊    | 1464/2499 [02:02<01:31, 11.31it/s]
Projecting malicious reference:  59%|█████▊    | 1466/2499 [02:02<01:28, 11.66it/s]
Projecting malicious reference:  59%|█████▊    | 1468/2499 [02:02<01:25, 12.02it/s]
Projecting malicious reference:  59%|█████▉    | 1470/2499 [02:02<01:23, 12.27it/s]
Projecting malicious reference:  59%|█████▉    | 1472/2499 [02:02<01:22, 12.47it/s]
Projecting malicious reference:  59%|█████▉    | 1474/2499 [02:03<01:18, 13.09it/s]
Projecting malicious reference:  59%|█████▉    | 1476/2499 [02:03<01:17, 13.18it/s]
Projecting malicious reference:  59%|█████▉    | 1478/2499 [02:03<01:19, 12.89it/s]
Projecting malicious reference:  59%|█████▉    | 1480/2499 [02:03<01:23, 12.24it/s]
Projecting malicious reference:  59%|█████▉    | 1482/2499 [02:03<01:23, 12.19it/s]
Projecting malicious reference:  59%|█████▉    | 1484/2499 [02:03<01:27, 11.66it/s]
Projecting malicious reference:  59%|█████▉    | 1486/2499 [02:04<01:24, 11.96it/s]
Projecting malicious reference:  60%|█████▉    | 1488/2499 [02:04<01:21, 12.45it/s]
Projecting malicious reference:  60%|█████▉    | 1490/2499 [02:04<01:22, 12.19it/s]
Projecting malicious reference:  60%|█████▉    | 1492/2499 [02:04<01:20, 12.54it/s]
Projecting malicious reference:  60%|█████▉    | 1494/2499 [02:04<01:19, 12.62it/s]
Projecting malicious reference:  60%|█████▉    | 1496/2499 [02:04<01:18, 12.72it/s]
Projecting malicious reference:  60%|█████▉    | 1498/2499 [02:04<01:16, 13.01it/s]
Projecting malicious reference:  60%|██████    | 1500/2499 [02:05<01:16, 12.98it/s]
Projecting malicious reference:  60%|██████    | 1502/2499 [02:05<01:16, 13.05it/s]
Projecting malicious reference:  60%|██████    | 1504/2499 [02:05<01:17, 12.83it/s]
Projecting malicious reference:  60%|██████    | 1506/2499 [02:05<01:14, 13.28it/s]
Projecting malicious reference:  60%|██████    | 1508/2499 [02:05<01:15, 13.04it/s]
Projecting malicious reference:  60%|██████    | 1510/2499 [02:05<01:12, 13.57it/s]
Projecting malicious reference:  61%|██████    | 1512/2499 [02:06<01:14, 13.21it/s]
Projecting malicious reference:  61%|██████    | 1514/2499 [02:06<01:19, 12.46it/s]
Projecting malicious reference:  61%|██████    | 1516/2499 [02:06<01:18, 12.46it/s]
Projecting malicious reference:  61%|██████    | 1518/2499 [02:06<01:22, 11.82it/s]
Projecting malicious reference:  61%|██████    | 1520/2499 [02:06<01:25, 11.49it/s]
Projecting malicious reference:  61%|██████    | 1522/2499 [02:06<01:25, 11.42it/s]
Projecting malicious reference:  61%|██████    | 1524/2499 [02:07<01:25, 11.35it/s]
Projecting malicious reference:  61%|██████    | 1526/2499 [02:07<01:22, 11.78it/s]
Projecting malicious reference:  61%|██████    | 1528/2499 [02:07<01:17, 12.45it/s]
Projecting malicious reference:  61%|██████    | 1530/2499 [02:07<01:16, 12.72it/s]
Projecting malicious reference:  61%|██████▏   | 1532/2499 [02:07<01:14, 12.94it/s]
Projecting malicious reference:  61%|██████▏   | 1534/2499 [02:07<01:14, 12.90it/s]
Projecting malicious reference:  61%|██████▏   | 1536/2499 [02:08<01:15, 12.67it/s]
Projecting malicious reference:  62%|██████▏   | 1538/2499 [02:08<01:19, 12.06it/s]
Projecting malicious reference:  62%|██████▏   | 1540/2499 [02:08<01:16, 12.51it/s]
Projecting malicious reference:  62%|██████▏   | 1542/2499 [02:08<01:17, 12.39it/s]
Projecting malicious reference:  62%|██████▏   | 1544/2499 [02:08<01:32, 10.35it/s]
Projecting malicious reference:  62%|██████▏   | 1546/2499 [02:08<01:29, 10.70it/s]
Projecting malicious reference:  62%|██████▏   | 1548/2499 [02:09<01:40,  9.44it/s]
Projecting malicious reference:  62%|██████▏   | 1550/2499 [02:09<01:29, 10.57it/s]
Projecting malicious reference:  62%|██████▏   | 1552/2499 [02:09<01:29, 10.59it/s]
Projecting malicious reference:  62%|██████▏   | 1554/2499 [02:09<01:22, 11.46it/s]
Projecting malicious reference:  62%|██████▏   | 1556/2499 [02:09<01:33, 10.06it/s]
Projecting malicious reference:  62%|██████▏   | 1558/2499 [02:10<01:31, 10.29it/s]
Projecting malicious reference:  62%|██████▏   | 1560/2499 [02:10<01:26, 10.90it/s]
Projecting malicious reference:  63%|██████▎   | 1562/2499 [02:10<01:23, 11.16it/s]
Projecting malicious reference:  63%|██████▎   | 1564/2499 [02:10<01:19, 11.76it/s]
Projecting malicious reference:  63%|██████▎   | 1566/2499 [02:10<01:16, 12.13it/s]
Projecting malicious reference:  63%|██████▎   | 1568/2499 [02:10<01:14, 12.50it/s]
Projecting malicious reference:  63%|██████▎   | 1570/2499 [02:11<01:13, 12.58it/s]
Projecting malicious reference:  63%|██████▎   | 1572/2499 [02:11<01:13, 12.60it/s]
Projecting malicious reference:  63%|██████▎   | 1574/2499 [02:11<01:13, 12.52it/s]
Projecting malicious reference:  63%|██████▎   | 1576/2499 [02:11<01:14, 12.47it/s]
Projecting malicious reference:  63%|██████▎   | 1578/2499 [02:11<01:16, 11.96it/s]
Projecting malicious reference:  63%|██████▎   | 1580/2499 [02:11<01:15, 12.19it/s]
Projecting malicious reference:  63%|██████▎   | 1582/2499 [02:12<01:15, 12.07it/s]
Projecting malicious reference:  63%|██████▎   | 1584/2499 [02:12<01:14, 12.30it/s]
Projecting malicious reference:  63%|██████▎   | 1586/2499 [02:12<01:11, 12.81it/s]
Projecting malicious reference:  64%|██████▎   | 1588/2499 [02:12<01:10, 13.01it/s]
Projecting malicious reference:  64%|██████▎   | 1590/2499 [02:12<01:10, 12.94it/s]
Projecting malicious reference:  64%|██████▎   | 1592/2499 [02:12<01:12, 12.58it/s]
Projecting malicious reference:  64%|██████▍   | 1594/2499 [02:12<01:11, 12.64it/s]
Projecting malicious reference:  64%|██████▍   | 1596/2499 [02:13<01:08, 13.14it/s]
Projecting malicious reference:  64%|██████▍   | 1598/2499 [02:13<01:10, 12.84it/s]
Projecting malicious reference:  64%|██████▍   | 1600/2499 [02:13<01:08, 13.04it/s]
Projecting malicious reference:  64%|██████▍   | 1602/2499 [02:13<01:08, 13.17it/s]
Projecting malicious reference:  64%|██████▍   | 1604/2499 [02:13<01:10, 12.67it/s]
Projecting malicious reference:  64%|██████▍   | 1606/2499 [02:13<01:09, 12.91it/s]
Projecting malicious reference:  64%|██████▍   | 1608/2499 [02:14<01:14, 11.90it/s]
Projecting malicious reference:  64%|██████▍   | 1610/2499 [02:14<01:17, 11.46it/s]
Projecting malicious reference:  65%|██████▍   | 1612/2499 [02:14<01:18, 11.33it/s]
Projecting malicious reference:  65%|██████▍   | 1614/2499 [02:14<01:14, 11.90it/s]
Projecting malicious reference:  65%|██████▍   | 1616/2499 [02:14<01:13, 11.99it/s]
Projecting malicious reference:  65%|██████▍   | 1618/2499 [02:14<01:11, 12.33it/s]
Projecting malicious reference:  65%|██████▍   | 1620/2499 [02:15<01:12, 12.17it/s]
Projecting malicious reference:  65%|██████▍   | 1622/2499 [02:15<01:09, 12.62it/s]
Projecting malicious reference:  65%|██████▍   | 1624/2499 [02:15<01:10, 12.35it/s]
Projecting malicious reference:  65%|██████▌   | 1626/2499 [02:15<01:09, 12.54it/s]
Projecting malicious reference:  65%|██████▌   | 1628/2499 [02:15<01:07, 12.87it/s]
Projecting malicious reference:  65%|██████▌   | 1630/2499 [02:15<01:10, 12.29it/s]
Projecting malicious reference:  65%|██████▌   | 1632/2499 [02:16<01:22, 10.54it/s]
Projecting malicious reference:  65%|██████▌   | 1634/2499 [02:16<01:19, 10.90it/s]
Projecting malicious reference:  65%|██████▌   | 1636/2499 [02:16<01:14, 11.53it/s]
Projecting malicious reference:  66%|██████▌   | 1638/2499 [02:16<01:15, 11.33it/s]
Projecting malicious reference:  66%|██████▌   | 1640/2499 [02:16<01:14, 11.58it/s]
Projecting malicious reference:  66%|██████▌   | 1642/2499 [02:16<01:11, 11.94it/s]
Projecting malicious reference:  66%|██████▌   | 1644/2499 [02:17<01:09, 12.37it/s]
Projecting malicious reference:  66%|██████▌   | 1646/2499 [02:17<01:07, 12.67it/s]
Projecting malicious reference:  66%|██████▌   | 1648/2499 [02:17<01:06, 12.71it/s]
Projecting malicious reference:  66%|██████▌   | 1650/2499 [02:17<01:05, 12.92it/s]
Projecting malicious reference:  66%|██████▌   | 1652/2499 [02:17<01:05, 12.88it/s]
Projecting malicious reference:  66%|██████▌   | 1654/2499 [02:17<01:06, 12.73it/s]
Projecting malicious reference:  66%|██████▋   | 1656/2499 [02:18<01:06, 12.61it/s]
Projecting malicious reference:  66%|██████▋   | 1658/2499 [02:18<01:05, 12.80it/s]
Projecting malicious reference:  66%|██████▋   | 1660/2499 [02:18<01:10, 11.88it/s]
Projecting malicious reference:  67%|██████▋   | 1662/2499 [02:18<01:09, 11.96it/s]
Projecting malicious reference:  67%|██████▋   | 1664/2499 [02:18<01:09, 12.00it/s]
Projecting malicious reference:  67%|██████▋   | 1666/2499 [02:18<01:07, 12.31it/s]
Projecting malicious reference:  67%|██████▋   | 1668/2499 [02:19<01:09, 11.97it/s]
Projecting malicious reference:  67%|██████▋   | 1670/2499 [02:19<01:08, 12.07it/s]
Projecting malicious reference:  67%|██████▋   | 1672/2499 [02:19<01:07, 12.28it/s]
Projecting malicious reference:  67%|██████▋   | 1674/2499 [02:19<01:07, 12.25it/s]
Projecting malicious reference:  67%|██████▋   | 1676/2499 [02:19<01:07, 12.16it/s]
Projecting malicious reference:  67%|██████▋   | 1678/2499 [02:19<01:06, 12.38it/s]
Projecting malicious reference:  67%|██████▋   | 1680/2499 [02:20<01:04, 12.69it/s]
Projecting malicious reference:  67%|██████▋   | 1682/2499 [02:20<01:07, 12.11it/s]
Projecting malicious reference:  67%|██████▋   | 1684/2499 [02:20<01:17, 10.52it/s]
Projecting malicious reference:  67%|██████▋   | 1686/2499 [02:20<01:17, 10.53it/s]
Projecting malicious reference:  68%|██████▊   | 1688/2499 [02:20<01:12, 11.24it/s]
Projecting malicious reference:  68%|██████▊   | 1690/2499 [02:20<01:09, 11.62it/s]
Projecting malicious reference:  68%|██████▊   | 1692/2499 [02:21<01:07, 11.90it/s]
Projecting malicious reference:  68%|██████▊   | 1694/2499 [02:21<01:07, 11.92it/s]
Projecting malicious reference:  68%|██████▊   | 1696/2499 [02:21<01:09, 11.49it/s]
Projecting malicious reference:  68%|██████▊   | 1698/2499 [02:21<01:08, 11.78it/s]
Projecting malicious reference:  68%|██████▊   | 1700/2499 [02:21<01:06, 12.02it/s]
Projecting malicious reference:  68%|██████▊   | 1702/2499 [02:21<01:04, 12.37it/s]
Projecting malicious reference:  68%|██████▊   | 1704/2499 [02:22<01:03, 12.51it/s]
Projecting malicious reference:  68%|██████▊   | 1706/2499 [02:22<01:03, 12.45it/s]
Projecting malicious reference:  68%|██████▊   | 1708/2499 [02:22<01:01, 12.85it/s]
Projecting malicious reference:  68%|██████▊   | 1710/2499 [02:22<01:04, 12.16it/s]
Projecting malicious reference:  69%|██████▊   | 1712/2499 [02:22<01:07, 11.62it/s]
Projecting malicious reference:  69%|██████▊   | 1714/2499 [02:22<01:04, 12.24it/s]
Projecting malicious reference:  69%|██████▊   | 1716/2499 [02:23<01:03, 12.36it/s]
Projecting malicious reference:  69%|██████▊   | 1718/2499 [02:23<01:01, 12.76it/s]
Projecting malicious reference:  69%|██████▉   | 1720/2499 [02:23<00:59, 13.18it/s]
Projecting malicious reference:  69%|██████▉   | 1722/2499 [02:23<01:05, 11.88it/s]
Projecting malicious reference:  69%|██████▉   | 1724/2499 [02:23<01:07, 11.51it/s]
Projecting malicious reference:  69%|██████▉   | 1726/2499 [02:23<01:08, 11.25it/s]
Projecting malicious reference:  69%|██████▉   | 1728/2499 [02:24<01:30,  8.55it/s]
Projecting malicious reference:  69%|██████▉   | 1730/2499 [02:24<01:20,  9.50it/s]
Projecting malicious reference:  69%|██████▉   | 1732/2499 [02:24<01:17,  9.95it/s]
Projecting malicious reference:  69%|██████▉   | 1734/2499 [02:24<01:12, 10.48it/s]
Projecting malicious reference:  69%|██████▉   | 1736/2499 [02:24<01:13, 10.45it/s]
Projecting malicious reference:  70%|██████▉   | 1738/2499 [02:25<01:10, 10.80it/s]
Projecting malicious reference:  70%|██████▉   | 1740/2499 [02:25<01:06, 11.47it/s]
Projecting malicious reference:  70%|██████▉   | 1742/2499 [02:25<01:06, 11.46it/s]
Projecting malicious reference:  70%|██████▉   | 1744/2499 [02:25<01:05, 11.59it/s]
Projecting malicious reference:  70%|██████▉   | 1746/2499 [02:25<01:04, 11.62it/s]
Projecting malicious reference:  70%|██████▉   | 1748/2499 [02:25<01:05, 11.52it/s]
Projecting malicious reference:  70%|███████   | 1750/2499 [02:26<01:02, 11.97it/s]
Projecting malicious reference:  70%|███████   | 1752/2499 [02:26<00:59, 12.53it/s]
Projecting malicious reference:  70%|███████   | 1754/2499 [02:26<00:58, 12.83it/s]
Projecting malicious reference:  70%|███████   | 1756/2499 [02:26<00:58, 12.79it/s]
Projecting malicious reference:  70%|███████   | 1758/2499 [02:26<01:00, 12.19it/s]
Projecting malicious reference:  70%|███████   | 1760/2499 [02:26<01:01, 11.94it/s]
Projecting malicious reference:  71%|███████   | 1762/2499 [02:27<01:02, 11.85it/s]
Projecting malicious reference:  71%|███████   | 1764/2499 [02:27<01:04, 11.40it/s]
Projecting malicious reference:  71%|███████   | 1766/2499 [02:27<01:02, 11.73it/s]
Projecting malicious reference:  71%|███████   | 1768/2499 [02:27<00:58, 12.53it/s]
Projecting malicious reference:  71%|███████   | 1770/2499 [02:27<00:57, 12.72it/s]
Projecting malicious reference:  71%|███████   | 1772/2499 [02:27<01:02, 11.63it/s]
Projecting malicious reference:  71%|███████   | 1774/2499 [02:28<01:00, 12.07it/s]
Projecting malicious reference:  71%|███████   | 1776/2499 [02:28<00:58, 12.40it/s]
Projecting malicious reference:  71%|███████   | 1778/2499 [02:28<00:56, 12.67it/s]
Projecting malicious reference:  71%|███████   | 1780/2499 [02:28<00:59, 12.16it/s]
Projecting malicious reference:  71%|███████▏  | 1782/2499 [02:28<00:59, 12.10it/s]
Projecting malicious reference:  71%|███████▏  | 1784/2499 [02:28<00:58, 12.12it/s]
Projecting malicious reference:  71%|███████▏  | 1786/2499 [02:29<00:57, 12.43it/s]
Projecting malicious reference:  72%|███████▏  | 1788/2499 [02:29<00:56, 12.60it/s]
Projecting malicious reference:  72%|███████▏  | 1790/2499 [02:29<00:55, 12.84it/s]
Projecting malicious reference:  72%|███████▏  | 1792/2499 [02:29<00:54, 13.05it/s]
Projecting malicious reference:  72%|███████▏  | 1794/2499 [02:29<00:52, 13.34it/s]
Projecting malicious reference:  72%|███████▏  | 1796/2499 [02:29<00:54, 12.94it/s]
Projecting malicious reference:  72%|███████▏  | 1798/2499 [02:30<00:57, 12.29it/s]
Projecting malicious reference:  72%|███████▏  | 1800/2499 [02:30<00:56, 12.37it/s]
Projecting malicious reference:  72%|███████▏  | 1802/2499 [02:30<00:56, 12.32it/s]
Projecting malicious reference:  72%|███████▏  | 1804/2499 [02:30<00:54, 12.66it/s]
Projecting malicious reference:  72%|███████▏  | 1806/2499 [02:30<00:57, 12.05it/s]
Projecting malicious reference:  72%|███████▏  | 1808/2499 [02:30<01:00, 11.49it/s]
Projecting malicious reference:  72%|███████▏  | 1810/2499 [02:31<00:57, 11.97it/s]
Projecting malicious reference:  73%|███████▎  | 1812/2499 [02:31<00:55, 12.28it/s]
Projecting malicious reference:  73%|███████▎  | 1814/2499 [02:31<00:56, 12.18it/s]
Projecting malicious reference:  73%|███████▎  | 1816/2499 [02:31<00:55, 12.39it/s]
Projecting malicious reference:  73%|███████▎  | 1818/2499 [02:31<00:53, 12.72it/s]
Projecting malicious reference:  73%|███████▎  | 1820/2499 [02:31<00:52, 12.93it/s]
Projecting malicious reference:  73%|███████▎  | 1822/2499 [02:32<01:02, 10.85it/s]
Projecting malicious reference:  73%|███████▎  | 1824/2499 [02:32<01:01, 10.93it/s]
Projecting malicious reference:  73%|███████▎  | 1826/2499 [02:32<00:59, 11.38it/s]
Projecting malicious reference:  73%|███████▎  | 1828/2499 [02:32<00:56, 11.92it/s]
Projecting malicious reference:  73%|███████▎  | 1830/2499 [02:32<00:54, 12.18it/s]
Projecting malicious reference:  73%|███████▎  | 1832/2499 [02:32<00:54, 12.32it/s]
Projecting malicious reference:  73%|███████▎  | 1834/2499 [02:33<00:54, 12.11it/s]
Projecting malicious reference:  73%|███████▎  | 1836/2499 [02:33<00:54, 12.09it/s]
Projecting malicious reference:  74%|███████▎  | 1838/2499 [02:33<01:07,  9.83it/s]
Projecting malicious reference:  74%|███████▎  | 1840/2499 [02:33<01:03, 10.35it/s]
Projecting malicious reference:  74%|███████▎  | 1842/2499 [02:33<00:59, 11.02it/s]
Projecting malicious reference:  74%|███████▍  | 1844/2499 [02:33<00:58, 11.24it/s]
Projecting malicious reference:  74%|███████▍  | 1846/2499 [02:34<00:54, 12.03it/s]
Projecting malicious reference:  74%|███████▍  | 1848/2499 [02:34<00:52, 12.42it/s]
Projecting malicious reference:  74%|███████▍  | 1850/2499 [02:34<00:49, 12.99it/s]
Projecting malicious reference:  74%|███████▍  | 1852/2499 [02:34<00:50, 12.93it/s]
Projecting malicious reference:  74%|███████▍  | 1854/2499 [02:34<00:52, 12.19it/s]
Projecting malicious reference:  74%|███████▍  | 1856/2499 [02:34<00:50, 12.70it/s]
Projecting malicious reference:  74%|███████▍  | 1858/2499 [02:35<00:50, 12.64it/s]
Projecting malicious reference:  74%|███████▍  | 1860/2499 [02:35<00:49, 12.79it/s]
Projecting malicious reference:  75%|███████▍  | 1862/2499 [02:35<00:59, 10.63it/s]
Projecting malicious reference:  75%|███████▍  | 1864/2499 [02:35<00:55, 11.36it/s]
Projecting malicious reference:  75%|███████▍  | 1866/2499 [02:35<00:53, 11.91it/s]
Projecting malicious reference:  75%|███████▍  | 1868/2499 [02:35<00:54, 11.68it/s]
Projecting malicious reference:  75%|███████▍  | 1870/2499 [02:36<00:51, 12.29it/s]
Projecting malicious reference:  75%|███████▍  | 1872/2499 [02:36<00:49, 12.55it/s]
Projecting malicious reference:  75%|███████▍  | 1874/2499 [02:36<00:50, 12.26it/s]
Projecting malicious reference:  75%|███████▌  | 1876/2499 [02:36<00:51, 12.02it/s]
Projecting malicious reference:  75%|███████▌  | 1878/2499 [02:36<00:49, 12.44it/s]
Projecting malicious reference:  75%|███████▌  | 1880/2499 [02:36<00:47, 12.92it/s]
Projecting malicious reference:  75%|███████▌  | 1882/2499 [02:36<00:47, 13.05it/s]
Projecting malicious reference:  75%|███████▌  | 1884/2499 [02:37<00:48, 12.74it/s]
Projecting malicious reference:  75%|███████▌  | 1886/2499 [02:37<00:49, 12.47it/s]
Projecting malicious reference:  76%|███████▌  | 1888/2499 [02:37<00:47, 12.99it/s]
Projecting malicious reference:  76%|███████▌  | 1890/2499 [02:37<00:51, 11.82it/s]
Projecting malicious reference:  76%|███████▌  | 1892/2499 [02:37<00:50, 12.13it/s]
Projecting malicious reference:  76%|███████▌  | 1894/2499 [02:38<00:50, 11.91it/s]
Projecting malicious reference:  76%|███████▌  | 1896/2499 [02:38<00:49, 12.13it/s]
Projecting malicious reference:  76%|███████▌  | 1898/2499 [02:38<00:48, 12.48it/s]
Projecting malicious reference:  76%|███████▌  | 1900/2499 [02:38<00:47, 12.61it/s]
Projecting malicious reference:  76%|███████▌  | 1902/2499 [02:38<00:45, 13.00it/s]
Projecting malicious reference:  76%|███████▌  | 1904/2499 [02:38<00:48, 12.24it/s]
Projecting malicious reference:  76%|███████▋  | 1906/2499 [02:38<00:49, 12.02it/s]
Projecting malicious reference:  76%|███████▋  | 1908/2499 [02:39<00:49, 12.05it/s]
Projecting malicious reference:  76%|███████▋  | 1910/2499 [02:39<00:48, 12.12it/s]
Projecting malicious reference:  77%|███████▋  | 1912/2499 [02:39<00:50, 11.71it/s]
Projecting malicious reference:  77%|███████▋  | 1914/2499 [02:39<00:52, 11.20it/s]
Projecting malicious reference:  77%|███████▋  | 1916/2499 [02:39<00:48, 12.00it/s]
Projecting malicious reference:  77%|███████▋  | 1918/2499 [02:39<00:47, 12.14it/s]
Projecting malicious reference:  77%|███████▋  | 1920/2499 [02:40<00:46, 12.54it/s]
Projecting malicious reference:  77%|███████▋  | 1922/2499 [02:40<00:45, 12.80it/s]
Projecting malicious reference:  77%|███████▋  | 1924/2499 [02:40<00:44, 12.91it/s]
Projecting malicious reference:  77%|███████▋  | 1926/2499 [02:40<00:43, 13.10it/s]
Projecting malicious reference:  77%|███████▋  | 1928/2499 [02:40<00:43, 13.17it/s]
Projecting malicious reference:  77%|███████▋  | 1930/2499 [02:40<00:42, 13.52it/s]
Projecting malicious reference:  77%|███████▋  | 1932/2499 [02:41<00:41, 13.59it/s]
Projecting malicious reference:  77%|███████▋  | 1934/2499 [02:41<00:42, 13.41it/s]
Projecting malicious reference:  77%|███████▋  | 1936/2499 [02:41<00:41, 13.54it/s]
Projecting malicious reference:  78%|███████▊  | 1938/2499 [02:41<00:46, 12.16it/s]
Projecting malicious reference:  78%|███████▊  | 1940/2499 [02:41<00:47, 11.76it/s]
Projecting malicious reference:  78%|███████▊  | 1942/2499 [02:41<00:49, 11.21it/s]
Projecting malicious reference:  78%|███████▊  | 1944/2499 [02:42<00:49, 11.27it/s]
Projecting malicious reference:  78%|███████▊  | 1946/2499 [02:42<00:47, 11.74it/s]
Projecting malicious reference:  78%|███████▊  | 1948/2499 [02:42<00:43, 12.54it/s]
Projecting malicious reference:  78%|███████▊  | 1950/2499 [02:42<00:42, 12.92it/s]
Projecting malicious reference:  78%|███████▊  | 1952/2499 [02:42<00:42, 13.02it/s]
Projecting malicious reference:  78%|███████▊  | 1954/2499 [02:42<00:41, 13.18it/s]
Projecting malicious reference:  78%|███████▊  | 1956/2499 [02:43<00:46, 11.78it/s]
Projecting malicious reference:  78%|███████▊  | 1958/2499 [02:43<00:45, 11.79it/s]
Projecting malicious reference:  78%|███████▊  | 1960/2499 [02:43<00:46, 11.52it/s]
Projecting malicious reference:  79%|███████▊  | 1962/2499 [02:43<00:44, 12.00it/s]
Projecting malicious reference:  79%|███████▊  | 1964/2499 [02:43<00:44, 12.03it/s]
Projecting malicious reference:  79%|███████▊  | 1966/2499 [02:43<00:43, 12.37it/s]
Projecting malicious reference:  79%|███████▉  | 1968/2499 [02:43<00:42, 12.55it/s]
Projecting malicious reference:  79%|███████▉  | 1970/2499 [02:44<00:41, 12.79it/s]
Projecting malicious reference:  79%|███████▉  | 1972/2499 [02:44<00:41, 12.82it/s]
Projecting malicious reference:  79%|███████▉  | 1974/2499 [02:44<00:42, 12.44it/s]
Projecting malicious reference:  79%|███████▉  | 1976/2499 [02:44<00:41, 12.54it/s]
Projecting malicious reference:  79%|███████▉  | 1978/2499 [02:44<00:39, 13.05it/s]
Projecting malicious reference:  79%|███████▉  | 1980/2499 [02:44<00:38, 13.47it/s]
Projecting malicious reference:  79%|███████▉  | 1982/2499 [02:45<00:37, 13.71it/s]
Projecting malicious reference:  79%|███████▉  | 1984/2499 [02:45<00:40, 12.71it/s]
Projecting malicious reference:  79%|███████▉  | 1986/2499 [02:45<00:41, 12.22it/s]
Projecting malicious reference:  80%|███████▉  | 1988/2499 [02:45<00:40, 12.49it/s]
Projecting malicious reference:  80%|███████▉  | 1990/2499 [02:45<00:39, 12.90it/s]
Projecting malicious reference:  80%|███████▉  | 1992/2499 [02:45<00:39, 12.79it/s]
Projecting malicious reference:  80%|███████▉  | 1994/2499 [02:46<00:42, 11.83it/s]
Projecting malicious reference:  80%|███████▉  | 1996/2499 [02:46<00:49, 10.08it/s]
Projecting malicious reference:  80%|███████▉  | 1998/2499 [02:46<00:45, 10.93it/s]
Projecting malicious reference:  80%|████████  | 2000/2499 [02:46<00:44, 11.12it/s]
Projecting malicious reference:  80%|████████  | 2002/2499 [02:46<00:43, 11.46it/s]
Projecting malicious reference:  80%|████████  | 2004/2499 [02:46<00:42, 11.74it/s]
Projecting malicious reference:  80%|████████  | 2006/2499 [02:47<00:42, 11.51it/s]
Projecting malicious reference:  80%|████████  | 2008/2499 [02:47<00:41, 11.88it/s]
Projecting malicious reference:  80%|████████  | 2010/2499 [02:47<00:46, 10.41it/s]
Projecting malicious reference:  81%|████████  | 2012/2499 [02:47<00:47, 10.30it/s]
Projecting malicious reference:  81%|████████  | 2014/2499 [02:47<00:46, 10.51it/s]
Projecting malicious reference:  81%|████████  | 2016/2499 [02:48<00:43, 11.11it/s]
Projecting malicious reference:  81%|████████  | 2018/2499 [02:48<00:40, 11.91it/s]
Projecting malicious reference:  81%|████████  | 2020/2499 [02:48<00:41, 11.61it/s]
Projecting malicious reference:  81%|████████  | 2022/2499 [02:48<00:38, 12.35it/s]
Projecting malicious reference:  81%|████████  | 2024/2499 [02:48<00:37, 12.68it/s]
Projecting malicious reference:  81%|████████  | 2026/2499 [02:48<00:37, 12.71it/s]
Projecting malicious reference:  81%|████████  | 2028/2499 [02:49<00:37, 12.48it/s]
Projecting malicious reference:  81%|████████  | 2030/2499 [02:49<00:38, 12.20it/s]
Projecting malicious reference:  81%|████████▏ | 2032/2499 [02:49<00:37, 12.36it/s]
Projecting malicious reference:  81%|████████▏ | 2034/2499 [02:49<00:38, 12.14it/s]
Projecting malicious reference:  81%|████████▏ | 2036/2499 [02:49<00:39, 11.59it/s]
Projecting malicious reference:  82%|████████▏ | 2038/2499 [02:49<00:37, 12.30it/s]
Projecting malicious reference:  82%|████████▏ | 2040/2499 [02:50<00:38, 12.04it/s]
Projecting malicious reference:  82%|████████▏ | 2042/2499 [02:50<00:49,  9.19it/s]
Projecting malicious reference:  82%|████████▏ | 2044/2499 [02:50<00:44, 10.14it/s]
Projecting malicious reference:  82%|████████▏ | 2046/2499 [02:50<00:43, 10.42it/s]
Projecting malicious reference:  82%|████████▏ | 2048/2499 [02:50<00:40, 11.13it/s]
Projecting malicious reference:  82%|████████▏ | 2050/2499 [02:50<00:37, 11.97it/s]
Projecting malicious reference:  82%|████████▏ | 2052/2499 [02:51<00:36, 12.25it/s]
Projecting malicious reference:  82%|████████▏ | 2054/2499 [02:51<00:35, 12.55it/s]
Projecting malicious reference:  82%|████████▏ | 2056/2499 [02:51<00:34, 13.01it/s]
Projecting malicious reference:  82%|████████▏ | 2058/2499 [02:51<00:33, 13.08it/s]
Projecting malicious reference:  82%|████████▏ | 2060/2499 [02:51<00:33, 12.95it/s]
Projecting malicious reference:  83%|████████▎ | 2062/2499 [02:51<00:32, 13.25it/s]
Projecting malicious reference:  83%|████████▎ | 2064/2499 [02:52<00:33, 12.85it/s]
Projecting malicious reference:  83%|████████▎ | 2066/2499 [02:52<00:35, 12.28it/s]
Projecting malicious reference:  83%|████████▎ | 2068/2499 [02:52<00:35, 12.04it/s]
Projecting malicious reference:  83%|████████▎ | 2070/2499 [02:52<00:37, 11.31it/s]
Projecting malicious reference:  83%|████████▎ | 2072/2499 [02:52<00:36, 11.63it/s]
Projecting malicious reference:  83%|████████▎ | 2074/2499 [02:52<00:36, 11.70it/s]
Projecting malicious reference:  83%|████████▎ | 2076/2499 [02:53<00:35, 12.07it/s]
Projecting malicious reference:  83%|████████▎ | 2078/2499 [02:53<00:33, 12.46it/s]
Projecting malicious reference:  83%|████████▎ | 2080/2499 [02:53<00:33, 12.55it/s]
Projecting malicious reference:  83%|████████▎ | 2082/2499 [02:53<00:33, 12.42it/s]
Projecting malicious reference:  83%|████████▎ | 2084/2499 [02:53<00:39, 10.38it/s]
Projecting malicious reference:  83%|████████▎ | 2086/2499 [02:53<00:36, 11.22it/s]
Projecting malicious reference:  84%|████████▎ | 2088/2499 [02:54<00:35, 11.53it/s]
Projecting malicious reference:  84%|████████▎ | 2090/2499 [02:54<00:35, 11.68it/s]
Projecting malicious reference:  84%|████████▎ | 2092/2499 [02:54<00:33, 12.14it/s]
Projecting malicious reference:  84%|████████▍ | 2094/2499 [02:54<00:38, 10.47it/s]
Projecting malicious reference:  84%|████████▍ | 2096/2499 [02:54<00:38, 10.36it/s]
Projecting malicious reference:  84%|████████▍ | 2098/2499 [02:55<00:36, 11.12it/s]
Projecting malicious reference:  84%|████████▍ | 2100/2499 [02:55<00:33, 11.90it/s]
Projecting malicious reference:  84%|████████▍ | 2102/2499 [02:55<00:38, 10.20it/s]
Projecting malicious reference:  84%|████████▍ | 2104/2499 [02:55<00:36, 10.95it/s]
Projecting malicious reference:  84%|████████▍ | 2106/2499 [02:55<00:36, 10.83it/s]
Projecting malicious reference:  84%|████████▍ | 2108/2499 [02:55<00:34, 11.34it/s]
Projecting malicious reference:  84%|████████▍ | 2110/2499 [02:56<00:31, 12.19it/s]
Projecting malicious reference:  85%|████████▍ | 2112/2499 [02:56<00:30, 12.62it/s]
Projecting malicious reference:  85%|████████▍ | 2114/2499 [02:56<00:29, 13.05it/s]
Projecting malicious reference:  85%|████████▍ | 2116/2499 [02:56<00:32, 11.97it/s]
Projecting malicious reference:  85%|████████▍ | 2118/2499 [02:56<00:31, 11.92it/s]
Projecting malicious reference:  85%|████████▍ | 2120/2499 [02:56<00:32, 11.80it/s]
Projecting malicious reference:  85%|████████▍ | 2122/2499 [02:57<00:31, 11.91it/s]
Projecting malicious reference:  85%|████████▍ | 2124/2499 [02:57<00:30, 12.17it/s]
Projecting malicious reference:  85%|████████▌ | 2126/2499 [02:57<00:30, 12.40it/s]
Projecting malicious reference:  85%|████████▌ | 2128/2499 [02:57<00:29, 12.64it/s]
Projecting malicious reference:  85%|████████▌ | 2130/2499 [02:57<00:29, 12.69it/s]
Projecting malicious reference:  85%|████████▌ | 2132/2499 [02:57<00:28, 12.95it/s]
Projecting malicious reference:  85%|████████▌ | 2134/2499 [02:57<00:28, 13.03it/s]
Projecting malicious reference:  85%|████████▌ | 2136/2499 [02:58<00:27, 12.97it/s]
Projecting malicious reference:  86%|████████▌ | 2138/2499 [02:58<00:28, 12.84it/s]
Projecting malicious reference:  86%|████████▌ | 2140/2499 [02:58<00:28, 12.70it/s]
Projecting malicious reference:  86%|████████▌ | 2142/2499 [02:58<00:28, 12.57it/s]
Projecting malicious reference:  86%|████████▌ | 2144/2499 [02:58<00:30, 11.50it/s]
Projecting malicious reference:  86%|████████▌ | 2146/2499 [02:59<00:36,  9.73it/s]
Projecting malicious reference:  86%|████████▌ | 2148/2499 [02:59<00:32, 10.67it/s]
Projecting malicious reference:  86%|████████▌ | 2150/2499 [02:59<00:30, 11.55it/s]
Projecting malicious reference:  86%|████████▌ | 2152/2499 [02:59<00:28, 12.08it/s]
Projecting malicious reference:  86%|████████▌ | 2154/2499 [02:59<00:27, 12.44it/s]
Projecting malicious reference:  86%|████████▋ | 2156/2499 [02:59<00:29, 11.51it/s]
Projecting malicious reference:  86%|████████▋ | 2158/2499 [03:00<00:28, 12.15it/s]
Projecting malicious reference:  86%|████████▋ | 2160/2499 [03:00<00:27, 12.53it/s]
Projecting malicious reference:  87%|████████▋ | 2162/2499 [03:00<00:26, 12.58it/s]
Projecting malicious reference:  87%|████████▋ | 2164/2499 [03:00<00:26, 12.73it/s]
Projecting malicious reference:  87%|████████▋ | 2166/2499 [03:00<00:26, 12.65it/s]
Projecting malicious reference:  87%|████████▋ | 2168/2499 [03:00<00:26, 12.28it/s]
Projecting malicious reference:  87%|████████▋ | 2170/2499 [03:00<00:26, 12.62it/s]
Projecting malicious reference:  87%|████████▋ | 2172/2499 [03:01<00:25, 12.79it/s]
Projecting malicious reference:  87%|████████▋ | 2174/2499 [03:01<00:26, 12.45it/s]
Projecting malicious reference:  87%|████████▋ | 2176/2499 [03:01<00:26, 11.97it/s]
Projecting malicious reference:  87%|████████▋ | 2178/2499 [03:01<00:26, 12.34it/s]
Projecting malicious reference:  87%|████████▋ | 2180/2499 [03:01<00:25, 12.52it/s]
Projecting malicious reference:  87%|████████▋ | 2182/2499 [03:02<00:30, 10.56it/s]
Projecting malicious reference:  87%|████████▋ | 2184/2499 [03:02<00:34,  9.20it/s]
Projecting malicious reference:  87%|████████▋ | 2186/2499 [03:02<00:31,  9.81it/s]
Projecting malicious reference:  88%|████████▊ | 2188/2499 [03:02<00:31,  9.78it/s]
Projecting malicious reference:  88%|████████▊ | 2190/2499 [03:02<00:33,  9.26it/s]
Projecting malicious reference:  88%|████████▊ | 2191/2499 [03:03<00:34,  9.00it/s]
Projecting malicious reference:  88%|████████▊ | 2193/2499 [03:03<00:29, 10.32it/s]
Projecting malicious reference:  88%|████████▊ | 2195/2499 [03:03<00:30, 10.00it/s]
Projecting malicious reference:  88%|████████▊ | 2197/2499 [03:03<00:27, 10.87it/s]
Projecting malicious reference:  88%|████████▊ | 2199/2499 [03:03<00:25, 11.97it/s]
Projecting malicious reference:  88%|████████▊ | 2201/2499 [03:03<00:24, 12.05it/s]
Projecting malicious reference:  88%|████████▊ | 2203/2499 [03:04<00:23, 12.60it/s]
Projecting malicious reference:  88%|████████▊ | 2205/2499 [03:04<00:23, 12.53it/s]
Projecting malicious reference:  88%|████████▊ | 2207/2499 [03:04<00:22, 12.80it/s]
Projecting malicious reference:  88%|████████▊ | 2209/2499 [03:04<00:22, 12.95it/s]
Projecting malicious reference:  88%|████████▊ | 2211/2499 [03:04<00:22, 12.96it/s]
Projecting malicious reference:  89%|████████▊ | 2213/2499 [03:04<00:23, 12.37it/s]
Projecting malicious reference:  89%|████████▊ | 2215/2499 [03:04<00:23, 12.07it/s]
Projecting malicious reference:  89%|████████▊ | 2217/2499 [03:05<00:23, 12.06it/s]
Projecting malicious reference:  89%|████████▉ | 2219/2499 [03:05<00:22, 12.39it/s]
Projecting malicious reference:  89%|████████▉ | 2221/2499 [03:05<00:21, 12.64it/s]
Projecting malicious reference:  89%|████████▉ | 2223/2499 [03:05<00:21, 12.83it/s]
Projecting malicious reference:  89%|████████▉ | 2225/2499 [03:05<00:25, 10.96it/s]
Projecting malicious reference:  89%|████████▉ | 2227/2499 [03:05<00:23, 11.72it/s]
Projecting malicious reference:  89%|████████▉ | 2229/2499 [03:06<00:23, 11.59it/s]
Projecting malicious reference:  89%|████████▉ | 2231/2499 [03:06<00:22, 11.76it/s]
Projecting malicious reference:  89%|████████▉ | 2233/2499 [03:06<00:21, 12.19it/s]
Projecting malicious reference:  89%|████████▉ | 2235/2499 [03:06<00:22, 11.85it/s]
Projecting malicious reference:  90%|████████▉ | 2237/2499 [03:06<00:21, 12.08it/s]
Projecting malicious reference:  90%|████████▉ | 2239/2499 [03:06<00:22, 11.68it/s]
Projecting malicious reference:  90%|████████▉ | 2241/2499 [03:07<00:21, 11.73it/s]
Projecting malicious reference:  90%|████████▉ | 2243/2499 [03:07<00:21, 12.14it/s]
Projecting malicious reference:  90%|████████▉ | 2245/2499 [03:07<00:21, 12.03it/s]
Projecting malicious reference:  90%|████████▉ | 2247/2499 [03:07<00:22, 11.38it/s]
Projecting malicious reference:  90%|████████▉ | 2249/2499 [03:07<00:22, 10.95it/s]
Projecting malicious reference:  90%|█████████ | 2251/2499 [03:08<00:28,  8.72it/s]
Projecting malicious reference:  90%|█████████ | 2253/2499 [03:08<00:25,  9.76it/s]
Projecting malicious reference:  90%|█████████ | 2255/2499 [03:08<00:22, 10.64it/s]
Projecting malicious reference:  90%|█████████ | 2257/2499 [03:08<00:21, 11.31it/s]
Projecting malicious reference:  90%|█████████ | 2259/2499 [03:08<00:20, 11.99it/s]
Projecting malicious reference:  90%|█████████ | 2261/2499 [03:08<00:20, 11.72it/s]
Projecting malicious reference:  91%|█████████ | 2263/2499 [03:09<00:19, 11.94it/s]
Projecting malicious reference:  91%|█████████ | 2265/2499 [03:09<00:19, 12.17it/s]
Projecting malicious reference:  91%|█████████ | 2267/2499 [03:09<00:19, 11.99it/s]
Projecting malicious reference:  91%|█████████ | 2269/2499 [03:09<00:20, 11.46it/s]
Projecting malicious reference:  91%|█████████ | 2271/2499 [03:09<00:19, 11.89it/s]
Projecting malicious reference:  91%|█████████ | 2273/2499 [03:09<00:18, 12.28it/s]
Projecting malicious reference:  91%|█████████ | 2275/2499 [03:10<00:19, 11.72it/s]
Projecting malicious reference:  91%|█████████ | 2277/2499 [03:10<00:18, 11.70it/s]
Projecting malicious reference:  91%|█████████ | 2279/2499 [03:10<00:18, 11.98it/s]
Projecting malicious reference:  91%|█████████▏| 2281/2499 [03:10<00:18, 11.69it/s]
Projecting malicious reference:  91%|█████████▏| 2283/2499 [03:10<00:18, 11.65it/s]
Projecting malicious reference:  91%|█████████▏| 2285/2499 [03:10<00:17, 12.07it/s]
Projecting malicious reference:  92%|█████████▏| 2287/2499 [03:11<00:17, 12.29it/s]
Projecting malicious reference:  92%|█████████▏| 2289/2499 [03:11<00:17, 12.31it/s]
Projecting malicious reference:  92%|█████████▏| 2291/2499 [03:11<00:17, 11.98it/s]
Projecting malicious reference:  92%|█████████▏| 2293/2499 [03:11<00:18, 11.02it/s]
Projecting malicious reference:  92%|█████████▏| 2295/2499 [03:11<00:18, 11.31it/s]
Projecting malicious reference:  92%|█████████▏| 2297/2499 [03:12<00:17, 11.73it/s]
Projecting malicious reference:  92%|█████████▏| 2299/2499 [03:12<00:16, 11.82it/s]
Projecting malicious reference:  92%|█████████▏| 2301/2499 [03:12<00:16, 12.01it/s]
Projecting malicious reference:  92%|█████████▏| 2303/2499 [03:12<00:15, 12.57it/s]
Projecting malicious reference:  92%|█████████▏| 2305/2499 [03:12<00:15, 12.82it/s]
Projecting malicious reference:  92%|█████████▏| 2307/2499 [03:12<00:14, 12.97it/s]
Projecting malicious reference:  92%|█████████▏| 2309/2499 [03:12<00:15, 12.38it/s]
Projecting malicious reference:  92%|█████████▏| 2311/2499 [03:13<00:15, 11.88it/s]
Projecting malicious reference:  93%|█████████▎| 2313/2499 [03:13<00:15, 12.03it/s]
Projecting malicious reference:  93%|█████████▎| 2315/2499 [03:13<00:14, 12.37it/s]
Projecting malicious reference:  93%|█████████▎| 2317/2499 [03:13<00:14, 12.87it/s]
Projecting malicious reference:  93%|█████████▎| 2319/2499 [03:13<00:13, 13.57it/s]
Projecting malicious reference:  93%|█████████▎| 2321/2499 [03:13<00:13, 13.32it/s]
Projecting malicious reference:  93%|█████████▎| 2323/2499 [03:14<00:13, 12.64it/s]
Projecting malicious reference:  93%|█████████▎| 2325/2499 [03:14<00:14, 12.11it/s]
Projecting malicious reference:  93%|█████████▎| 2327/2499 [03:14<00:14, 12.17it/s]
Projecting malicious reference:  93%|█████████▎| 2329/2499 [03:14<00:14, 11.86it/s]
Projecting malicious reference:  93%|█████████▎| 2331/2499 [03:14<00:13, 12.17it/s]
Projecting malicious reference:  93%|█████████▎| 2333/2499 [03:14<00:13, 12.14it/s]
Projecting malicious reference:  93%|█████████▎| 2335/2499 [03:15<00:12, 12.86it/s]
Projecting malicious reference:  94%|█████████▎| 2337/2499 [03:15<00:12, 12.71it/s]
Projecting malicious reference:  94%|█████████▎| 2339/2499 [03:15<00:12, 12.38it/s]
Projecting malicious reference:  94%|█████████▎| 2341/2499 [03:15<00:13, 11.72it/s]
Projecting malicious reference:  94%|█████████▍| 2343/2499 [03:15<00:12, 12.22it/s]
Projecting malicious reference:  94%|█████████▍| 2345/2499 [03:15<00:12, 12.41it/s]
Projecting malicious reference:  94%|█████████▍| 2347/2499 [03:16<00:12, 12.26it/s]
Projecting malicious reference:  94%|█████████▍| 2349/2499 [03:16<00:12, 12.25it/s]
Projecting malicious reference:  94%|█████████▍| 2351/2499 [03:16<00:11, 12.53it/s]
Projecting malicious reference:  94%|█████████▍| 2353/2499 [03:16<00:11, 12.48it/s]
Projecting malicious reference:  94%|█████████▍| 2355/2499 [03:16<00:11, 12.59it/s]
Projecting malicious reference:  94%|█████████▍| 2357/2499 [03:16<00:11, 12.88it/s]
Projecting malicious reference:  94%|█████████▍| 2359/2499 [03:16<00:11, 12.47it/s]
Projecting malicious reference:  94%|█████████▍| 2361/2499 [03:17<00:11, 12.05it/s]
Projecting malicious reference:  95%|█████████▍| 2363/2499 [03:17<00:12, 10.92it/s]
Projecting malicious reference:  95%|█████████▍| 2365/2499 [03:17<00:12, 10.73it/s]
Projecting malicious reference:  95%|█████████▍| 2367/2499 [03:17<00:11, 11.40it/s]
Projecting malicious reference:  95%|█████████▍| 2369/2499 [03:17<00:10, 12.07it/s]
Projecting malicious reference:  95%|█████████▍| 2371/2499 [03:18<00:10, 12.46it/s]
Projecting malicious reference:  95%|█████████▍| 2373/2499 [03:18<00:11, 10.54it/s]
Projecting malicious reference:  95%|█████████▌| 2375/2499 [03:18<00:10, 11.36it/s]
Projecting malicious reference:  95%|█████████▌| 2377/2499 [03:18<00:10, 11.93it/s]
Projecting malicious reference:  95%|█████████▌| 2379/2499 [03:18<00:09, 12.10it/s]
Projecting malicious reference:  95%|█████████▌| 2381/2499 [03:18<00:09, 12.34it/s]
Projecting malicious reference:  95%|█████████▌| 2383/2499 [03:19<00:09, 12.56it/s]
Projecting malicious reference:  95%|█████████▌| 2385/2499 [03:19<00:11,  9.99it/s]
Projecting malicious reference:  96%|█████████▌| 2387/2499 [03:19<00:11, 10.02it/s]
Projecting malicious reference:  96%|█████████▌| 2389/2499 [03:19<00:10, 10.83it/s]
Projecting malicious reference:  96%|█████████▌| 2391/2499 [03:19<00:09, 11.53it/s]
Projecting malicious reference:  96%|█████████▌| 2393/2499 [03:20<00:10, 10.15it/s]
Projecting malicious reference:  96%|█████████▌| 2395/2499 [03:20<00:09, 11.02it/s]
Projecting malicious reference:  96%|█████████▌| 2397/2499 [03:20<00:08, 11.75it/s]
Projecting malicious reference:  96%|█████████▌| 2399/2499 [03:20<00:08, 12.03it/s]
Projecting malicious reference:  96%|█████████▌| 2401/2499 [03:20<00:08, 12.25it/s]
Projecting malicious reference:  96%|█████████▌| 2403/2499 [03:20<00:08, 11.89it/s]
Projecting malicious reference:  96%|█████████▌| 2405/2499 [03:21<00:07, 12.11it/s]
Projecting malicious reference:  96%|█████████▋| 2407/2499 [03:21<00:07, 12.31it/s]
Projecting malicious reference:  96%|█████████▋| 2409/2499 [03:21<00:07, 11.38it/s]
Projecting malicious reference:  96%|█████████▋| 2411/2499 [03:21<00:07, 11.49it/s]
Projecting malicious reference:  97%|█████████▋| 2413/2499 [03:21<00:06, 12.33it/s]
Projecting malicious reference:  97%|█████████▋| 2415/2499 [03:21<00:06, 12.47it/s]
Projecting malicious reference:  97%|█████████▋| 2417/2499 [03:22<00:06, 12.00it/s]
Projecting malicious reference:  97%|█████████▋| 2419/2499 [03:22<00:06, 12.02it/s]
Projecting malicious reference:  97%|█████████▋| 2421/2499 [03:22<00:06, 12.55it/s]
Projecting malicious reference:  97%|█████████▋| 2423/2499 [03:22<00:05, 13.35it/s]
Projecting malicious reference:  97%|█████████▋| 2425/2499 [03:22<00:05, 13.13it/s]
Projecting malicious reference:  97%|█████████▋| 2427/2499 [03:22<00:06, 11.92it/s]
Projecting malicious reference:  97%|█████████▋| 2429/2499 [03:22<00:05, 12.51it/s]
Projecting malicious reference:  97%|█████████▋| 2431/2499 [03:23<00:05, 12.78it/s]
Projecting malicious reference:  97%|█████████▋| 2433/2499 [03:23<00:05, 12.70it/s]
Projecting malicious reference:  97%|█████████▋| 2435/2499 [03:23<00:05, 10.94it/s]
Projecting malicious reference:  98%|█████████▊| 2437/2499 [03:23<00:05, 11.42it/s]
Projecting malicious reference:  98%|█████████▊| 2439/2499 [03:23<00:05, 11.69it/s]
Projecting malicious reference:  98%|█████████▊| 2441/2499 [03:24<00:04, 12.08it/s]
Projecting malicious reference:  98%|█████████▊| 2443/2499 [03:24<00:04, 12.30it/s]
Projecting malicious reference:  98%|█████████▊| 2445/2499 [03:24<00:05, 10.63it/s]
Projecting malicious reference:  98%|█████████▊| 2447/2499 [03:24<00:04, 11.20it/s]
Projecting malicious reference:  98%|█████████▊| 2449/2499 [03:24<00:04, 10.86it/s]
Projecting malicious reference:  98%|█████████▊| 2451/2499 [03:24<00:04, 10.89it/s]
Projecting malicious reference:  98%|█████████▊| 2453/2499 [03:25<00:03, 11.56it/s]
Projecting malicious reference:  98%|█████████▊| 2455/2499 [03:25<00:03, 11.72it/s]
Projecting malicious reference:  98%|█████████▊| 2457/2499 [03:25<00:04, 10.32it/s]
Projecting malicious reference:  98%|█████████▊| 2459/2499 [03:25<00:04,  9.62it/s]
Projecting malicious reference:  98%|█████████▊| 2461/2499 [03:25<00:03, 10.29it/s]
Projecting malicious reference:  99%|█████████▊| 2463/2499 [03:26<00:03, 10.30it/s]
Projecting malicious reference:  99%|█████████▊| 2465/2499 [03:26<00:03, 11.14it/s]
Projecting malicious reference:  99%|█████████▊| 2467/2499 [03:26<00:02, 11.31it/s]
Projecting malicious reference:  99%|█████████▉| 2469/2499 [03:26<00:02, 12.03it/s]
Projecting malicious reference:  99%|█████████▉| 2471/2499 [03:26<00:02, 11.48it/s]
Projecting malicious reference:  99%|█████████▉| 2473/2499 [03:26<00:02, 12.23it/s]
Projecting malicious reference:  99%|█████████▉| 2475/2499 [03:27<00:02, 11.82it/s]
Projecting malicious reference:  99%|█████████▉| 2477/2499 [03:27<00:01, 11.55it/s]
Projecting malicious reference:  99%|█████████▉| 2479/2499 [03:27<00:01, 11.75it/s]
Projecting malicious reference:  99%|█████████▉| 2481/2499 [03:27<00:01, 12.23it/s]
Projecting malicious reference:  99%|█████████▉| 2483/2499 [03:27<00:01, 12.26it/s]
Projecting malicious reference:  99%|█████████▉| 2485/2499 [03:27<00:01, 11.93it/s]
Projecting malicious reference: 100%|█████████▉| 2487/2499 [03:28<00:00, 12.23it/s]
Projecting malicious reference: 100%|█████████▉| 2489/2499 [03:28<00:00, 12.25it/s]
Projecting malicious reference: 100%|█████████▉| 2491/2499 [03:28<00:00, 12.33it/s]
Projecting malicious reference: 100%|█████████▉| 2493/2499 [03:28<00:00, 11.80it/s]
Projecting malicious reference: 100%|█████████▉| 2495/2499 [03:28<00:00, 11.74it/s]
Projecting malicious reference: 100%|█████████▉| 2497/2499 [03:28<00:00, 12.20it/s]
Projecting malicious reference: 100%|██████████| 2499/2499 [03:29<00:00, 12.21it/s]
Projecting malicious reference: 100%|██████████| 2499/2499 [03:29<00:00, 11.95it/s]

Projecting layer-selection jailbreaks:   0%|          | 0/351 [00:00<?, ?it/s]
Projecting layer-selection jailbreaks:   0%|          | 1/351 [00:00<02:10,  2.68it/s]
Projecting layer-selection jailbreaks:   1%|          | 2/351 [00:00<01:34,  3.68it/s]
Projecting layer-selection jailbreaks:   1%|          | 3/351 [00:00<01:44,  3.34it/s]
Projecting layer-selection jailbreaks:   1%|          | 4/351 [00:01<01:53,  3.06it/s]
Projecting layer-selection jailbreaks:   1%|▏         | 5/351 [00:01<01:59,  2.90it/s]
Projecting layer-selection jailbreaks:   2%|▏         | 6/351 [00:01<01:33,  3.70it/s]
Projecting layer-selection jailbreaks:   2%|▏         | 7/351 [00:01<01:24,  4.06it/s]
Projecting layer-selection jailbreaks:   2%|▏         | 8/351 [00:02<01:38,  3.48it/s]
Projecting layer-selection jailbreaks:   3%|▎         | 9/351 [00:02<01:28,  3.88it/s]
Projecting layer-selection jailbreaks:   3%|▎         | 10/351 [00:02<01:40,  3.38it/s]
Projecting layer-selection jailbreaks:   3%|▎         | 11/351 [00:03<01:48,  3.13it/s]
Projecting layer-selection jailbreaks:   3%|▎         | 12/351 [00:03<01:53,  2.98it/s]
Projecting layer-selection jailbreaks:   4%|▎         | 13/351 [00:04<01:56,  2.90it/s]
Projecting layer-selection jailbreaks:   4%|▍         | 14/351 [00:04<01:53,  2.96it/s]
Projecting layer-selection jailbreaks:   4%|▍         | 15/351 [00:04<01:49,  3.06it/s]
Projecting layer-selection jailbreaks:   5%|▍         | 16/351 [00:05<01:54,  2.93it/s]
Projecting layer-selection jailbreaks:   5%|▍         | 17/351 [00:05<01:57,  2.85it/s]
Projecting layer-selection jailbreaks:   5%|▌         | 18/351 [00:05<01:41,  3.27it/s]
Projecting layer-selection jailbreaks:   5%|▌         | 19/351 [00:05<01:47,  3.08it/s]
Projecting layer-selection jailbreaks:   6%|▌         | 20/351 [00:06<01:27,  3.78it/s]
Projecting layer-selection jailbreaks:   6%|▌         | 21/351 [00:06<01:34,  3.51it/s]
Projecting layer-selection jailbreaks:   6%|▋         | 22/351 [00:06<01:25,  3.84it/s]
Projecting layer-selection jailbreaks:   7%|▋         | 23/351 [00:06<01:27,  3.73it/s]
Projecting layer-selection jailbreaks:   7%|▋         | 24/351 [00:07<01:38,  3.34it/s]
Projecting layer-selection jailbreaks:   7%|▋         | 25/351 [00:07<01:20,  4.05it/s]
Projecting layer-selection jailbreaks:   7%|▋         | 26/351 [00:07<01:32,  3.52it/s]
Projecting layer-selection jailbreaks:   8%|▊         | 27/351 [00:08<01:25,  3.77it/s]
Projecting layer-selection jailbreaks:   8%|▊         | 28/351 [00:08<01:36,  3.35it/s]
Projecting layer-selection jailbreaks:   8%|▊         | 29/351 [00:08<01:18,  4.10it/s]
Projecting layer-selection jailbreaks:   9%|▊         | 30/351 [00:08<01:09,  4.64it/s]
Projecting layer-selection jailbreaks:   9%|▉         | 31/351 [00:09<01:23,  3.82it/s]
Projecting layer-selection jailbreaks:   9%|▉         | 32/351 [00:09<01:18,  4.06it/s]
Projecting layer-selection jailbreaks:   9%|▉         | 33/351 [00:09<01:30,  3.51it/s]
Projecting layer-selection jailbreaks:  10%|▉         | 34/351 [00:09<01:22,  3.85it/s]
Projecting layer-selection jailbreaks:  10%|▉         | 35/351 [00:10<01:18,  4.02it/s]
Projecting layer-selection jailbreaks:  10%|█         | 36/351 [00:10<01:30,  3.48it/s]
Projecting layer-selection jailbreaks:  11%|█         | 37/351 [00:10<01:13,  4.29it/s]
Projecting layer-selection jailbreaks:  11%|█         | 38/351 [00:10<01:01,  5.11it/s]
Projecting layer-selection jailbreaks:  11%|█         | 39/351 [00:10<01:01,  5.06it/s]
Projecting layer-selection jailbreaks:  11%|█▏        | 40/351 [00:11<01:18,  3.98it/s]
Projecting layer-selection jailbreaks:  12%|█▏        | 41/351 [00:11<01:13,  4.20it/s]
Projecting layer-selection jailbreaks:  12%|█▏        | 42/351 [00:11<01:18,  3.95it/s]
Projecting layer-selection jailbreaks:  12%|█▏        | 43/351 [00:12<01:29,  3.44it/s]
Projecting layer-selection jailbreaks:  13%|█▎        | 44/351 [00:12<01:37,  3.16it/s]
Projecting layer-selection jailbreaks:  13%|█▎        | 45/351 [00:12<01:26,  3.55it/s]
Projecting layer-selection jailbreaks:  13%|█▎        | 46/351 [00:12<01:30,  3.37it/s]
Projecting layer-selection jailbreaks:  13%|█▎        | 47/351 [00:13<01:21,  3.71it/s]
Projecting layer-selection jailbreaks:  14%|█▎        | 48/351 [00:13<01:30,  3.34it/s]
Projecting layer-selection jailbreaks:  14%|█▍        | 49/351 [00:13<01:12,  4.14it/s]
Projecting layer-selection jailbreaks:  14%|█▍        | 50/351 [00:14<01:24,  3.57it/s]
Projecting layer-selection jailbreaks:  15%|█▍        | 51/351 [00:14<01:08,  4.37it/s]
Projecting layer-selection jailbreaks:  15%|█▍        | 52/351 [00:14<01:21,  3.69it/s]
Projecting layer-selection jailbreaks:  15%|█▌        | 53/351 [00:14<01:30,  3.30it/s]
Projecting layer-selection jailbreaks:  15%|█▌        | 54/351 [00:15<01:20,  3.67it/s]
Projecting layer-selection jailbreaks:  16%|█▌        | 55/351 [00:15<01:29,  3.30it/s]
Projecting layer-selection jailbreaks:  16%|█▌        | 56/351 [00:15<01:31,  3.22it/s]
Projecting layer-selection jailbreaks:  16%|█▌        | 57/351 [00:16<01:37,  3.02it/s]
Projecting layer-selection jailbreaks:  17%|█▋        | 58/351 [00:16<01:35,  3.07it/s]
Projecting layer-selection jailbreaks:  17%|█▋        | 59/351 [00:16<01:35,  3.06it/s]
Projecting layer-selection jailbreaks:  17%|█▋        | 60/351 [00:17<01:36,  3.03it/s]
Projecting layer-selection jailbreaks:  17%|█▋        | 61/351 [00:17<01:24,  3.43it/s]
Projecting layer-selection jailbreaks:  18%|█▊        | 62/351 [00:17<01:07,  4.27it/s]
Projecting layer-selection jailbreaks:  18%|█▊        | 63/351 [00:17<01:10,  4.07it/s]
Projecting layer-selection jailbreaks:  18%|█▊        | 64/351 [00:18<01:21,  3.52it/s]
Projecting layer-selection jailbreaks:  19%|█▊        | 65/351 [00:18<01:05,  4.34it/s]
Projecting layer-selection jailbreaks:  19%|█▉        | 66/351 [00:18<01:02,  4.53it/s]
Projecting layer-selection jailbreaks:  19%|█▉        | 67/351 [00:18<01:03,  4.49it/s]
Projecting layer-selection jailbreaks:  19%|█▉        | 68/351 [00:19<01:15,  3.73it/s]
Projecting layer-selection jailbreaks:  20%|█▉        | 69/351 [00:19<01:12,  3.89it/s]
Projecting layer-selection jailbreaks:  20%|█▉        | 70/351 [00:19<01:00,  4.63it/s]
Projecting layer-selection jailbreaks:  20%|██        | 71/351 [00:19<01:10,  3.97it/s]
Projecting layer-selection jailbreaks:  21%|██        | 72/351 [00:20<01:15,  3.70it/s]
Projecting layer-selection jailbreaks:  21%|██        | 73/351 [00:20<01:09,  4.02it/s]
Projecting layer-selection jailbreaks:  21%|██        | 74/351 [00:20<01:19,  3.50it/s]
Projecting layer-selection jailbreaks:  21%|██▏       | 75/351 [00:20<01:11,  3.86it/s]
Projecting layer-selection jailbreaks:  22%|██▏       | 76/351 [00:20<01:06,  4.12it/s]
Projecting layer-selection jailbreaks:  22%|██▏       | 77/351 [00:21<01:17,  3.54it/s]
Projecting layer-selection jailbreaks:  22%|██▏       | 78/351 [00:21<01:19,  3.44it/s]
Projecting layer-selection jailbreaks:  23%|██▎       | 79/351 [00:22<01:25,  3.17it/s]
Projecting layer-selection jailbreaks:  23%|██▎       | 80/351 [00:22<01:27,  3.10it/s]
Projecting layer-selection jailbreaks:  23%|██▎       | 81/351 [00:22<01:30,  2.97it/s]
Projecting layer-selection jailbreaks:  23%|██▎       | 82/351 [00:22<01:18,  3.42it/s]
Projecting layer-selection jailbreaks:  24%|██▎       | 83/351 [00:23<01:10,  3.78it/s]
Projecting layer-selection jailbreaks:  24%|██▍       | 84/351 [00:23<01:19,  3.34it/s]
Projecting layer-selection jailbreaks:  24%|██▍       | 85/351 [00:23<01:20,  3.30it/s]
Projecting layer-selection jailbreaks:  25%|██▍       | 86/351 [00:24<01:14,  3.56it/s]
Projecting layer-selection jailbreaks:  25%|██▍       | 87/351 [00:24<01:02,  4.23it/s]
Projecting layer-selection jailbreaks:  25%|██▌       | 88/351 [00:24<00:59,  4.45it/s]
Projecting layer-selection jailbreaks:  25%|██▌       | 89/351 [00:24<01:10,  3.72it/s]
Projecting layer-selection jailbreaks:  26%|██▌       | 90/351 [00:24<00:59,  4.40it/s]
Projecting layer-selection jailbreaks:  26%|██▌       | 91/351 [00:25<01:10,  3.68it/s]
Projecting layer-selection jailbreaks:  26%|██▌       | 92/351 [00:25<01:12,  3.56it/s]
Projecting layer-selection jailbreaks:  26%|██▋       | 93/351 [00:25<00:59,  4.37it/s]
Projecting layer-selection jailbreaks:  27%|██▋       | 94/351 [00:26<01:07,  3.82it/s]
Projecting layer-selection jailbreaks:  27%|██▋       | 95/351 [00:26<01:16,  3.37it/s]
Projecting layer-selection jailbreaks:  27%|██▋       | 96/351 [00:26<01:21,  3.12it/s]
Projecting layer-selection jailbreaks:  28%|██▊       | 97/351 [00:27<01:25,  2.97it/s]
Projecting layer-selection jailbreaks:  28%|██▊       | 98/351 [00:27<01:14,  3.38it/s]
Projecting layer-selection jailbreaks:  28%|██▊       | 99/351 [00:27<01:07,  3.76it/s]
Projecting layer-selection jailbreaks:  28%|██▊       | 100/351 [00:27<01:08,  3.68it/s]
Projecting layer-selection jailbreaks:  29%|██▉       | 101/351 [00:28<01:15,  3.30it/s]
Projecting layer-selection jailbreaks:  29%|██▉       | 102/351 [00:28<01:21,  3.07it/s]
Projecting layer-selection jailbreaks:  29%|██▉       | 103/351 [00:28<01:11,  3.47it/s]
Projecting layer-selection jailbreaks:  30%|██▉       | 104/351 [00:29<01:17,  3.18it/s]
Projecting layer-selection jailbreaks:  30%|██▉       | 105/351 [00:29<01:21,  3.00it/s]
Projecting layer-selection jailbreaks:  30%|███       | 106/351 [00:29<01:19,  3.08it/s]
Projecting layer-selection jailbreaks:  30%|███       | 107/351 [00:30<01:18,  3.09it/s]
Projecting layer-selection jailbreaks:  31%|███       | 108/351 [00:30<01:09,  3.49it/s]
Projecting layer-selection jailbreaks:  31%|███       | 109/351 [00:30<00:56,  4.29it/s]
Projecting layer-selection jailbreaks:  31%|███▏      | 110/351 [00:30<01:06,  3.60it/s]
Projecting layer-selection jailbreaks:  32%|███▏      | 111/351 [00:31<01:09,  3.47it/s]
Projecting layer-selection jailbreaks:  32%|███▏      | 112/351 [00:31<01:16,  3.13it/s]
Projecting layer-selection jailbreaks:  32%|███▏      | 113/351 [00:31<01:20,  2.96it/s]
Projecting layer-selection jailbreaks:  32%|███▏      | 114/351 [00:32<01:23,  2.84it/s]
Projecting layer-selection jailbreaks:  33%|███▎      | 115/351 [00:32<01:24,  2.78it/s]
Projecting layer-selection jailbreaks:  33%|███▎      | 116/351 [00:33<01:26,  2.73it/s]
Projecting layer-selection jailbreaks:  33%|███▎      | 117/351 [00:33<01:27,  2.68it/s]
Projecting layer-selection jailbreaks:  34%|███▎      | 118/351 [00:33<01:27,  2.66it/s]
Projecting layer-selection jailbreaks:  34%|███▍      | 119/351 [00:34<01:27,  2.66it/s]
Projecting layer-selection jailbreaks:  34%|███▍      | 120/351 [00:34<01:26,  2.66it/s]
Projecting layer-selection jailbreaks:  34%|███▍      | 121/351 [00:34<01:23,  2.76it/s]
Projecting layer-selection jailbreaks:  35%|███▍      | 122/351 [00:35<01:19,  2.87it/s]
Projecting layer-selection jailbreaks:  35%|███▌      | 123/351 [00:35<01:20,  2.82it/s]
Projecting layer-selection jailbreaks:  35%|███▌      | 124/351 [00:35<01:17,  2.92it/s]
Projecting layer-selection jailbreaks:  36%|███▌      | 126/351 [00:36<00:58,  3.85it/s]
Projecting layer-selection jailbreaks:  36%|███▌      | 127/351 [00:36<00:56,  3.97it/s]
Projecting layer-selection jailbreaks:  36%|███▋      | 128/351 [00:36<00:53,  4.20it/s]
Projecting layer-selection jailbreaks:  37%|███▋      | 129/351 [00:37<01:01,  3.62it/s]
Projecting layer-selection jailbreaks:  37%|███▋      | 130/351 [00:37<01:06,  3.30it/s]
Projecting layer-selection jailbreaks:  37%|███▋      | 131/351 [00:37<01:11,  3.09it/s]
Projecting layer-selection jailbreaks:  38%|███▊      | 132/351 [00:38<01:14,  2.95it/s]
Projecting layer-selection jailbreaks:  38%|███▊      | 133/351 [00:38<01:15,  2.88it/s]
Projecting layer-selection jailbreaks:  38%|███▊      | 134/351 [00:38<01:17,  2.81it/s]
Projecting layer-selection jailbreaks:  38%|███▊      | 135/351 [00:39<01:14,  2.90it/s]
Projecting layer-selection jailbreaks:  39%|███▊      | 136/351 [00:39<01:04,  3.31it/s]
Projecting layer-selection jailbreaks:  39%|███▉      | 137/351 [00:39<00:58,  3.68it/s]
Projecting layer-selection jailbreaks:  39%|███▉      | 138/351 [00:40<01:04,  3.31it/s]
Projecting layer-selection jailbreaks:  40%|███▉      | 139/351 [00:40<01:08,  3.10it/s]
Projecting layer-selection jailbreaks:  40%|███▉      | 140/351 [00:40<01:11,  2.94it/s]
Projecting layer-selection jailbreaks:  40%|████      | 141/351 [00:40<00:56,  3.72it/s]
Projecting layer-selection jailbreaks:  40%|████      | 142/351 [00:41<01:00,  3.46it/s]
Projecting layer-selection jailbreaks:  41%|████      | 143/351 [00:41<00:50,  4.13it/s]
Projecting layer-selection jailbreaks:  41%|████      | 144/351 [00:41<00:47,  4.37it/s]
Projecting layer-selection jailbreaks:  41%|████▏     | 145/351 [00:41<00:40,  5.05it/s]
Projecting layer-selection jailbreaks:  42%|████▏     | 146/351 [00:41<00:40,  5.04it/s]
Projecting layer-selection jailbreaks:  42%|████▏     | 147/351 [00:42<00:51,  4.00it/s]
Projecting layer-selection jailbreaks:  42%|████▏     | 148/351 [00:42<00:58,  3.45it/s]
Projecting layer-selection jailbreaks:  42%|████▏     | 149/351 [00:42<01:03,  3.17it/s]
Projecting layer-selection jailbreaks:  43%|████▎     | 150/351 [00:43<00:57,  3.52it/s]
Projecting layer-selection jailbreaks:  43%|████▎     | 151/351 [00:43<00:51,  3.87it/s]
Projecting layer-selection jailbreaks:  43%|████▎     | 152/351 [00:43<00:58,  3.41it/s]
Projecting layer-selection jailbreaks:  44%|████▍     | 154/351 [00:44<00:48,  4.02it/s]
Projecting layer-selection jailbreaks:  44%|████▍     | 155/351 [00:44<00:46,  4.22it/s]
Projecting layer-selection jailbreaks:  44%|████▍     | 156/351 [00:44<00:51,  3.81it/s]
Projecting layer-selection jailbreaks:  45%|████▍     | 157/351 [00:44<00:47,  4.06it/s]
Projecting layer-selection jailbreaks:  45%|████▌     | 158/351 [00:45<00:54,  3.54it/s]
Projecting layer-selection jailbreaks:  45%|████▌     | 159/351 [00:45<00:58,  3.26it/s]
Projecting layer-selection jailbreaks:  46%|████▌     | 160/351 [00:45<01:00,  3.17it/s]
Projecting layer-selection jailbreaks:  46%|████▌     | 161/351 [00:46<01:03,  3.00it/s]
Projecting layer-selection jailbreaks:  46%|████▌     | 162/351 [00:46<01:05,  2.88it/s]
Projecting layer-selection jailbreaks:  46%|████▋     | 163/351 [00:46<00:57,  3.29it/s]
Projecting layer-selection jailbreaks:  47%|████▋     | 164/351 [00:47<00:56,  3.28it/s]
Projecting layer-selection jailbreaks:  47%|████▋     | 165/351 [00:47<00:50,  3.66it/s]
Projecting layer-selection jailbreaks:  48%|████▊     | 167/351 [00:47<00:46,  3.95it/s]
Projecting layer-selection jailbreaks:  48%|████▊     | 168/351 [00:48<00:39,  4.60it/s]
Projecting layer-selection jailbreaks:  48%|████▊     | 169/351 [00:48<00:46,  3.89it/s]
Projecting layer-selection jailbreaks:  48%|████▊     | 170/351 [00:48<00:40,  4.50it/s]
Projecting layer-selection jailbreaks:  49%|████▊     | 171/351 [00:48<00:34,  5.29it/s]
Projecting layer-selection jailbreaks:  49%|████▉     | 172/351 [00:49<00:43,  4.14it/s]
Projecting layer-selection jailbreaks:  49%|████▉     | 173/351 [00:49<00:36,  4.84it/s]
Projecting layer-selection jailbreaks:  50%|████▉     | 174/351 [00:49<00:36,  4.84it/s]
Projecting layer-selection jailbreaks:  50%|████▉     | 175/351 [00:49<00:40,  4.37it/s]
Projecting layer-selection jailbreaks:  50%|█████     | 176/351 [00:49<00:38,  4.49it/s]
Projecting layer-selection jailbreaks:  50%|█████     | 177/351 [00:50<00:43,  4.02it/s]
Projecting layer-selection jailbreaks:  51%|█████     | 178/351 [00:50<00:37,  4.67it/s]
Projecting layer-selection jailbreaks:  51%|█████     | 179/351 [00:50<00:41,  4.14it/s]
Projecting layer-selection jailbreaks:  52%|█████▏    | 181/351 [00:51<00:40,  4.18it/s]
Projecting layer-selection jailbreaks:  52%|█████▏    | 182/351 [00:51<00:38,  4.34it/s]
Projecting layer-selection jailbreaks:  52%|█████▏    | 183/351 [00:51<00:44,  3.73it/s]
Projecting layer-selection jailbreaks:  52%|█████▏    | 184/351 [00:51<00:49,  3.37it/s]
Projecting layer-selection jailbreaks:  53%|█████▎    | 185/351 [00:52<00:49,  3.32it/s]
Projecting layer-selection jailbreaks:  53%|█████▎    | 186/351 [00:52<00:44,  3.68it/s]
Projecting layer-selection jailbreaks:  53%|█████▎    | 187/351 [00:52<00:43,  3.74it/s]
Projecting layer-selection jailbreaks:  54%|█████▎    | 188/351 [00:53<00:48,  3.36it/s]
Projecting layer-selection jailbreaks:  54%|█████▍    | 189/351 [00:53<00:52,  3.11it/s]
Projecting layer-selection jailbreaks:  54%|█████▍    | 190/351 [00:53<00:50,  3.16it/s]
Projecting layer-selection jailbreaks:  54%|█████▍    | 191/351 [00:54<00:53,  2.99it/s]
Projecting layer-selection jailbreaks:  55%|█████▍    | 192/351 [00:54<00:45,  3.47it/s]
Projecting layer-selection jailbreaks:  55%|█████▍    | 193/351 [00:54<00:43,  3.66it/s]
Projecting layer-selection jailbreaks:  55%|█████▌    | 194/351 [00:54<00:38,  4.08it/s]
Projecting layer-selection jailbreaks:  56%|█████▌    | 195/351 [00:55<00:40,  3.87it/s]
Projecting layer-selection jailbreaks:  56%|█████▌    | 196/351 [00:55<00:45,  3.41it/s]
Projecting layer-selection jailbreaks:  56%|█████▌    | 197/351 [00:55<00:49,  3.13it/s]
Projecting layer-selection jailbreaks:  56%|█████▋    | 198/351 [00:56<00:51,  2.96it/s]
Projecting layer-selection jailbreaks:  57%|█████▋    | 199/351 [00:56<00:51,  2.96it/s]
Projecting layer-selection jailbreaks:  57%|█████▋    | 200/351 [00:56<00:47,  3.17it/s]
Projecting layer-selection jailbreaks:  57%|█████▋    | 201/351 [00:57<00:49,  3.00it/s]
Projecting layer-selection jailbreaks:  58%|█████▊    | 202/351 [00:57<00:51,  2.89it/s]
Projecting layer-selection jailbreaks:  58%|█████▊    | 203/351 [00:57<00:49,  3.00it/s]
Projecting layer-selection jailbreaks:  58%|█████▊    | 204/351 [00:58<00:51,  2.87it/s]
Projecting layer-selection jailbreaks:  58%|█████▊    | 205/351 [00:58<00:52,  2.80it/s]
Projecting layer-selection jailbreaks:  59%|█████▊    | 206/351 [00:58<00:41,  3.50it/s]
Projecting layer-selection jailbreaks:  59%|█████▉    | 207/351 [00:59<00:45,  3.19it/s]
Projecting layer-selection jailbreaks:  59%|█████▉    | 208/351 [00:59<00:47,  3.01it/s]
Projecting layer-selection jailbreaks:  60%|█████▉    | 209/351 [00:59<00:48,  2.91it/s]
Projecting layer-selection jailbreaks:  60%|█████▉    | 210/351 [01:00<00:49,  2.83it/s]
Projecting layer-selection jailbreaks:  60%|██████    | 211/351 [01:00<00:47,  2.94it/s]
Projecting layer-selection jailbreaks:  60%|██████    | 212/351 [01:00<00:41,  3.35it/s]
Projecting layer-selection jailbreaks:  61%|██████    | 213/351 [01:00<00:37,  3.70it/s]
Projecting layer-selection jailbreaks:  61%|██████    | 214/351 [01:01<00:34,  4.02it/s]
Projecting layer-selection jailbreaks:  61%|██████▏   | 215/351 [01:01<00:36,  3.73it/s]
Projecting layer-selection jailbreaks:  62%|██████▏   | 216/351 [01:01<00:40,  3.31it/s]
Projecting layer-selection jailbreaks:  62%|██████▏   | 217/351 [01:02<00:36,  3.69it/s]
Projecting layer-selection jailbreaks:  62%|██████▏   | 218/351 [01:02<00:37,  3.52it/s]
Projecting layer-selection jailbreaks:  62%|██████▏   | 219/351 [01:02<00:41,  3.19it/s]
Projecting layer-selection jailbreaks:  63%|██████▎   | 220/351 [01:02<00:36,  3.57it/s]
Projecting layer-selection jailbreaks:  63%|██████▎   | 221/351 [01:03<00:38,  3.37it/s]
Projecting layer-selection jailbreaks:  63%|██████▎   | 222/351 [01:03<00:39,  3.25it/s]
Projecting layer-selection jailbreaks:  64%|██████▎   | 223/351 [01:03<00:32,  3.96it/s]
Projecting layer-selection jailbreaks:  64%|██████▍   | 224/351 [01:04<00:36,  3.47it/s]
Projecting layer-selection jailbreaks:  64%|██████▍   | 225/351 [01:04<00:38,  3.30it/s]
Projecting layer-selection jailbreaks:  64%|██████▍   | 226/351 [01:04<00:33,  3.69it/s]
Projecting layer-selection jailbreaks:  65%|██████▍   | 227/351 [01:05<00:37,  3.32it/s]
Projecting layer-selection jailbreaks:  65%|██████▍   | 228/351 [01:05<00:29,  4.11it/s]
Projecting layer-selection jailbreaks:  65%|██████▌   | 229/351 [01:05<00:31,  3.88it/s]
Projecting layer-selection jailbreaks:  66%|██████▌   | 230/351 [01:05<00:29,  4.15it/s]
Projecting layer-selection jailbreaks:  66%|██████▌   | 231/351 [01:05<00:33,  3.56it/s]
Projecting layer-selection jailbreaks:  66%|██████▌   | 232/351 [01:06<00:36,  3.24it/s]
Projecting layer-selection jailbreaks:  66%|██████▋   | 233/351 [01:06<00:38,  3.06it/s]
Projecting layer-selection jailbreaks:  67%|██████▋   | 234/351 [01:07<00:38,  3.04it/s]
Projecting layer-selection jailbreaks:  67%|██████▋   | 235/351 [01:07<00:38,  3.02it/s]
Projecting layer-selection jailbreaks:  67%|██████▋   | 236/351 [01:07<00:36,  3.13it/s]
Projecting layer-selection jailbreaks:  68%|██████▊   | 237/351 [01:08<00:38,  2.98it/s]
Projecting layer-selection jailbreaks:  68%|██████▊   | 238/351 [01:08<00:39,  2.87it/s]
Projecting layer-selection jailbreaks:  68%|██████▊   | 239/351 [01:08<00:39,  2.82it/s]
Projecting layer-selection jailbreaks:  68%|██████▊   | 240/351 [01:09<00:39,  2.78it/s]
Projecting layer-selection jailbreaks:  69%|██████▊   | 241/351 [01:09<00:34,  3.20it/s]
Projecting layer-selection jailbreaks:  69%|██████▉   | 242/351 [01:09<00:36,  3.02it/s]
Projecting layer-selection jailbreaks:  69%|██████▉   | 243/351 [01:10<00:37,  2.91it/s]
Projecting layer-selection jailbreaks:  70%|██████▉   | 244/351 [01:10<00:32,  3.31it/s]
Projecting layer-selection jailbreaks:  70%|██████▉   | 245/351 [01:10<00:28,  3.68it/s]
Projecting layer-selection jailbreaks:  70%|███████   | 246/351 [01:10<00:26,  3.99it/s]
Projecting layer-selection jailbreaks:  70%|███████   | 247/351 [01:10<00:22,  4.71it/s]
Projecting layer-selection jailbreaks:  71%|███████   | 248/351 [01:11<00:21,  4.77it/s]
Projecting layer-selection jailbreaks:  71%|███████   | 249/351 [01:11<00:21,  4.84it/s]
Projecting layer-selection jailbreaks:  71%|███████   | 250/351 [01:11<00:17,  5.65it/s]
Projecting layer-selection jailbreaks:  72%|███████▏  | 251/351 [01:11<00:20,  4.91it/s]
Projecting layer-selection jailbreaks:  72%|███████▏  | 252/351 [01:12<00:25,  3.90it/s]
Projecting layer-selection jailbreaks:  72%|███████▏  | 253/351 [01:12<00:28,  3.43it/s]
Projecting layer-selection jailbreaks:  72%|███████▏  | 254/351 [01:12<00:30,  3.17it/s]
Projecting layer-selection jailbreaks:  73%|███████▎  | 255/351 [01:13<00:32,  2.98it/s]
Projecting layer-selection jailbreaks:  73%|███████▎  | 256/351 [01:13<00:25,  3.66it/s]
Projecting layer-selection jailbreaks:  73%|███████▎  | 257/351 [01:13<00:26,  3.53it/s]
Projecting layer-selection jailbreaks:  74%|███████▎  | 258/351 [01:13<00:21,  4.23it/s]
Projecting layer-selection jailbreaks:  74%|███████▍  | 259/351 [01:13<00:21,  4.33it/s]
Projecting layer-selection jailbreaks:  74%|███████▍  | 260/351 [01:14<00:24,  3.67it/s]
Projecting layer-selection jailbreaks:  74%|███████▍  | 261/351 [01:14<00:20,  4.48it/s]
Projecting layer-selection jailbreaks:  75%|███████▍  | 262/351 [01:14<00:24,  3.70it/s]
Projecting layer-selection jailbreaks:  75%|███████▍  | 263/351 [01:15<00:26,  3.32it/s]
Projecting layer-selection jailbreaks:  75%|███████▌  | 264/351 [01:15<00:28,  3.10it/s]
Projecting layer-selection jailbreaks:  75%|███████▌  | 265/351 [01:15<00:29,  2.95it/s]
Projecting layer-selection jailbreaks:  76%|███████▌  | 266/351 [01:16<00:29,  2.86it/s]
Projecting layer-selection jailbreaks:  76%|███████▌  | 267/351 [01:16<00:25,  3.27it/s]
Projecting layer-selection jailbreaks:  76%|███████▋  | 268/351 [01:16<00:22,  3.64it/s]
Projecting layer-selection jailbreaks:  77%|███████▋  | 269/351 [01:17<00:24,  3.28it/s]
Projecting layer-selection jailbreaks:  77%|███████▋  | 270/351 [01:17<00:24,  3.26it/s]
Projecting layer-selection jailbreaks:  77%|███████▋  | 271/351 [01:17<00:26,  3.06it/s]
Projecting layer-selection jailbreaks:  77%|███████▋  | 272/351 [01:18<00:26,  2.93it/s]
Projecting layer-selection jailbreaks:  78%|███████▊  | 273/351 [01:18<00:23,  3.34it/s]
Projecting layer-selection jailbreaks:  78%|███████▊  | 274/351 [01:18<00:22,  3.38it/s]
Projecting layer-selection jailbreaks:  78%|███████▊  | 275/351 [01:19<00:24,  3.13it/s]
Projecting layer-selection jailbreaks:  79%|███████▊  | 276/351 [01:19<00:25,  2.97it/s]
Projecting layer-selection jailbreaks:  79%|███████▉  | 277/351 [01:19<00:25,  2.88it/s]
Projecting layer-selection jailbreaks:  79%|███████▉  | 278/351 [01:20<00:25,  2.81it/s]
Projecting layer-selection jailbreaks:  79%|███████▉  | 279/351 [01:20<00:26,  2.77it/s]
Projecting layer-selection jailbreaks:  80%|███████▉  | 280/351 [01:20<00:25,  2.73it/s]
Projecting layer-selection jailbreaks:  80%|████████  | 281/351 [01:21<00:25,  2.72it/s]
Projecting layer-selection jailbreaks:  80%|████████  | 282/351 [01:21<00:21,  3.15it/s]
Projecting layer-selection jailbreaks:  81%|████████  | 283/351 [01:21<00:21,  3.09it/s]
Projecting layer-selection jailbreaks:  81%|████████  | 284/351 [01:21<00:19,  3.50it/s]
Projecting layer-selection jailbreaks:  81%|████████  | 285/351 [01:22<00:19,  3.40it/s]
Projecting layer-selection jailbreaks:  81%|████████▏ | 286/351 [01:22<00:19,  3.34it/s]
Projecting layer-selection jailbreaks:  82%|████████▏ | 287/351 [01:22<00:20,  3.10it/s]
Projecting layer-selection jailbreaks:  82%|████████▏ | 288/351 [01:23<00:21,  2.96it/s]
Projecting layer-selection jailbreaks:  82%|████████▏ | 289/351 [01:23<00:21,  2.86it/s]
Projecting layer-selection jailbreaks:  83%|████████▎ | 290/351 [01:23<00:18,  3.26it/s]
Projecting layer-selection jailbreaks:  83%|████████▎ | 291/351 [01:24<00:16,  3.53it/s]
Projecting layer-selection jailbreaks:  83%|████████▎ | 292/351 [01:24<00:18,  3.23it/s]
Projecting layer-selection jailbreaks:  83%|████████▎ | 293/351 [01:24<00:19,  3.04it/s]
Projecting layer-selection jailbreaks:  84%|████████▍ | 294/351 [01:25<00:19,  2.90it/s]
Projecting layer-selection jailbreaks:  84%|████████▍ | 295/351 [01:25<00:19,  2.94it/s]
Projecting layer-selection jailbreaks:  84%|████████▍ | 296/351 [01:26<00:19,  2.84it/s]
Projecting layer-selection jailbreaks:  85%|████████▍ | 297/351 [01:26<00:18,  2.87it/s]
Projecting layer-selection jailbreaks:  85%|████████▍ | 298/351 [01:26<00:17,  3.03it/s]
Projecting layer-selection jailbreaks:  85%|████████▌ | 299/351 [01:27<00:17,  2.91it/s]
Projecting layer-selection jailbreaks:  85%|████████▌ | 300/351 [01:27<00:18,  2.83it/s]
Projecting layer-selection jailbreaks:  86%|████████▌ | 301/351 [01:27<00:17,  2.79it/s]
Projecting layer-selection jailbreaks:  86%|████████▌ | 302/351 [01:28<00:17,  2.76it/s]
Projecting layer-selection jailbreaks:  86%|████████▋ | 303/351 [01:28<00:13,  3.50it/s]
Projecting layer-selection jailbreaks:  87%|████████▋ | 304/351 [01:28<00:13,  3.40it/s]
Projecting layer-selection jailbreaks:  87%|████████▋ | 305/351 [01:28<00:12,  3.75it/s]
Projecting layer-selection jailbreaks:  87%|████████▋ | 306/351 [01:28<00:11,  4.03it/s]
Projecting layer-selection jailbreaks:  87%|████████▋ | 307/351 [01:29<00:12,  3.51it/s]
Projecting layer-selection jailbreaks:  88%|████████▊ | 308/351 [01:29<00:13,  3.20it/s]
Projecting layer-selection jailbreaks:  88%|████████▊ | 309/351 [01:30<00:13,  3.20it/s]
Projecting layer-selection jailbreaks:  88%|████████▊ | 310/351 [01:30<00:10,  3.91it/s]
Projecting layer-selection jailbreaks:  89%|████████▊ | 311/351 [01:30<00:09,  4.18it/s]
Projecting layer-selection jailbreaks:  89%|████████▉ | 312/351 [01:30<00:07,  5.03it/s]
Projecting layer-selection jailbreaks:  89%|████████▉ | 313/351 [01:30<00:07,  5.04it/s]
Projecting layer-selection jailbreaks:  89%|████████▉ | 314/351 [01:30<00:07,  4.81it/s]
Projecting layer-selection jailbreaks:  90%|████████▉ | 315/351 [01:31<00:07,  4.85it/s]
Projecting layer-selection jailbreaks:  90%|█████████ | 316/351 [01:31<00:06,  5.53it/s]
Projecting layer-selection jailbreaks:  90%|█████████ | 317/351 [01:31<00:07,  4.43it/s]
Projecting layer-selection jailbreaks:  91%|█████████ | 318/351 [01:31<00:08,  3.67it/s]
Projecting layer-selection jailbreaks:  91%|█████████ | 319/351 [01:32<00:09,  3.31it/s]
Projecting layer-selection jailbreaks:  91%|█████████ | 320/351 [01:32<00:08,  3.66it/s]
Projecting layer-selection jailbreaks:  91%|█████████▏| 321/351 [01:32<00:09,  3.30it/s]
Projecting layer-selection jailbreaks:  92%|█████████▏| 322/351 [01:32<00:07,  4.01it/s]
Projecting layer-selection jailbreaks:  92%|█████████▏| 323/351 [01:33<00:08,  3.48it/s]
Projecting layer-selection jailbreaks:  92%|█████████▏| 324/351 [01:33<00:08,  3.19it/s]
Projecting layer-selection jailbreaks:  93%|█████████▎| 325/351 [01:34<00:08,  3.20it/s]
Projecting layer-selection jailbreaks:  93%|█████████▎| 326/351 [01:34<00:07,  3.28it/s]
Projecting layer-selection jailbreaks:  93%|█████████▎| 327/351 [01:34<00:07,  3.07it/s]
Projecting layer-selection jailbreaks:  93%|█████████▎| 328/351 [01:35<00:07,  2.94it/s]
Projecting layer-selection jailbreaks:  94%|█████████▎| 329/351 [01:35<00:07,  2.85it/s]
Projecting layer-selection jailbreaks:  94%|█████████▍| 330/351 [01:35<00:06,  3.27it/s]
Projecting layer-selection jailbreaks:  94%|█████████▍| 331/351 [01:35<00:05,  3.66it/s]
Projecting layer-selection jailbreaks:  95%|█████████▍| 332/351 [01:36<00:05,  3.29it/s]
Projecting layer-selection jailbreaks:  95%|█████████▍| 333/351 [01:36<00:04,  3.67it/s]
Projecting layer-selection jailbreaks:  95%|█████████▌| 334/351 [01:36<00:04,  3.98it/s]
Projecting layer-selection jailbreaks:  95%|█████████▌| 335/351 [01:36<00:04,  3.47it/s]
Projecting layer-selection jailbreaks:  96%|█████████▌| 336/351 [01:37<00:04,  3.18it/s]
Projecting layer-selection jailbreaks:  96%|█████████▌| 337/351 [01:37<00:04,  3.00it/s]
Projecting layer-selection jailbreaks:  96%|█████████▋| 338/351 [01:38<00:04,  2.91it/s]
Projecting layer-selection jailbreaks:  97%|█████████▋| 339/351 [01:38<00:04,  2.82it/s]
Projecting layer-selection jailbreaks:  97%|█████████▋| 340/351 [01:38<00:03,  2.77it/s]
Projecting layer-selection jailbreaks:  97%|█████████▋| 341/351 [01:39<00:03,  2.74it/s]
Projecting layer-selection jailbreaks:  97%|█████████▋| 342/351 [01:39<00:03,  2.88it/s]
Projecting layer-selection jailbreaks:  98%|█████████▊| 343/351 [01:39<00:02,  2.81it/s]
Projecting layer-selection jailbreaks:  98%|█████████▊| 344/351 [01:40<00:02,  2.92it/s]
Projecting layer-selection jailbreaks:  98%|█████████▊| 345/351 [01:40<00:02,  3.00it/s]
Projecting layer-selection jailbreaks:  99%|█████████▊| 346/351 [01:40<00:01,  3.11it/s]
Projecting layer-selection jailbreaks:  99%|█████████▉| 347/351 [01:41<00:01,  2.95it/s]
Projecting layer-selection jailbreaks:  99%|█████████▉| 348/351 [01:41<00:01,  2.85it/s]
Projecting layer-selection jailbreaks:  99%|█████████▉| 349/351 [01:41<00:00,  2.95it/s]
Projecting layer-selection jailbreaks: 100%|█████████▉| 350/351 [01:42<00:00,  2.85it/s]
Projecting layer-selection jailbreaks: 100%|██████████| 351/351 [01:42<00:00,  3.43it/s]
2026-07-24 20:22:32,012 - INFO - Layer 0: MVD=0.0000 AUROC=0.9834 Fisher=0.5230 risk(B/M)=-1.767/3.143
2026-07-24 20:22:32,031 - INFO - Layer 1: MVD=0.0000 AUROC=0.9852 Fisher=0.7908 risk(B/M)=-2.804/4.031
2026-07-24 20:22:32,047 - INFO - Layer 2: MVD=0.0000 AUROC=0.9875 Fisher=1.5991 risk(B/M)=-4.356/3.544
2026-07-24 20:22:32,063 - INFO - Layer 3: MVD=0.0000 AUROC=0.9914 Fisher=2.0063 risk(B/M)=-4.509/4.899
2026-07-24 20:22:32,079 - INFO - Layer 4: MVD=0.0000 AUROC=0.9944 Fisher=2.9774 risk(B/M)=-6.516/4.342
2026-07-24 20:22:32,101 - INFO - Layer 5: MVD=0.0000 AUROC=0.9971 Fisher=3.9284 risk(B/M)=-6.494/5.617
2026-07-24 20:22:32,117 - INFO - Layer 6: MVD=0.3000 AUROC=0.9972 Fisher=5.3492 risk(B/M)=-7.744/5.591
2026-07-24 20:22:32,129 - INFO - Layer 7: MVD=0.7500 AUROC=0.9979 Fisher=6.5149 risk(B/M)=-8.266/5.956
2026-07-24 20:22:32,145 - INFO - Layer 8: MVD=0.1500 AUROC=0.9980 Fisher=6.1798 risk(B/M)=-8.461/6.243
2026-07-24 20:22:32,168 - INFO - Layer 9: MVD=0.9000 AUROC=0.9979 Fisher=6.3831 risk(B/M)=-9.222/7.493
2026-07-24 20:22:32,179 - INFO - Layer 10: MVD=0.0000 AUROC=0.9985 Fisher=7.1806 risk(B/M)=-9.340/8.484
2026-07-24 20:22:32,195 - INFO - Layer 11: MVD=0.0000 AUROC=0.9986 Fisher=7.5355 risk(B/M)=-9.809/9.654
2026-07-24 20:22:32,212 - INFO - Layer 12: MVD=0.0000 AUROC=0.9986 Fisher=7.2179 risk(B/M)=-10.758/11.338
2026-07-24 20:22:32,228 - INFO - Layer 13: MVD=0.0000 AUROC=0.9987 Fisher=6.7669 risk(B/M)=-11.382/13.567
2026-07-24 20:22:32,245 - INFO - Layer 14: MVD=0.6000 AUROC=0.9987 Fisher=6.3241 risk(B/M)=-12.846/14.376
2026-07-24 20:22:32,269 - INFO - Layer 15: MVD=0.0000 AUROC=0.9988 Fisher=6.6867 risk(B/M)=-13.300/14.197
2026-07-24 20:22:32,278 - INFO - Layer 16: MVD=0.2250 AUROC=0.9989 Fisher=8.0501 risk(B/M)=-13.865/12.894
2026-07-24 20:22:32,298 - INFO - Layer 17: MVD=0.0000 AUROC=0.9989 Fisher=8.2683 risk(B/M)=-14.921/12.410
2026-07-24 20:22:32,312 - INFO - Layer 18: MVD=0.0000 AUROC=0.9989 Fisher=8.3605 risk(B/M)=-15.478/11.583
2026-07-24 20:22:32,329 - INFO - Layer 19: MVD=0.0000 AUROC=0.9989 Fisher=8.4352 risk(B/M)=-15.316/11.919
2026-07-24 20:22:32,351 - INFO - Layer 20: MVD=0.0000 AUROC=0.9989 Fisher=8.1056 risk(B/M)=-15.339/11.265
2026-07-24 20:22:32,369 - INFO - Layer 21: MVD=0.0000 AUROC=0.9987 Fisher=8.0797 risk(B/M)=-14.794/10.732
2026-07-24 20:22:32,383 - INFO - Layer 22: MVD=2.7000 AUROC=0.9987 Fisher=7.6469 risk(B/M)=-14.826/10.309
2026-07-24 20:22:32,398 - INFO - Layer 23: MVD=1.8750 AUROC=0.9986 Fisher=7.4051 risk(B/M)=-14.763/10.290
2026-07-24 20:22:32,420 - INFO - Layer 24: MVD=3.0000 AUROC=0.9986 Fisher=7.2443 risk(B/M)=-14.348/10.028
2026-07-24 20:22:32,436 - INFO - Layer 25: MVD=0.3750 AUROC=0.9986 Fisher=7.2156 risk(B/M)=-14.424/10.123
2026-07-24 20:22:32,453 - INFO - Layer 26: MVD=0.9750 AUROC=0.9986 Fisher=7.1427 risk(B/M)=-14.553/9.968
2026-07-24 20:22:32,470 - INFO - Layer 27: MVD=1.8000 AUROC=0.9986 Fisher=7.1139 risk(B/M)=-14.869/9.658
2026-07-24 20:22:32,486 - INFO - Layer 28: MVD=3.0000 AUROC=0.9986 Fisher=7.1184 risk(B/M)=-14.867/9.594
2026-07-24 20:22:32,502 - INFO - Layer 29: MVD=0.0000 AUROC=0.9986 Fisher=7.0238 risk(B/M)=-14.774/9.271
2026-07-24 20:22:32,519 - INFO - Layer 30: MVD=0.0000 AUROC=0.9987 Fisher=7.2267 risk(B/M)=-14.761/8.912
2026-07-24 20:22:32,535 - INFO - Layer 31: MVD=0.0000 AUROC=0.9985 Fisher=7.0587 risk(B/M)=-13.375/7.484
2026-07-24 20:22:32,535 - INFO - Selected TrajGuard decoder layers: [0, 1, 2, 3, 4, 5, 10, 11]

Calibrating benign streaming threshold:   0%|          | 0/1000 [00:00<?, ?it/s]
Calibrating benign streaming threshold:   0%|          | 1/1000 [00:01<26:27,  1.59s/it]
Calibrating benign streaming threshold:   0%|          | 2/1000 [00:03<25:05,  1.51s/it]
Calibrating benign streaming threshold:   0%|          | 3/1000 [00:04<24:41,  1.49s/it]
Calibrating benign streaming threshold:   0%|          | 4/1000 [00:05<24:30,  1.48s/it]
Calibrating benign streaming threshold:   0%|          | 5/1000 [00:07<24:23,  1.47s/it]
Calibrating benign streaming threshold:   1%|          | 6/1000 [00:08<24:19,  1.47s/it]
Calibrating benign streaming threshold:   1%|          | 7/1000 [00:10<24:13,  1.46s/it]
Calibrating benign streaming threshold:   1%|          | 8/1000 [00:10<18:39,  1.13s/it]
Calibrating benign streaming threshold:   1%|          | 9/1000 [00:12<20:41,  1.25s/it]
Calibrating benign streaming threshold:   1%|          | 10/1000 [00:13<21:54,  1.33s/it]
Calibrating benign streaming threshold:   1%|          | 11/1000 [00:14<17:50,  1.08s/it]
Calibrating benign streaming threshold:   1%|          | 12/1000 [00:15<19:51,  1.21s/it]
Calibrating benign streaming threshold:   1%|▏         | 13/1000 [00:16<16:33,  1.01s/it]
Calibrating benign streaming threshold:   1%|▏         | 14/1000 [00:17<18:43,  1.14s/it]
Calibrating benign streaming threshold:   2%|▏         | 15/1000 [00:18<15:48,  1.04it/s]
Calibrating benign streaming threshold:   2%|▏         | 16/1000 [00:19<15:26,  1.06it/s]
Calibrating benign streaming threshold:   2%|▏         | 17/1000 [00:20<17:57,  1.10s/it]
Calibrating benign streaming threshold:   2%|▏         | 18/1000 [00:22<19:43,  1.20s/it]
Calibrating benign streaming threshold:   2%|▏         | 19/1000 [00:22<16:39,  1.02s/it]
Calibrating benign streaming threshold:   2%|▏         | 20/1000 [00:24<18:49,  1.15s/it]
Calibrating benign streaming threshold:   2%|▏         | 21/1000 [00:25<20:17,  1.24s/it]
Calibrating benign streaming threshold:   2%|▏         | 22/1000 [00:27<21:21,  1.31s/it]
Calibrating benign streaming threshold:   2%|▏         | 23/1000 [00:27<17:58,  1.10s/it]
Calibrating benign streaming threshold:   2%|▏         | 24/1000 [00:29<19:50,  1.22s/it]
Calibrating benign streaming threshold:   2%|▎         | 25/1000 [00:29<17:06,  1.05s/it]
Calibrating benign streaming threshold:   3%|▎         | 26/1000 [00:30<15:11,  1.07it/s]
Calibrating benign streaming threshold:   3%|▎         | 27/1000 [00:30<11:56,  1.36it/s]
Calibrating benign streaming threshold:   3%|▎         | 28/1000 [00:32<15:27,  1.05it/s]
Calibrating benign streaming threshold:   3%|▎         | 29/1000 [00:33<17:52,  1.10s/it]
Calibrating benign streaming threshold:   3%|▎         | 30/1000 [00:35<19:41,  1.22s/it]
Calibrating benign streaming threshold:   3%|▎         | 31/1000 [00:36<20:52,  1.29s/it]
Calibrating benign streaming threshold:   3%|▎         | 32/1000 [00:38<22:18,  1.38s/it]
Calibrating benign streaming threshold:   3%|▎         | 33/1000 [00:39<22:05,  1.37s/it]
Calibrating benign streaming threshold:   3%|▎         | 34/1000 [00:41<23:26,  1.46s/it]
Calibrating benign streaming threshold:   4%|▎         | 35/1000 [00:42<23:36,  1.47s/it]
Calibrating benign streaming threshold:   4%|▎         | 36/1000 [00:44<23:41,  1.47s/it]
Calibrating benign streaming threshold:   4%|▎         | 37/1000 [00:45<23:39,  1.47s/it]
Calibrating benign streaming threshold:   4%|▍         | 38/1000 [00:47<23:32,  1.47s/it]
Calibrating benign streaming threshold:   4%|▍         | 39/1000 [00:47<18:00,  1.12s/it]
Calibrating benign streaming threshold:   4%|▍         | 40/1000 [00:48<19:31,  1.22s/it]
Calibrating benign streaming threshold:   4%|▍         | 41/1000 [00:49<17:40,  1.11s/it]
Calibrating benign streaming threshold:   4%|▍         | 42/1000 [00:51<19:20,  1.21s/it]
Calibrating benign streaming threshold:   4%|▍         | 43/1000 [00:52<20:31,  1.29s/it]
Calibrating benign streaming threshold:   4%|▍         | 44/1000 [00:54<21:19,  1.34s/it]
Calibrating benign streaming threshold:   4%|▍         | 45/1000 [00:55<21:53,  1.38s/it]
Calibrating benign streaming threshold:   5%|▍         | 46/1000 [00:57<22:16,  1.40s/it]
Calibrating benign streaming threshold:   5%|▍         | 47/1000 [00:58<22:32,  1.42s/it]
Calibrating benign streaming threshold:   5%|▍         | 48/1000 [00:59<20:00,  1.26s/it]
Calibrating benign streaming threshold:   5%|▍         | 49/1000 [01:00<21:04,  1.33s/it]
Calibrating benign streaming threshold:   5%|▌         | 50/1000 [01:02<21:38,  1.37s/it]
Calibrating benign streaming threshold:   5%|▌         | 51/1000 [01:03<22:00,  1.39s/it]
Calibrating benign streaming threshold:   5%|▌         | 52/1000 [01:05<22:21,  1.42s/it]
Calibrating benign streaming threshold:   5%|▌         | 53/1000 [01:06<22:43,  1.44s/it]
Calibrating benign streaming threshold:   5%|▌         | 54/1000 [01:08<22:48,  1.45s/it]
Calibrating benign streaming threshold:   6%|▌         | 55/1000 [01:09<22:50,  1.45s/it]
Calibrating benign streaming threshold:   6%|▌         | 56/1000 [01:11<22:57,  1.46s/it]
Calibrating benign streaming threshold:   6%|▌         | 57/1000 [01:12<23:08,  1.47s/it]
Calibrating benign streaming threshold:   6%|▌         | 58/1000 [01:14<23:10,  1.48s/it]
Calibrating benign streaming threshold:   6%|▌         | 59/1000 [01:15<23:07,  1.47s/it]
Calibrating benign streaming threshold:   6%|▌         | 60/1000 [01:16<20:52,  1.33s/it]
Calibrating benign streaming threshold:   6%|▌         | 61/1000 [01:17<17:33,  1.12s/it]
Calibrating benign streaming threshold:   6%|▌         | 62/1000 [01:18<19:05,  1.22s/it]
Calibrating benign streaming threshold:   6%|▋         | 63/1000 [01:20<20:13,  1.29s/it]
Calibrating benign streaming threshold:   6%|▋         | 64/1000 [01:21<20:57,  1.34s/it]
Calibrating benign streaming threshold:   6%|▋         | 65/1000 [01:23<21:27,  1.38s/it]
Calibrating benign streaming threshold:   7%|▋         | 66/1000 [01:24<19:04,  1.23s/it]
Calibrating benign streaming threshold:   7%|▋         | 67/1000 [01:24<14:56,  1.04it/s]
Calibrating benign streaming threshold:   7%|▋         | 68/1000 [01:25<17:15,  1.11s/it]
Calibrating benign streaming threshold:   7%|▋         | 69/1000 [01:27<18:51,  1.22s/it]
Calibrating benign streaming threshold:   7%|▋         | 70/1000 [01:28<20:07,  1.30s/it]
Calibrating benign streaming threshold:   7%|▋         | 71/1000 [01:29<18:07,  1.17s/it]
Calibrating benign streaming threshold:   7%|▋         | 72/1000 [01:29<14:04,  1.10it/s]
Calibrating benign streaming threshold:   7%|▋         | 73/1000 [01:30<13:21,  1.16it/s]
Calibrating benign streaming threshold:   7%|▋         | 74/1000 [01:31<11:27,  1.35it/s]
Calibrating benign streaming threshold:   8%|▊         | 75/1000 [01:32<14:45,  1.04it/s]
Calibrating benign streaming threshold:   8%|▊         | 76/1000 [01:34<17:09,  1.11s/it]
Calibrating benign streaming threshold:   8%|▊         | 77/1000 [01:35<18:43,  1.22s/it]
Calibrating benign streaming threshold:   8%|▊         | 78/1000 [01:37<19:46,  1.29s/it]
Calibrating benign streaming threshold:   8%|▊         | 79/1000 [01:38<20:33,  1.34s/it]
Calibrating benign streaming threshold:   8%|▊         | 80/1000 [01:39<21:04,  1.37s/it]
Calibrating benign streaming threshold:   8%|▊         | 81/1000 [01:40<16:21,  1.07s/it]
Calibrating benign streaming threshold:   8%|▊         | 82/1000 [01:41<15:05,  1.01it/s]
Calibrating benign streaming threshold:   8%|▊         | 83/1000 [01:41<13:25,  1.14it/s]
Calibrating benign streaming threshold:   8%|▊         | 84/1000 [01:43<16:10,  1.06s/it]
Calibrating benign streaming threshold:   8%|▊         | 85/1000 [01:44<18:01,  1.18s/it]
Calibrating benign streaming threshold:   9%|▊         | 86/1000 [01:46<19:15,  1.26s/it]
Calibrating benign streaming threshold:   9%|▊         | 87/1000 [01:46<14:34,  1.04it/s]
Calibrating benign streaming threshold:   9%|▉         | 88/1000 [01:47<16:53,  1.11s/it]
Calibrating benign streaming threshold:   9%|▉         | 89/1000 [01:49<18:22,  1.21s/it]
Calibrating benign streaming threshold:   9%|▉         | 90/1000 [01:50<19:28,  1.28s/it]
Calibrating benign streaming threshold:   9%|▉         | 91/1000 [01:52<20:12,  1.33s/it]
Calibrating benign streaming threshold:   9%|▉         | 92/1000 [01:53<20:47,  1.37s/it]
Calibrating benign streaming threshold:   9%|▉         | 93/1000 [01:55<21:07,  1.40s/it]
Calibrating benign streaming threshold:   9%|▉         | 94/1000 [01:56<21:22,  1.42s/it]
Calibrating benign streaming threshold:  10%|▉         | 95/1000 [01:56<16:41,  1.11s/it]
Calibrating benign streaming threshold:  10%|▉         | 96/1000 [01:58<18:15,  1.21s/it]
Calibrating benign streaming threshold:  10%|▉         | 97/1000 [01:59<19:36,  1.30s/it]
Calibrating benign streaming threshold:  10%|▉         | 98/1000 [02:00<15:13,  1.01s/it]
Calibrating benign streaming threshold:  10%|▉         | 99/1000 [02:01<17:15,  1.15s/it]
Calibrating benign streaming threshold:  10%|█         | 100/1000 [02:03<18:38,  1.24s/it]
Calibrating benign streaming threshold:  10%|█         | 101/1000 [02:04<19:32,  1.30s/it]
Calibrating benign streaming threshold:  10%|█         | 102/1000 [02:06<20:09,  1.35s/it]
Calibrating benign streaming threshold:  10%|█         | 103/1000 [02:07<18:48,  1.26s/it]
Calibrating benign streaming threshold:  10%|█         | 104/1000 [02:07<14:34,  1.02it/s]
Calibrating benign streaming threshold:  10%|█         | 105/1000 [02:08<16:42,  1.12s/it]
Calibrating benign streaming threshold:  11%|█         | 106/1000 [02:10<18:12,  1.22s/it]
Calibrating benign streaming threshold:  11%|█         | 107/1000 [02:11<16:15,  1.09s/it]
Calibrating benign streaming threshold:  11%|█         | 108/1000 [02:12<18:06,  1.22s/it]
Calibrating benign streaming threshold:  11%|█         | 109/1000 [02:12<14:11,  1.05it/s]
Calibrating benign streaming threshold:  11%|█         | 110/1000 [02:14<16:36,  1.12s/it]
Calibrating benign streaming threshold:  11%|█         | 111/1000 [02:15<18:06,  1.22s/it]
Calibrating benign streaming threshold:  11%|█         | 112/1000 [02:17<19:07,  1.29s/it]
Calibrating benign streaming threshold:  11%|█▏        | 113/1000 [02:17<15:17,  1.03s/it]
Calibrating benign streaming threshold:  11%|█▏        | 114/1000 [02:19<17:08,  1.16s/it]
Calibrating benign streaming threshold:  12%|█▏        | 115/1000 [02:19<13:00,  1.13it/s]
Calibrating benign streaming threshold:  12%|█▏        | 116/1000 [02:21<15:37,  1.06s/it]
Calibrating benign streaming threshold:  12%|█▏        | 117/1000 [02:22<17:24,  1.18s/it]
Calibrating benign streaming threshold:  12%|█▏        | 118/1000 [02:23<18:37,  1.27s/it]
Calibrating benign streaming threshold:  12%|█▏        | 119/1000 [02:25<19:24,  1.32s/it]
Calibrating benign streaming threshold:  12%|█▏        | 120/1000 [02:26<20:00,  1.36s/it]
Calibrating benign streaming threshold:  12%|█▏        | 121/1000 [02:27<17:43,  1.21s/it]
Calibrating benign streaming threshold:  12%|█▏        | 122/1000 [02:29<18:57,  1.30s/it]
Calibrating benign streaming threshold:  12%|█▏        | 123/1000 [02:30<19:55,  1.36s/it]
Calibrating benign streaming threshold:  12%|█▏        | 124/1000 [02:32<20:18,  1.39s/it]
Calibrating benign streaming threshold:  12%|█▎        | 125/1000 [02:33<20:35,  1.41s/it]
Calibrating benign streaming threshold:  13%|█▎        | 126/1000 [02:35<20:49,  1.43s/it]
Calibrating benign streaming threshold:  13%|█▎        | 127/1000 [02:35<16:58,  1.17s/it]
Calibrating benign streaming threshold:  13%|█▎        | 128/1000 [02:37<18:09,  1.25s/it]
Calibrating benign streaming threshold:  13%|█▎        | 129/1000 [02:38<19:05,  1.32s/it]
Calibrating benign streaming threshold:  13%|█▎        | 130/1000 [02:39<17:56,  1.24s/it]
Calibrating benign streaming threshold:  13%|█▎        | 131/1000 [02:41<18:55,  1.31s/it]
Calibrating benign streaming threshold:  13%|█▎        | 132/1000 [02:42<19:50,  1.37s/it]
Calibrating benign streaming threshold:  13%|█▎        | 133/1000 [02:42<15:09,  1.05s/it]
Calibrating benign streaming threshold:  13%|█▎        | 134/1000 [02:44<17:02,  1.18s/it]
Calibrating benign streaming threshold:  14%|█▎        | 135/1000 [02:45<18:12,  1.26s/it]
Calibrating benign streaming threshold:  14%|█▎        | 136/1000 [02:47<19:01,  1.32s/it]
Calibrating benign streaming threshold:  14%|█▎        | 137/1000 [02:47<14:13,  1.01it/s]
Calibrating benign streaming threshold:  14%|█▍        | 138/1000 [02:48<12:41,  1.13it/s]
Calibrating benign streaming threshold:  14%|█▍        | 139/1000 [02:49<15:07,  1.05s/it]
Calibrating benign streaming threshold:  14%|█▍        | 140/1000 [02:50<13:01,  1.10it/s]
Calibrating benign streaming threshold:  14%|█▍        | 141/1000 [02:51<15:21,  1.07s/it]
Calibrating benign streaming threshold:  14%|█▍        | 142/1000 [02:53<16:58,  1.19s/it]
Calibrating benign streaming threshold:  14%|█▍        | 143/1000 [02:53<14:54,  1.04s/it]
Calibrating benign streaming threshold:  14%|█▍        | 144/1000 [02:55<16:41,  1.17s/it]
Calibrating benign streaming threshold:  14%|█▍        | 145/1000 [02:56<17:55,  1.26s/it]
Calibrating benign streaming threshold:  15%|█▍        | 146/1000 [02:58<18:50,  1.32s/it]
Calibrating benign streaming threshold:  15%|█▍        | 147/1000 [02:58<14:23,  1.01s/it]
Calibrating benign streaming threshold:  15%|█▍        | 148/1000 [02:59<12:33,  1.13it/s]
Calibrating benign streaming threshold:  15%|█▍        | 149/1000 [02:59<11:02,  1.28it/s]
Calibrating benign streaming threshold:  15%|█▌        | 150/1000 [03:00<09:48,  1.45it/s]
Calibrating benign streaming threshold:  15%|█▌        | 151/1000 [03:00<09:55,  1.43it/s]
Calibrating benign streaming threshold:  15%|█▌        | 152/1000 [03:01<10:13,  1.38it/s]
Calibrating benign streaming threshold:  15%|█▌        | 153/1000 [03:03<13:19,  1.06it/s]
Calibrating benign streaming threshold:  15%|█▌        | 154/1000 [03:04<15:28,  1.10s/it]
Calibrating benign streaming threshold:  16%|█▌        | 155/1000 [03:05<16:56,  1.20s/it]
Calibrating benign streaming threshold:  16%|█▌        | 156/1000 [03:06<14:16,  1.01s/it]
Calibrating benign streaming threshold:  16%|█▌        | 157/1000 [03:06<11:31,  1.22it/s]
Calibrating benign streaming threshold:  16%|█▌        | 158/1000 [03:07<10:10,  1.38it/s]
Calibrating benign streaming threshold:  16%|█▌        | 159/1000 [03:08<13:14,  1.06it/s]
Calibrating benign streaming threshold:  16%|█▌        | 160/1000 [03:09<12:10,  1.15it/s]
Calibrating benign streaming threshold:  16%|█▌        | 161/1000 [03:10<11:28,  1.22it/s]
Calibrating benign streaming threshold:  16%|█▌        | 162/1000 [03:10<08:36,  1.62it/s]
Calibrating benign streaming threshold:  16%|█▋        | 163/1000 [03:11<12:20,  1.13it/s]
Calibrating benign streaming threshold:  16%|█▋        | 164/1000 [03:13<14:47,  1.06s/it]
Calibrating benign streaming threshold:  16%|█▋        | 165/1000 [03:14<12:59,  1.07it/s]
Calibrating benign streaming threshold:  17%|█▋        | 166/1000 [03:15<15:09,  1.09s/it]
Calibrating benign streaming threshold:  17%|█▋        | 167/1000 [03:16<16:41,  1.20s/it]
Calibrating benign streaming threshold:  17%|█▋        | 168/1000 [03:17<14:44,  1.06s/it]
Calibrating benign streaming threshold:  17%|█▋        | 169/1000 [03:19<16:21,  1.18s/it]
Calibrating benign streaming threshold:  17%|█▋        | 170/1000 [03:19<14:26,  1.04s/it]
Calibrating benign streaming threshold:  17%|█▋        | 171/1000 [03:21<16:12,  1.17s/it]
Calibrating benign streaming threshold:  17%|█▋        | 172/1000 [03:21<13:05,  1.05it/s]
Calibrating benign streaming threshold:  17%|█▋        | 173/1000 [03:23<15:12,  1.10s/it]
Calibrating benign streaming threshold:  17%|█▋        | 174/1000 [03:24<16:37,  1.21s/it]
Calibrating benign streaming threshold:  18%|█▊        | 175/1000 [03:26<17:41,  1.29s/it]
Calibrating benign streaming threshold:  18%|█▊        | 176/1000 [03:27<18:26,  1.34s/it]
Calibrating benign streaming threshold:  18%|█▊        | 177/1000 [03:28<15:38,  1.14s/it]
Calibrating benign streaming threshold:  18%|█▊        | 178/1000 [03:29<14:37,  1.07s/it]
Calibrating benign streaming threshold:  18%|█▊        | 179/1000 [03:30<14:45,  1.08s/it]
Calibrating benign streaming threshold:  18%|█▊        | 180/1000 [03:31<16:19,  1.19s/it]
Calibrating benign streaming threshold:  18%|█▊        | 181/1000 [03:33<17:26,  1.28s/it]
Calibrating benign streaming threshold:  18%|█▊        | 182/1000 [03:34<18:11,  1.33s/it]
Calibrating benign streaming threshold:  18%|█▊        | 183/1000 [03:36<18:39,  1.37s/it]
Calibrating benign streaming threshold:  18%|█▊        | 184/1000 [03:37<19:00,  1.40s/it]
Calibrating benign streaming threshold:  18%|█▊        | 185/1000 [03:38<17:05,  1.26s/it]
Calibrating benign streaming threshold:  19%|█▊        | 186/1000 [03:38<13:48,  1.02s/it]
Calibrating benign streaming threshold:  19%|█▊        | 187/1000 [03:40<15:36,  1.15s/it]
Calibrating benign streaming threshold:  19%|█▉        | 188/1000 [03:41<17:07,  1.27s/it]
Calibrating benign streaming threshold:  19%|█▉        | 189/1000 [03:43<17:57,  1.33s/it]
Calibrating benign streaming threshold:  19%|█▉        | 190/1000 [03:44<15:18,  1.13s/it]
Calibrating benign streaming threshold:  19%|█▉        | 191/1000 [03:45<14:16,  1.06s/it]
Calibrating benign streaming threshold:  19%|█▉        | 192/1000 [03:45<12:53,  1.04it/s]
Calibrating benign streaming threshold:  19%|█▉        | 193/1000 [03:46<12:08,  1.11it/s]
Calibrating benign streaming threshold:  19%|█▉        | 194/1000 [03:47<13:14,  1.01it/s]
Calibrating benign streaming threshold:  20%|█▉        | 195/1000 [03:49<15:07,  1.13s/it]
Calibrating benign streaming threshold:  20%|█▉        | 196/1000 [03:49<12:36,  1.06it/s]
Calibrating benign streaming threshold:  20%|█▉        | 197/1000 [03:51<14:38,  1.09s/it]
Calibrating benign streaming threshold:  20%|█▉        | 198/1000 [03:52<16:04,  1.20s/it]
Calibrating benign streaming threshold:  20%|█▉        | 199/1000 [03:54<17:05,  1.28s/it]
Calibrating benign streaming threshold:  20%|██        | 200/1000 [03:54<15:37,  1.17s/it]
Calibrating benign streaming threshold:  20%|██        | 201/1000 [03:56<16:46,  1.26s/it]
Calibrating benign streaming threshold:  20%|██        | 202/1000 [03:57<15:01,  1.13s/it]
Calibrating benign streaming threshold:  20%|██        | 203/1000 [03:58<16:23,  1.23s/it]
Calibrating benign streaming threshold:  20%|██        | 204/1000 [04:00<17:32,  1.32s/it]
Calibrating benign streaming threshold:  20%|██        | 205/1000 [04:01<16:46,  1.27s/it]
Calibrating benign streaming threshold:  21%|██        | 206/1000 [04:02<15:27,  1.17s/it]
Calibrating benign streaming threshold:  21%|██        | 207/1000 [04:02<11:48,  1.12it/s]
Calibrating benign streaming threshold:  21%|██        | 208/1000 [04:04<14:00,  1.06s/it]
Calibrating benign streaming threshold:  21%|██        | 209/1000 [04:05<15:35,  1.18s/it]
Calibrating benign streaming threshold:  21%|██        | 210/1000 [04:06<16:38,  1.26s/it]
Calibrating benign streaming threshold:  21%|██        | 211/1000 [04:07<14:30,  1.10s/it]
Calibrating benign streaming threshold:  21%|██        | 212/1000 [04:08<11:25,  1.15it/s]
Calibrating benign streaming threshold:  21%|██▏       | 213/1000 [04:08<09:20,  1.40it/s]
Calibrating benign streaming threshold:  21%|██▏       | 214/1000 [04:09<12:15,  1.07it/s]
Calibrating benign streaming threshold:  22%|██▏       | 215/1000 [04:10<11:08,  1.17it/s]
Calibrating benign streaming threshold:  22%|██▏       | 216/1000 [04:11<13:17,  1.02s/it]
Calibrating benign streaming threshold:  22%|██▏       | 217/1000 [04:13<15:10,  1.16s/it]
Calibrating benign streaming threshold:  22%|██▏       | 218/1000 [04:14<16:21,  1.26s/it]
Calibrating benign streaming threshold:  22%|██▏       | 219/1000 [04:16<17:09,  1.32s/it]
Calibrating benign streaming threshold:  22%|██▏       | 220/1000 [04:17<17:42,  1.36s/it]
Calibrating benign streaming threshold:  22%|██▏       | 221/1000 [04:19<18:04,  1.39s/it]
Calibrating benign streaming threshold:  22%|██▏       | 222/1000 [04:20<18:19,  1.41s/it]
Calibrating benign streaming threshold:  22%|██▏       | 223/1000 [04:21<14:50,  1.15s/it]
Calibrating benign streaming threshold:  22%|██▏       | 224/1000 [04:21<11:48,  1.10it/s]
Calibrating benign streaming threshold:  22%|██▎       | 225/1000 [04:22<10:50,  1.19it/s]
Calibrating benign streaming threshold:  23%|██▎       | 226/1000 [04:23<13:14,  1.03s/it]
Calibrating benign streaming threshold:  23%|██▎       | 227/1000 [04:25<14:52,  1.16s/it]
Calibrating benign streaming threshold:  23%|██▎       | 228/1000 [04:26<16:03,  1.25s/it]
Calibrating benign streaming threshold:  23%|██▎       | 229/1000 [04:28<16:51,  1.31s/it]
Calibrating benign streaming threshold:  23%|██▎       | 230/1000 [04:29<17:39,  1.38s/it]
Calibrating benign streaming threshold:  23%|██▎       | 231/1000 [04:31<18:05,  1.41s/it]
Calibrating benign streaming threshold:  23%|██▎       | 232/1000 [04:31<14:03,  1.10s/it]
Calibrating benign streaming threshold:  23%|██▎       | 233/1000 [04:32<15:24,  1.21s/it]
Calibrating benign streaming threshold:  23%|██▎       | 234/1000 [04:33<13:42,  1.07s/it]
Calibrating benign streaming threshold:  24%|██▎       | 235/1000 [04:35<15:09,  1.19s/it]
Calibrating benign streaming threshold:  24%|██▎       | 236/1000 [04:36<14:02,  1.10s/it]
Calibrating benign streaming threshold:  24%|██▎       | 237/1000 [04:37<15:22,  1.21s/it]
Calibrating benign streaming threshold:  24%|██▍       | 238/1000 [04:37<11:36,  1.09it/s]
Calibrating benign streaming threshold:  24%|██▍       | 239/1000 [04:39<13:36,  1.07s/it]
Calibrating benign streaming threshold:  24%|██▍       | 240/1000 [04:40<15:05,  1.19s/it]
Calibrating benign streaming threshold:  24%|██▍       | 241/1000 [04:41<13:47,  1.09s/it]
Calibrating benign streaming threshold:  24%|██▍       | 242/1000 [04:42<11:49,  1.07it/s]
Calibrating benign streaming threshold:  24%|██▍       | 243/1000 [04:43<13:50,  1.10s/it]
Calibrating benign streaming threshold:  24%|██▍       | 244/1000 [04:45<15:11,  1.21s/it]
Calibrating benign streaming threshold:  24%|██▍       | 245/1000 [04:45<12:42,  1.01s/it]
Calibrating benign streaming threshold:  25%|██▍       | 246/1000 [04:45<09:40,  1.30it/s]
Calibrating benign streaming threshold:  25%|██▍       | 247/1000 [04:46<09:30,  1.32it/s]
Calibrating benign streaming threshold:  25%|██▍       | 248/1000 [04:47<12:12,  1.03it/s]
Calibrating benign streaming threshold:  25%|██▍       | 249/1000 [04:48<11:41,  1.07it/s]
Calibrating benign streaming threshold:  25%|██▌       | 250/1000 [04:49<11:37,  1.08it/s]
Calibrating benign streaming threshold:  25%|██▌       | 251/1000 [04:50<11:27,  1.09it/s]
Calibrating benign streaming threshold:  25%|██▌       | 252/1000 [04:52<13:28,  1.08s/it]
Calibrating benign streaming threshold:  25%|██▌       | 253/1000 [04:53<14:51,  1.19s/it]
Calibrating benign streaming threshold:  25%|██▌       | 254/1000 [04:53<11:57,  1.04it/s]
Calibrating benign streaming threshold:  26%|██▌       | 255/1000 [04:55<13:45,  1.11s/it]
Calibrating benign streaming threshold:  26%|██▌       | 256/1000 [04:56<13:27,  1.09s/it]
Calibrating benign streaming threshold:  26%|██▌       | 257/1000 [04:57<11:35,  1.07it/s]
Calibrating benign streaming threshold:  26%|██▌       | 258/1000 [04:58<13:34,  1.10s/it]
Calibrating benign streaming threshold:  26%|██▌       | 259/1000 [05:00<15:09,  1.23s/it]
Calibrating benign streaming threshold:  26%|██▌       | 260/1000 [05:01<16:03,  1.30s/it]
Calibrating benign streaming threshold:  26%|██▌       | 261/1000 [05:02<14:33,  1.18s/it]
Calibrating benign streaming threshold:  26%|██▌       | 262/1000 [05:03<15:31,  1.26s/it]
Calibrating benign streaming threshold:  26%|██▋       | 263/1000 [05:05<16:12,  1.32s/it]
Calibrating benign streaming threshold:  26%|██▋       | 264/1000 [05:06<16:42,  1.36s/it]
Calibrating benign streaming threshold:  26%|██▋       | 265/1000 [05:07<14:17,  1.17s/it]
Calibrating benign streaming threshold:  27%|██▋       | 266/1000 [05:08<15:20,  1.25s/it]
Calibrating benign streaming threshold:  27%|██▋       | 267/1000 [05:10<16:03,  1.31s/it]
Calibrating benign streaming threshold:  27%|██▋       | 268/1000 [05:11<16:47,  1.38s/it]
Calibrating benign streaming threshold:  27%|██▋       | 269/1000 [05:13<17:06,  1.40s/it]
Calibrating benign streaming threshold:  27%|██▋       | 270/1000 [05:14<17:21,  1.43s/it]
Calibrating benign streaming threshold:  27%|██▋       | 271/1000 [05:16<17:35,  1.45s/it]
Calibrating benign streaming threshold:  27%|██▋       | 272/1000 [05:17<17:36,  1.45s/it]
Calibrating benign streaming threshold:  27%|██▋       | 273/1000 [05:19<16:53,  1.39s/it]
Calibrating benign streaming threshold:  27%|██▋       | 274/1000 [05:20<17:06,  1.41s/it]
Calibrating benign streaming threshold:  28%|██▊       | 275/1000 [05:22<17:18,  1.43s/it]
Calibrating benign streaming threshold:  28%|██▊       | 276/1000 [05:23<17:20,  1.44s/it]
Calibrating benign streaming threshold:  28%|██▊       | 277/1000 [05:24<17:22,  1.44s/it]
Calibrating benign streaming threshold:  28%|██▊       | 278/1000 [05:25<13:13,  1.10s/it]
Calibrating benign streaming threshold:  28%|██▊       | 279/1000 [05:26<14:32,  1.21s/it]
Calibrating benign streaming threshold:  28%|██▊       | 280/1000 [05:27<12:14,  1.02s/it]
Calibrating benign streaming threshold:  28%|██▊       | 281/1000 [05:28<13:55,  1.16s/it]
Calibrating benign streaming threshold:  28%|██▊       | 282/1000 [05:30<15:13,  1.27s/it]
Calibrating benign streaming threshold:  28%|██▊       | 283/1000 [05:30<12:21,  1.03s/it]
Calibrating benign streaming threshold:  28%|██▊       | 284/1000 [05:32<13:51,  1.16s/it]
Calibrating benign streaming threshold:  28%|██▊       | 285/1000 [05:32<10:26,  1.14it/s]
Calibrating benign streaming threshold:  29%|██▊       | 286/1000 [05:33<12:29,  1.05s/it]
Calibrating benign streaming threshold:  29%|██▊       | 287/1000 [05:34<12:11,  1.03s/it]
Calibrating benign streaming threshold:  29%|██▉       | 288/1000 [05:36<13:41,  1.15s/it]
Calibrating benign streaming threshold:  29%|██▉       | 289/1000 [05:37<14:45,  1.25s/it]
Calibrating benign streaming threshold:  29%|██▉       | 290/1000 [05:38<12:25,  1.05s/it]
Calibrating benign streaming threshold:  29%|██▉       | 291/1000 [05:39<13:52,  1.17s/it]
Calibrating benign streaming threshold:  29%|██▉       | 292/1000 [05:41<14:54,  1.26s/it]
Calibrating benign streaming threshold:  29%|██▉       | 293/1000 [05:41<12:19,  1.05s/it]
Calibrating benign streaming threshold:  29%|██▉       | 294/1000 [05:43<13:50,  1.18s/it]
Calibrating benign streaming threshold:  30%|██▉       | 295/1000 [05:43<10:19,  1.14it/s]
Calibrating benign streaming threshold:  30%|██▉       | 296/1000 [05:43<08:17,  1.41it/s]
Calibrating benign streaming threshold:  30%|██▉       | 297/1000 [05:44<06:56,  1.69it/s]
Calibrating benign streaming threshold:  30%|██▉       | 298/1000 [05:45<09:59,  1.17it/s]
Calibrating benign streaming threshold:  30%|██▉       | 299/1000 [05:46<09:22,  1.25it/s]
Calibrating benign streaming threshold:  30%|███       | 300/1000 [05:47<09:01,  1.29it/s]
Calibrating benign streaming threshold:  30%|███       | 301/1000 [05:48<11:24,  1.02it/s]
Calibrating benign streaming threshold:  30%|███       | 302/1000 [05:49<13:03,  1.12s/it]
Calibrating benign streaming threshold:  30%|███       | 303/1000 [05:51<14:10,  1.22s/it]
Calibrating benign streaming threshold:  30%|███       | 304/1000 [05:51<11:27,  1.01it/s]
Calibrating benign streaming threshold:  30%|███       | 305/1000 [05:52<11:15,  1.03it/s]
Calibrating benign streaming threshold:  31%|███       | 306/1000 [05:54<12:56,  1.12s/it]
Calibrating benign streaming threshold:  31%|███       | 307/1000 [05:55<14:06,  1.22s/it]
Calibrating benign streaming threshold:  31%|███       | 308/1000 [05:56<11:54,  1.03s/it]
Calibrating benign streaming threshold:  31%|███       | 309/1000 [05:57<13:23,  1.16s/it]
Calibrating benign streaming threshold:  31%|███       | 310/1000 [05:59<14:29,  1.26s/it]
Calibrating benign streaming threshold:  31%|███       | 311/1000 [05:59<12:02,  1.05s/it]
Calibrating benign streaming threshold:  31%|███       | 312/1000 [06:01<13:34,  1.18s/it]
Calibrating benign streaming threshold:  31%|███▏      | 313/1000 [06:02<14:28,  1.26s/it]
Calibrating benign streaming threshold:  31%|███▏      | 314/1000 [06:04<15:09,  1.33s/it]
Calibrating benign streaming threshold:  32%|███▏      | 315/1000 [06:05<15:36,  1.37s/it]
Calibrating benign streaming threshold:  32%|███▏      | 316/1000 [06:07<15:55,  1.40s/it]
Calibrating benign streaming threshold:  32%|███▏      | 317/1000 [06:07<13:48,  1.21s/it]
Calibrating benign streaming threshold:  32%|███▏      | 318/1000 [06:09<14:36,  1.29s/it]
Calibrating benign streaming threshold:  32%|███▏      | 319/1000 [06:10<15:09,  1.34s/it]
Calibrating benign streaming threshold:  32%|███▏      | 320/1000 [06:12<15:46,  1.39s/it]
Calibrating benign streaming threshold:  32%|███▏      | 321/1000 [06:13<15:39,  1.38s/it]
Calibrating benign streaming threshold:  32%|███▏      | 322/1000 [06:14<12:00,  1.06s/it]
Calibrating benign streaming threshold:  32%|███▏      | 323/1000 [06:15<13:25,  1.19s/it]
Calibrating benign streaming threshold:  32%|███▏      | 324/1000 [06:15<10:20,  1.09it/s]
Calibrating benign streaming threshold:  32%|███▎      | 325/1000 [06:16<08:19,  1.35it/s]
Calibrating benign streaming threshold:  33%|███▎      | 326/1000 [06:17<10:44,  1.05it/s]
Calibrating benign streaming threshold:  33%|███▎      | 327/1000 [06:19<12:24,  1.11s/it]
Calibrating benign streaming threshold:  33%|███▎      | 328/1000 [06:20<13:33,  1.21s/it]
Calibrating benign streaming threshold:  33%|███▎      | 329/1000 [06:21<13:17,  1.19s/it]
Calibrating benign streaming threshold:  33%|███▎      | 330/1000 [06:22<11:07,  1.00it/s]
Calibrating benign streaming threshold:  33%|███▎      | 331/1000 [06:23<12:40,  1.14s/it]
Calibrating benign streaming threshold:  33%|███▎      | 332/1000 [06:25<13:41,  1.23s/it]
Calibrating benign streaming threshold:  33%|███▎      | 333/1000 [06:26<12:38,  1.14s/it]
Calibrating benign streaming threshold:  33%|███▎      | 334/1000 [06:27<13:44,  1.24s/it]
Calibrating benign streaming threshold:  34%|███▎      | 335/1000 [06:28<14:32,  1.31s/it]
Calibrating benign streaming threshold:  34%|███▎      | 336/1000 [06:30<15:14,  1.38s/it]
Calibrating benign streaming threshold:  34%|███▎      | 337/1000 [06:31<12:37,  1.14s/it]
Calibrating benign streaming threshold:  34%|███▍      | 338/1000 [06:32<13:42,  1.24s/it]
Calibrating benign streaming threshold:  34%|███▍      | 339/1000 [06:33<11:32,  1.05s/it]
Calibrating benign streaming threshold:  34%|███▍      | 341/1000 [06:34<10:05,  1.09it/s]
Calibrating benign streaming threshold:  34%|███▍      | 342/1000 [06:35<10:36,  1.03it/s]
Calibrating benign streaming threshold:  34%|███▍      | 343/1000 [06:36<10:47,  1.02it/s]
Calibrating benign streaming threshold:  34%|███▍      | 344/1000 [06:37<09:37,  1.14it/s]
Calibrating benign streaming threshold:  34%|███▍      | 345/1000 [06:37<08:00,  1.36it/s]
Calibrating benign streaming threshold:  35%|███▍      | 346/1000 [06:39<10:16,  1.06it/s]
Calibrating benign streaming threshold:  35%|███▍      | 347/1000 [06:40<11:52,  1.09s/it]
Calibrating benign streaming threshold:  35%|███▍      | 348/1000 [06:42<13:10,  1.21s/it]
Calibrating benign streaming threshold:  35%|███▍      | 349/1000 [06:42<10:22,  1.05it/s]
Calibrating benign streaming threshold:  35%|███▌      | 350/1000 [06:43<11:28,  1.06s/it]
Calibrating benign streaming threshold:  35%|███▌      | 351/1000 [06:45<12:45,  1.18s/it]
Calibrating benign streaming threshold:  35%|███▌      | 353/1000 [06:46<10:44,  1.00it/s]
Calibrating benign streaming threshold:  35%|███▌      | 354/1000 [06:48<11:57,  1.11s/it]
Calibrating benign streaming threshold:  36%|███▌      | 355/1000 [06:49<12:54,  1.20s/it]
Calibrating benign streaming threshold:  36%|███▌      | 356/1000 [06:50<11:42,  1.09s/it]
Calibrating benign streaming threshold:  36%|███▌      | 357/1000 [06:52<12:47,  1.19s/it]
Calibrating benign streaming threshold:  36%|███▌      | 358/1000 [06:52<11:24,  1.07s/it]
Calibrating benign streaming threshold:  36%|███▌      | 359/1000 [06:54<12:35,  1.18s/it]
Calibrating benign streaming threshold:  36%|███▌      | 360/1000 [06:55<13:25,  1.26s/it]
Calibrating benign streaming threshold:  36%|███▌      | 361/1000 [06:57<14:00,  1.32s/it]
Calibrating benign streaming threshold:  36%|███▌      | 362/1000 [06:58<14:27,  1.36s/it]
Calibrating benign streaming threshold:  36%|███▋      | 363/1000 [07:00<14:59,  1.41s/it]
Calibrating benign streaming threshold:  36%|███▋      | 364/1000 [07:01<15:11,  1.43s/it]
Calibrating benign streaming threshold:  36%|███▋      | 365/1000 [07:03<15:15,  1.44s/it]
Calibrating benign streaming threshold:  37%|███▋      | 366/1000 [07:04<15:16,  1.45s/it]
Calibrating benign streaming threshold:  37%|███▋      | 367/1000 [07:06<15:16,  1.45s/it]
Calibrating benign streaming threshold:  37%|███▋      | 368/1000 [07:07<15:17,  1.45s/it]
Calibrating benign streaming threshold:  37%|███▋      | 369/1000 [07:08<15:19,  1.46s/it]
Calibrating benign streaming threshold:  37%|███▋      | 370/1000 [07:10<15:19,  1.46s/it]
Calibrating benign streaming threshold:  37%|███▋      | 371/1000 [07:11<15:25,  1.47s/it]
Calibrating benign streaming threshold:  37%|███▋      | 372/1000 [07:12<13:45,  1.31s/it]
Calibrating benign streaming threshold:  37%|███▋      | 373/1000 [07:14<14:16,  1.37s/it]
Calibrating benign streaming threshold:  37%|███▋      | 374/1000 [07:15<14:33,  1.40s/it]
Calibrating benign streaming threshold:  38%|███▊      | 375/1000 [07:17<14:47,  1.42s/it]
Calibrating benign streaming threshold:  38%|███▊      | 376/1000 [07:18<13:34,  1.30s/it]
Calibrating benign streaming threshold:  38%|███▊      | 377/1000 [07:19<14:03,  1.35s/it]
Calibrating benign streaming threshold:  38%|███▊      | 378/1000 [07:20<11:28,  1.11s/it]
Calibrating benign streaming threshold:  38%|███▊      | 379/1000 [07:21<12:33,  1.21s/it]
Calibrating benign streaming threshold:  38%|███▊      | 380/1000 [07:23<13:19,  1.29s/it]
Calibrating benign streaming threshold:  38%|███▊      | 381/1000 [07:24<13:51,  1.34s/it]
Calibrating benign streaming threshold:  38%|███▊      | 382/1000 [07:24<10:10,  1.01it/s]
Calibrating benign streaming threshold:  38%|███▊      | 383/1000 [07:25<09:33,  1.07it/s]
Calibrating benign streaming threshold:  38%|███▊      | 384/1000 [07:26<07:40,  1.34it/s]
Calibrating benign streaming threshold:  38%|███▊      | 385/1000 [07:27<09:50,  1.04it/s]
Calibrating benign streaming threshold:  39%|███▊      | 386/1000 [07:28<11:26,  1.12s/it]
Calibrating benign streaming threshold:  39%|███▊      | 387/1000 [07:30<12:40,  1.24s/it]
Calibrating benign streaming threshold:  39%|███▉      | 388/1000 [07:31<11:13,  1.10s/it]
Calibrating benign streaming threshold:  39%|███▉      | 389/1000 [07:32<12:15,  1.20s/it]
Calibrating benign streaming threshold:  39%|███▉      | 390/1000 [07:34<13:01,  1.28s/it]
Calibrating benign streaming threshold:  39%|███▉      | 391/1000 [07:34<11:23,  1.12s/it]
Calibrating benign streaming threshold:  39%|███▉      | 392/1000 [07:36<12:22,  1.22s/it]
Calibrating benign streaming threshold:  39%|███▉      | 393/1000 [07:37<11:36,  1.15s/it]
Calibrating benign streaming threshold:  39%|███▉      | 394/1000 [07:37<08:44,  1.16it/s]
Calibrating benign streaming threshold:  40%|███▉      | 395/1000 [07:39<10:30,  1.04s/it]
Calibrating benign streaming threshold:  40%|███▉      | 396/1000 [07:40<11:44,  1.17s/it]
Calibrating benign streaming threshold:  40%|███▉      | 397/1000 [07:40<09:02,  1.11it/s]
Calibrating benign streaming threshold:  40%|███▉      | 398/1000 [07:42<10:49,  1.08s/it]
Calibrating benign streaming threshold:  40%|███▉      | 399/1000 [07:43<11:59,  1.20s/it]
Calibrating benign streaming threshold:  40%|████      | 400/1000 [07:45<12:46,  1.28s/it]
Calibrating benign streaming threshold:  40%|████      | 401/1000 [07:46<13:20,  1.34s/it]
Calibrating benign streaming threshold:  40%|████      | 402/1000 [07:47<11:42,  1.18s/it]
Calibrating benign streaming threshold:  40%|████      | 403/1000 [07:47<09:50,  1.01it/s]
Calibrating benign streaming threshold:  40%|████      | 404/1000 [07:49<11:12,  1.13s/it]
Calibrating benign streaming threshold:  40%|████      | 405/1000 [07:50<09:43,  1.02it/s]
Calibrating benign streaming threshold:  41%|████      | 406/1000 [07:51<11:08,  1.13s/it]
Calibrating benign streaming threshold:  41%|████      | 407/1000 [07:53<12:06,  1.22s/it]
Calibrating benign streaming threshold:  41%|████      | 408/1000 [07:53<09:48,  1.01it/s]
Calibrating benign streaming threshold:  41%|████      | 409/1000 [07:54<09:32,  1.03it/s]
Calibrating benign streaming threshold:  41%|████      | 410/1000 [07:55<08:37,  1.14it/s]
Calibrating benign streaming threshold:  41%|████      | 411/1000 [07:55<07:05,  1.38it/s]
Calibrating benign streaming threshold:  41%|████      | 412/1000 [07:55<05:51,  1.67it/s]
Calibrating benign streaming threshold:  41%|████▏     | 413/1000 [07:56<05:41,  1.72it/s]
Calibrating benign streaming threshold:  41%|████▏     | 414/1000 [07:56<05:55,  1.65it/s]
Calibrating benign streaming threshold:  42%|████▏     | 415/1000 [07:57<07:16,  1.34it/s]
Calibrating benign streaming threshold:  42%|████▏     | 416/1000 [07:59<09:28,  1.03it/s]
Calibrating benign streaming threshold:  42%|████▏     | 417/1000 [08:00<10:58,  1.13s/it]
Calibrating benign streaming threshold:  42%|████▏     | 418/1000 [08:02<10:38,  1.10s/it]
Calibrating benign streaming threshold:  42%|████▏     | 419/1000 [08:02<10:06,  1.04s/it]
Calibrating benign streaming threshold:  42%|████▏     | 420/1000 [08:04<11:16,  1.17s/it]
Calibrating benign streaming threshold:  42%|████▏     | 421/1000 [08:05<12:06,  1.25s/it]
Calibrating benign streaming threshold:  42%|████▏     | 422/1000 [08:06<10:26,  1.08s/it]
Calibrating benign streaming threshold:  42%|████▏     | 423/1000 [08:07<11:28,  1.19s/it]
Calibrating benign streaming threshold:  42%|████▏     | 424/1000 [08:08<09:47,  1.02s/it]
Calibrating benign streaming threshold:  42%|████▎     | 425/1000 [08:10<11:03,  1.15s/it]
Calibrating benign streaming threshold:  43%|████▎     | 426/1000 [08:11<11:58,  1.25s/it]
Calibrating benign streaming threshold:  43%|████▎     | 427/1000 [08:12<11:12,  1.17s/it]
Calibrating benign streaming threshold:  43%|████▎     | 428/1000 [08:14<12:04,  1.27s/it]
Calibrating benign streaming threshold:  43%|████▎     | 429/1000 [08:15<11:58,  1.26s/it]
Calibrating benign streaming threshold:  43%|████▎     | 430/1000 [08:16<12:33,  1.32s/it]
Calibrating benign streaming threshold:  43%|████▎     | 431/1000 [08:18<12:56,  1.36s/it]
Calibrating benign streaming threshold:  43%|████▎     | 432/1000 [08:19<13:12,  1.39s/it]
Calibrating benign streaming threshold:  43%|████▎     | 433/1000 [08:21<13:21,  1.41s/it]
Calibrating benign streaming threshold:  43%|████▎     | 434/1000 [08:22<13:29,  1.43s/it]
Calibrating benign streaming threshold:  44%|████▎     | 435/1000 [08:24<13:33,  1.44s/it]
Calibrating benign streaming threshold:  44%|████▎     | 436/1000 [08:25<13:35,  1.45s/it]
Calibrating benign streaming threshold:  44%|████▎     | 437/1000 [08:26<11:25,  1.22s/it]
Calibrating benign streaming threshold:  44%|████▍     | 438/1000 [08:27<12:04,  1.29s/it]
Calibrating benign streaming threshold:  44%|████▍     | 439/1000 [08:29<12:35,  1.35s/it]
Calibrating benign streaming threshold:  44%|████▍     | 440/1000 [08:29<10:00,  1.07s/it]
Calibrating benign streaming threshold:  44%|████▍     | 441/1000 [08:31<11:10,  1.20s/it]
Calibrating benign streaming threshold:  44%|████▍     | 442/1000 [08:32<11:53,  1.28s/it]
Calibrating benign streaming threshold:  44%|████▍     | 443/1000 [08:33<12:23,  1.33s/it]
Calibrating benign streaming threshold:  44%|████▍     | 444/1000 [08:35<12:42,  1.37s/it]
Calibrating benign streaming threshold:  44%|████▍     | 445/1000 [08:35<09:42,  1.05s/it]
Calibrating benign streaming threshold:  45%|████▍     | 446/1000 [08:36<08:34,  1.08it/s]
Calibrating benign streaming threshold:  45%|████▍     | 447/1000 [08:37<10:00,  1.09s/it]
Calibrating benign streaming threshold:  45%|████▍     | 448/1000 [08:39<11:02,  1.20s/it]
Calibrating benign streaming threshold:  45%|████▍     | 449/1000 [08:40<11:42,  1.28s/it]
Calibrating benign streaming threshold:  45%|████▌     | 450/1000 [08:42<12:21,  1.35s/it]
Calibrating benign streaming threshold:  45%|████▌     | 451/1000 [08:43<12:41,  1.39s/it]
Calibrating benign streaming threshold:  45%|████▌     | 452/1000 [08:45<12:53,  1.41s/it]
Calibrating benign streaming threshold:  45%|████▌     | 453/1000 [08:46<13:00,  1.43s/it]
Calibrating benign streaming threshold:  45%|████▌     | 454/1000 [08:46<09:42,  1.07s/it]
Calibrating benign streaming threshold:  46%|████▌     | 455/1000 [08:48<10:44,  1.18s/it]
Calibrating benign streaming threshold:  46%|████▌     | 456/1000 [08:49<11:30,  1.27s/it]
Calibrating benign streaming threshold:  46%|████▌     | 457/1000 [08:50<10:01,  1.11s/it]
Calibrating benign streaming threshold:  46%|████▌     | 458/1000 [08:52<10:56,  1.21s/it]
Calibrating benign streaming threshold:  46%|████▌     | 459/1000 [08:53<11:35,  1.29s/it]
Calibrating benign streaming threshold:  46%|████▌     | 460/1000 [08:53<09:02,  1.00s/it]
Calibrating benign streaming threshold:  46%|████▌     | 461/1000 [08:54<07:03,  1.27it/s]
Calibrating benign streaming threshold:  46%|████▌     | 462/1000 [08:55<08:49,  1.02it/s]
Calibrating benign streaming threshold:  46%|████▋     | 463/1000 [08:57<10:06,  1.13s/it]
Calibrating benign streaming threshold:  46%|████▋     | 464/1000 [08:58<10:58,  1.23s/it]
Calibrating benign streaming threshold:  46%|████▋     | 465/1000 [08:58<08:51,  1.01it/s]
Calibrating benign streaming threshold:  47%|████▋     | 466/1000 [09:00<10:16,  1.15s/it]
Calibrating benign streaming threshold:  47%|████▋     | 467/1000 [09:01<11:06,  1.25s/it]
Calibrating benign streaming threshold:  47%|████▋     | 468/1000 [09:03<11:37,  1.31s/it]
Calibrating benign streaming threshold:  47%|████▋     | 469/1000 [09:04<11:59,  1.35s/it]
Calibrating benign streaming threshold:  47%|████▋     | 470/1000 [09:05<10:14,  1.16s/it]
Calibrating benign streaming threshold:  47%|████▋     | 471/1000 [09:06<08:28,  1.04it/s]
Calibrating benign streaming threshold:  47%|████▋     | 472/1000 [09:07<09:45,  1.11s/it]
Calibrating benign streaming threshold:  47%|████▋     | 473/1000 [09:08<08:35,  1.02it/s]
Calibrating benign streaming threshold:  47%|████▋     | 474/1000 [09:09<09:50,  1.12s/it]
Calibrating benign streaming threshold:  48%|████▊     | 475/1000 [09:11<10:42,  1.22s/it]
Calibrating benign streaming threshold:  48%|████▊     | 476/1000 [09:12<11:27,  1.31s/it]
Calibrating benign streaming threshold:  48%|████▊     | 477/1000 [09:12<08:51,  1.02s/it]
Calibrating benign streaming threshold:  48%|████▊     | 478/1000 [09:13<07:11,  1.21it/s]
Calibrating benign streaming threshold:  48%|████▊     | 479/1000 [09:14<08:51,  1.02s/it]
Calibrating benign streaming threshold:  48%|████▊     | 480/1000 [09:15<08:12,  1.06it/s]
Calibrating benign streaming threshold:  48%|████▊     | 481/1000 [09:16<07:01,  1.23it/s]
Calibrating benign streaming threshold:  48%|████▊     | 482/1000 [09:16<06:30,  1.33it/s]
Calibrating benign streaming threshold:  48%|████▊     | 483/1000 [09:18<08:19,  1.03it/s]
Calibrating benign streaming threshold:  48%|████▊     | 484/1000 [09:19<09:38,  1.12s/it]
Calibrating benign streaming threshold:  48%|████▊     | 485/1000 [09:21<10:31,  1.23s/it]
Calibrating benign streaming threshold:  49%|████▊     | 486/1000 [09:21<09:21,  1.09s/it]
Calibrating benign streaming threshold:  49%|████▊     | 487/1000 [09:23<10:17,  1.20s/it]
Calibrating benign streaming threshold:  49%|████▉     | 488/1000 [09:24<10:49,  1.27s/it]
Calibrating benign streaming threshold:  49%|████▉     | 489/1000 [09:26<11:18,  1.33s/it]
Calibrating benign streaming threshold:  49%|████▉     | 490/1000 [09:27<11:38,  1.37s/it]
Calibrating benign streaming threshold:  49%|████▉     | 491/1000 [09:29<11:55,  1.41s/it]
Calibrating benign streaming threshold:  49%|████▉     | 492/1000 [09:30<12:13,  1.44s/it]
Calibrating benign streaming threshold:  49%|████▉     | 493/1000 [09:32<12:15,  1.45s/it]
Calibrating benign streaming threshold:  49%|████▉     | 494/1000 [09:33<12:15,  1.45s/it]
Calibrating benign streaming threshold:  50%|████▉     | 495/1000 [09:35<12:17,  1.46s/it]
Calibrating benign streaming threshold:  50%|████▉     | 496/1000 [09:36<12:15,  1.46s/it]
Calibrating benign streaming threshold:  50%|████▉     | 497/1000 [09:38<12:16,  1.46s/it]
Calibrating benign streaming threshold:  50%|████▉     | 498/1000 [09:39<12:15,  1.47s/it]
Calibrating benign streaming threshold:  50%|████▉     | 499/1000 [09:40<10:02,  1.20s/it]
Calibrating benign streaming threshold:  50%|█████     | 500/1000 [09:41<10:46,  1.29s/it]
Calibrating benign streaming threshold:  50%|█████     | 501/1000 [09:43<11:14,  1.35s/it]
Calibrating benign streaming threshold:  50%|█████     | 502/1000 [09:43<10:04,  1.21s/it]
Calibrating benign streaming threshold:  50%|█████     | 503/1000 [09:45<10:40,  1.29s/it]
Calibrating benign streaming threshold:  50%|█████     | 504/1000 [09:46<11:05,  1.34s/it]
Calibrating benign streaming threshold:  50%|█████     | 505/1000 [09:48<11:24,  1.38s/it]
Calibrating benign streaming threshold:  51%|█████     | 506/1000 [09:49<09:30,  1.16s/it]
Calibrating benign streaming threshold:  51%|█████     | 507/1000 [09:49<08:44,  1.06s/it]
Calibrating benign streaming threshold:  51%|█████     | 508/1000 [09:51<09:45,  1.19s/it]
Calibrating benign streaming threshold:  51%|█████     | 509/1000 [09:52<10:25,  1.27s/it]
Calibrating benign streaming threshold:  51%|█████     | 510/1000 [09:54<10:50,  1.33s/it]
Calibrating benign streaming threshold:  51%|█████     | 511/1000 [09:55<11:10,  1.37s/it]
Calibrating benign streaming threshold:  51%|█████     | 512/1000 [09:56<08:54,  1.09s/it]
Calibrating benign streaming threshold:  51%|█████▏    | 513/1000 [09:57<09:46,  1.21s/it]
Calibrating benign streaming threshold:  51%|█████▏    | 514/1000 [09:58<08:33,  1.06s/it]
Calibrating benign streaming threshold:  52%|█████▏    | 515/1000 [09:59<09:39,  1.19s/it]
Calibrating benign streaming threshold:  52%|█████▏    | 516/1000 [10:01<10:20,  1.28s/it]
Calibrating benign streaming threshold:  52%|█████▏    | 517/1000 [10:01<07:29,  1.07it/s]
Calibrating benign streaming threshold:  52%|█████▏    | 518/1000 [10:02<08:47,  1.09s/it]
Calibrating benign streaming threshold:  52%|█████▏    | 519/1000 [10:04<09:42,  1.21s/it]
Calibrating benign streaming threshold:  52%|█████▏    | 520/1000 [10:05<10:23,  1.30s/it]
Calibrating benign streaming threshold:  52%|█████▏    | 521/1000 [10:07<10:47,  1.35s/it]
Calibrating benign streaming threshold:  52%|█████▏    | 522/1000 [10:08<09:08,  1.15s/it]
Calibrating benign streaming threshold:  52%|█████▏    | 523/1000 [10:09<09:52,  1.24s/it]
Calibrating benign streaming threshold:  52%|█████▏    | 524/1000 [10:11<10:30,  1.32s/it]
Calibrating benign streaming threshold:  52%|█████▎    | 525/1000 [10:12<10:57,  1.39s/it]
Calibrating benign streaming threshold:  53%|█████▎    | 526/1000 [10:13<09:48,  1.24s/it]
Calibrating benign streaming threshold:  53%|█████▎    | 527/1000 [10:15<10:23,  1.32s/it]
Calibrating benign streaming threshold:  53%|█████▎    | 528/1000 [10:16<10:10,  1.29s/it]
Calibrating benign streaming threshold:  53%|█████▎    | 529/1000 [10:17<10:36,  1.35s/it]
Calibrating benign streaming threshold:  53%|█████▎    | 530/1000 [10:19<10:52,  1.39s/it]
Calibrating benign streaming threshold:  53%|█████▎    | 531/1000 [10:20<11:04,  1.42s/it]
Calibrating benign streaming threshold:  53%|█████▎    | 532/1000 [10:20<08:09,  1.05s/it]
Calibrating benign streaming threshold:  53%|█████▎    | 533/1000 [10:21<07:15,  1.07it/s]
Calibrating benign streaming threshold:  53%|█████▎    | 534/1000 [10:21<05:50,  1.33it/s]
Calibrating benign streaming threshold:  54%|█████▎    | 535/1000 [10:23<07:31,  1.03it/s]
Calibrating benign streaming threshold:  54%|█████▎    | 536/1000 [10:24<08:39,  1.12s/it]
Calibrating benign streaming threshold:  54%|█████▎    | 537/1000 [10:26<09:26,  1.22s/it]
Calibrating benign streaming threshold:  54%|█████▍    | 538/1000 [10:27<09:58,  1.30s/it]
Calibrating benign streaming threshold:  54%|█████▍    | 539/1000 [10:28<08:04,  1.05s/it]
Calibrating benign streaming threshold:  54%|█████▍    | 540/1000 [10:29<09:10,  1.20s/it]
Calibrating benign streaming threshold:  54%|█████▍    | 541/1000 [10:30<08:16,  1.08s/it]
Calibrating benign streaming threshold:  54%|█████▍    | 542/1000 [10:32<09:09,  1.20s/it]
Calibrating benign streaming threshold:  54%|█████▍    | 543/1000 [10:32<07:13,  1.05it/s]
Calibrating benign streaming threshold:  54%|█████▍    | 544/1000 [10:33<08:25,  1.11s/it]
Calibrating benign streaming threshold:  55%|█████▍    | 545/1000 [10:34<07:48,  1.03s/it]
Calibrating benign streaming threshold:  55%|█████▍    | 546/1000 [10:35<06:36,  1.15it/s]
Calibrating benign streaming threshold:  55%|█████▍    | 547/1000 [10:36<07:55,  1.05s/it]
Calibrating benign streaming threshold:  55%|█████▍    | 548/1000 [10:36<06:10,  1.22it/s]
Calibrating benign streaming threshold:  55%|█████▍    | 549/1000 [10:38<07:38,  1.02s/it]
Calibrating benign streaming threshold:  55%|█████▌    | 550/1000 [10:39<06:50,  1.09it/s]
Calibrating benign streaming threshold:  55%|█████▌    | 551/1000 [10:40<08:03,  1.08s/it]
Calibrating benign streaming threshold:  55%|█████▌    | 552/1000 [10:42<09:01,  1.21s/it]
Calibrating benign streaming threshold:  55%|█████▌    | 553/1000 [10:43<09:36,  1.29s/it]
Calibrating benign streaming threshold:  55%|█████▌    | 554/1000 [10:45<10:00,  1.35s/it]
Calibrating benign streaming threshold:  56%|█████▌    | 555/1000 [10:45<08:31,  1.15s/it]
Calibrating benign streaming threshold:  56%|█████▌    | 556/1000 [10:47<09:14,  1.25s/it]
Calibrating benign streaming threshold:  56%|█████▌    | 557/1000 [10:48<09:42,  1.32s/it]
Calibrating benign streaming threshold:  56%|█████▌    | 558/1000 [10:49<08:07,  1.10s/it]
Calibrating benign streaming threshold:  56%|█████▌    | 559/1000 [10:50<08:54,  1.21s/it]
Calibrating benign streaming threshold:  56%|█████▌    | 560/1000 [10:51<08:02,  1.10s/it]
Calibrating benign streaming threshold:  56%|█████▌    | 561/1000 [10:53<08:49,  1.21s/it]
Calibrating benign streaming threshold:  56%|█████▌    | 562/1000 [10:54<09:23,  1.29s/it]
Calibrating benign streaming threshold:  56%|█████▋    | 563/1000 [10:56<09:46,  1.34s/it]
Calibrating benign streaming threshold:  56%|█████▋    | 564/1000 [10:57<09:04,  1.25s/it]
Calibrating benign streaming threshold:  56%|█████▋    | 565/1000 [10:57<07:43,  1.06s/it]
Calibrating benign streaming threshold:  57%|█████▋    | 566/1000 [10:59<08:40,  1.20s/it]
Calibrating benign streaming threshold:  57%|█████▋    | 567/1000 [11:00<09:22,  1.30s/it]
Calibrating benign streaming threshold:  57%|█████▋    | 568/1000 [11:02<09:44,  1.35s/it]
Calibrating benign streaming threshold:  57%|█████▋    | 569/1000 [11:02<07:49,  1.09s/it]
Calibrating benign streaming threshold:  57%|█████▋    | 570/1000 [11:04<08:38,  1.21s/it]
Calibrating benign streaming threshold:  57%|█████▋    | 571/1000 [11:04<07:18,  1.02s/it]
Calibrating benign streaming threshold:  57%|█████▋    | 572/1000 [11:06<08:16,  1.16s/it]
Calibrating benign streaming threshold:  57%|█████▋    | 573/1000 [11:07<08:55,  1.25s/it]
Calibrating benign streaming threshold:  57%|█████▋    | 574/1000 [11:08<07:13,  1.02s/it]
Calibrating benign streaming threshold:  57%|█████▊    | 575/1000 [11:09<08:10,  1.15s/it]
Calibrating benign streaming threshold:  58%|█████▊    | 576/1000 [11:11<08:49,  1.25s/it]
Calibrating benign streaming threshold:  58%|█████▊    | 577/1000 [11:12<09:22,  1.33s/it]
Calibrating benign streaming threshold:  58%|█████▊    | 578/1000 [11:12<07:07,  1.01s/it]
Calibrating benign streaming threshold:  58%|█████▊    | 579/1000 [11:14<08:07,  1.16s/it]
Calibrating benign streaming threshold:  58%|█████▊    | 580/1000 [11:15<08:52,  1.27s/it]
Calibrating benign streaming threshold:  58%|█████▊    | 581/1000 [11:17<09:20,  1.34s/it]
Calibrating benign streaming threshold:  58%|█████▊    | 582/1000 [11:18<09:35,  1.38s/it]
Calibrating benign streaming threshold:  58%|█████▊    | 583/1000 [11:20<09:46,  1.41s/it]
Calibrating benign streaming threshold:  58%|█████▊    | 584/1000 [11:21<08:37,  1.24s/it]
Calibrating benign streaming threshold:  58%|█████▊    | 585/1000 [11:22<09:05,  1.31s/it]
Calibrating benign streaming threshold:  59%|█████▊    | 586/1000 [11:24<09:23,  1.36s/it]
Calibrating benign streaming threshold:  59%|█████▊    | 587/1000 [11:25<09:37,  1.40s/it]
Calibrating benign streaming threshold:  59%|█████▉    | 588/1000 [11:27<09:44,  1.42s/it]
Calibrating benign streaming threshold:  59%|█████▉    | 589/1000 [11:28<09:52,  1.44s/it]
Calibrating benign streaming threshold:  59%|█████▉    | 590/1000 [11:29<08:47,  1.29s/it]
Calibrating benign streaming threshold:  59%|█████▉    | 591/1000 [11:31<09:13,  1.35s/it]
Calibrating benign streaming threshold:  59%|█████▉    | 592/1000 [11:32<09:26,  1.39s/it]
Calibrating benign streaming threshold:  59%|█████▉    | 593/1000 [11:33<09:33,  1.41s/it]
Calibrating benign streaming threshold:  59%|█████▉    | 594/1000 [11:34<08:22,  1.24s/it]
Calibrating benign streaming threshold:  60%|█████▉    | 595/1000 [11:35<07:41,  1.14s/it]
Calibrating benign streaming threshold:  60%|█████▉    | 596/1000 [11:36<06:39,  1.01it/s]
Calibrating benign streaming threshold:  60%|█████▉    | 597/1000 [11:37<07:38,  1.14s/it]
Calibrating benign streaming threshold:  60%|█████▉    | 598/1000 [11:39<08:17,  1.24s/it]
Calibrating benign streaming threshold:  60%|█████▉    | 599/1000 [11:40<07:23,  1.11s/it]
Calibrating benign streaming threshold:  60%|██████    | 600/1000 [11:41<08:10,  1.23s/it]
Calibrating benign streaming threshold:  60%|██████    | 601/1000 [11:42<07:11,  1.08s/it]
Calibrating benign streaming threshold:  60%|██████    | 602/1000 [11:43<06:36,  1.00it/s]
Calibrating benign streaming threshold:  60%|██████    | 603/1000 [11:43<05:29,  1.21it/s]
Calibrating benign streaming threshold:  60%|██████    | 604/1000 [11:45<06:47,  1.03s/it]
Calibrating benign streaming threshold:  60%|██████    | 605/1000 [11:46<07:39,  1.16s/it]
Calibrating benign streaming threshold:  61%|██████    | 606/1000 [11:47<06:57,  1.06s/it]
Calibrating benign streaming threshold:  61%|██████    | 607/1000 [11:48<06:41,  1.02s/it]
Calibrating benign streaming threshold:  61%|██████    | 608/1000 [11:49<07:32,  1.16s/it]
Calibrating benign streaming threshold:  61%|██████    | 609/1000 [11:51<08:07,  1.25s/it]
Calibrating benign streaming threshold:  61%|██████    | 610/1000 [11:52<08:33,  1.32s/it]
Calibrating benign streaming threshold:  61%|██████    | 611/1000 [11:54<08:50,  1.37s/it]
Calibrating benign streaming threshold:  61%|██████    | 612/1000 [11:55<09:02,  1.40s/it]
Calibrating benign streaming threshold:  61%|██████▏   | 613/1000 [11:57<09:10,  1.42s/it]
Calibrating benign streaming threshold:  61%|██████▏   | 614/1000 [11:58<09:14,  1.44s/it]
Calibrating benign streaming threshold:  62%|██████▏   | 615/1000 [12:00<09:25,  1.47s/it]
Calibrating benign streaming threshold:  62%|██████▏   | 616/1000 [12:01<09:26,  1.48s/it]
Calibrating benign streaming threshold:  62%|██████▏   | 617/1000 [12:03<09:24,  1.47s/it]
Calibrating benign streaming threshold:  62%|██████▏   | 618/1000 [12:04<09:20,  1.47s/it]
Calibrating benign streaming threshold:  62%|██████▏   | 619/1000 [12:06<09:20,  1.47s/it]
Calibrating benign streaming threshold:  62%|██████▏   | 620/1000 [12:07<09:19,  1.47s/it]
Calibrating benign streaming threshold:  62%|██████▏   | 621/1000 [12:09<09:19,  1.48s/it]
Calibrating benign streaming threshold:  62%|██████▏   | 622/1000 [12:09<07:25,  1.18s/it]
Calibrating benign streaming threshold:  62%|██████▏   | 623/1000 [12:11<07:57,  1.27s/it]
Calibrating benign streaming threshold:  62%|██████▏   | 624/1000 [12:12<08:26,  1.35s/it]
Calibrating benign streaming threshold:  62%|██████▎   | 625/1000 [12:14<08:41,  1.39s/it]
Calibrating benign streaming threshold:  63%|██████▎   | 626/1000 [12:15<08:51,  1.42s/it]
Calibrating benign streaming threshold:  63%|██████▎   | 627/1000 [12:17<08:56,  1.44s/it]
Calibrating benign streaming threshold:  63%|██████▎   | 628/1000 [12:18<08:57,  1.44s/it]
Calibrating benign streaming threshold:  63%|██████▎   | 629/1000 [12:18<07:02,  1.14s/it]
Calibrating benign streaming threshold:  63%|██████▎   | 630/1000 [12:20<07:38,  1.24s/it]
Calibrating benign streaming threshold:  63%|██████▎   | 631/1000 [12:21<08:03,  1.31s/it]
Calibrating benign streaming threshold:  63%|██████▎   | 632/1000 [12:22<06:54,  1.13s/it]
Calibrating benign streaming threshold:  63%|██████▎   | 633/1000 [12:24<07:32,  1.23s/it]
Calibrating benign streaming threshold:  63%|██████▎   | 634/1000 [12:25<07:56,  1.30s/it]
Calibrating benign streaming threshold:  64%|██████▎   | 635/1000 [12:26<08:13,  1.35s/it]
Calibrating benign streaming threshold:  64%|██████▎   | 636/1000 [12:27<06:17,  1.04s/it]
Calibrating benign streaming threshold:  64%|██████▎   | 637/1000 [12:27<05:19,  1.13it/s]
Calibrating benign streaming threshold:  64%|██████▍   | 638/1000 [12:28<05:10,  1.17it/s]
Calibrating benign streaming threshold:  64%|██████▍   | 639/1000 [12:28<04:15,  1.41it/s]
Calibrating benign streaming threshold:  64%|██████▍   | 640/1000 [12:29<03:58,  1.51it/s]
Calibrating benign streaming threshold:  64%|██████▍   | 641/1000 [12:30<05:28,  1.09it/s]
Calibrating benign streaming threshold:  64%|██████▍   | 642/1000 [12:32<06:27,  1.08s/it]
Calibrating benign streaming threshold:  64%|██████▍   | 643/1000 [12:33<07:06,  1.19s/it]
Calibrating benign streaming threshold:  64%|██████▍   | 644/1000 [12:35<07:34,  1.28s/it]
Calibrating benign streaming threshold:  64%|██████▍   | 645/1000 [12:36<07:53,  1.33s/it]
Calibrating benign streaming threshold:  65%|██████▍   | 646/1000 [12:38<08:06,  1.37s/it]
Calibrating benign streaming threshold:  65%|██████▍   | 647/1000 [12:39<08:15,  1.40s/it]
Calibrating benign streaming threshold:  65%|██████▍   | 648/1000 [12:41<08:21,  1.43s/it]
Calibrating benign streaming threshold:  65%|██████▍   | 649/1000 [12:42<08:07,  1.39s/it]
Calibrating benign streaming threshold:  65%|██████▌   | 650/1000 [12:43<06:42,  1.15s/it]
Calibrating benign streaming threshold:  65%|██████▌   | 651/1000 [12:43<05:43,  1.02it/s]
Calibrating benign streaming threshold:  65%|██████▌   | 652/1000 [12:45<06:34,  1.13s/it]
Calibrating benign streaming threshold:  65%|██████▌   | 653/1000 [12:45<05:19,  1.09it/s]
Calibrating benign streaming threshold:  65%|██████▌   | 654/1000 [12:45<04:02,  1.43it/s]
Calibrating benign streaming threshold:  66%|██████▌   | 655/1000 [12:47<05:19,  1.08it/s]
Calibrating benign streaming threshold:  66%|██████▌   | 656/1000 [12:47<04:00,  1.43it/s]
Calibrating benign streaming threshold:  66%|██████▌   | 657/1000 [12:47<03:38,  1.57it/s]
Calibrating benign streaming threshold:  66%|██████▌   | 658/1000 [12:49<05:03,  1.13it/s]
Calibrating benign streaming threshold:  66%|██████▌   | 659/1000 [12:50<06:00,  1.06s/it]
Calibrating benign streaming threshold:  66%|██████▌   | 660/1000 [12:52<06:41,  1.18s/it]
Calibrating benign streaming threshold:  66%|██████▌   | 661/1000 [12:52<04:54,  1.15it/s]
Calibrating benign streaming threshold:  66%|██████▌   | 662/1000 [12:53<05:21,  1.05it/s]
Calibrating benign streaming threshold:  66%|██████▋   | 663/1000 [12:55<06:13,  1.11s/it]
Calibrating benign streaming threshold:  66%|██████▋   | 664/1000 [12:56<06:48,  1.22s/it]
Calibrating benign streaming threshold:  66%|██████▋   | 665/1000 [12:58<07:12,  1.29s/it]
Calibrating benign streaming threshold:  67%|██████▋   | 666/1000 [12:59<07:33,  1.36s/it]
Calibrating benign streaming threshold:  67%|██████▋   | 667/1000 [12:59<05:52,  1.06s/it]
Calibrating benign streaming threshold:  67%|██████▋   | 668/1000 [13:01<06:34,  1.19s/it]
Calibrating benign streaming threshold:  67%|██████▋   | 669/1000 [13:02<05:36,  1.02s/it]
Calibrating benign streaming threshold:  67%|██████▋   | 670/1000 [13:03<06:19,  1.15s/it]
Calibrating benign streaming threshold:  67%|██████▋   | 671/1000 [13:03<04:35,  1.19it/s]
Calibrating benign streaming threshold:  67%|██████▋   | 672/1000 [13:04<03:50,  1.42it/s]
Calibrating benign streaming threshold:  67%|██████▋   | 673/1000 [13:04<04:10,  1.30it/s]
Calibrating benign streaming threshold:  67%|██████▋   | 674/1000 [13:06<05:17,  1.03it/s]
Calibrating benign streaming threshold:  68%|██████▊   | 675/1000 [13:07<06:05,  1.12s/it]
Calibrating benign streaming threshold:  68%|██████▊   | 676/1000 [13:09<06:38,  1.23s/it]
Calibrating benign streaming threshold:  68%|██████▊   | 677/1000 [13:10<07:00,  1.30s/it]
Calibrating benign streaming threshold:  68%|██████▊   | 678/1000 [13:11<06:10,  1.15s/it]
Calibrating benign streaming threshold:  68%|██████▊   | 679/1000 [13:13<06:43,  1.26s/it]
Calibrating benign streaming threshold:  68%|██████▊   | 680/1000 [13:13<05:26,  1.02s/it]
Calibrating benign streaming threshold:  68%|██████▊   | 681/1000 [13:14<04:41,  1.13it/s]
Calibrating benign streaming threshold:  68%|██████▊   | 682/1000 [13:15<05:37,  1.06s/it]
Calibrating benign streaming threshold:  68%|██████▊   | 683/1000 [13:17<06:15,  1.18s/it]
Calibrating benign streaming threshold:  68%|██████▊   | 684/1000 [13:18<06:39,  1.26s/it]
Calibrating benign streaming threshold:  68%|██████▊   | 685/1000 [13:18<04:58,  1.06it/s]
Calibrating benign streaming threshold:  69%|██████▊   | 686/1000 [13:20<05:44,  1.10s/it]
Calibrating benign streaming threshold:  69%|██████▊   | 687/1000 [13:20<04:13,  1.23it/s]
Calibrating benign streaming threshold:  69%|██████▉   | 688/1000 [13:21<05:14,  1.01s/it]
Calibrating benign streaming threshold:  69%|██████▉   | 689/1000 [13:23<05:57,  1.15s/it]
Calibrating benign streaming threshold:  69%|██████▉   | 690/1000 [13:23<05:12,  1.01s/it]
Calibrating benign streaming threshold:  69%|██████▉   | 691/1000 [13:24<04:12,  1.22it/s]
Calibrating benign streaming threshold:  69%|██████▉   | 692/1000 [13:25<05:13,  1.02s/it]
Calibrating benign streaming threshold:  69%|██████▉   | 693/1000 [13:26<05:16,  1.03s/it]
Calibrating benign streaming threshold:  69%|██████▉   | 694/1000 [13:28<05:56,  1.16s/it]
Calibrating benign streaming threshold:  70%|██████▉   | 695/1000 [13:29<06:28,  1.27s/it]
Calibrating benign streaming threshold:  70%|██████▉   | 696/1000 [13:31<06:46,  1.34s/it]
Calibrating benign streaming threshold:  70%|██████▉   | 697/1000 [13:32<06:57,  1.38s/it]
Calibrating benign streaming threshold:  70%|██████▉   | 698/1000 [13:33<05:20,  1.06s/it]
Calibrating benign streaming threshold:  70%|██████▉   | 699/1000 [13:34<05:54,  1.18s/it]
Calibrating benign streaming threshold:  70%|███████   | 700/1000 [13:35<05:32,  1.11s/it]
Calibrating benign streaming threshold:  70%|███████   | 701/1000 [13:36<06:01,  1.21s/it]
Calibrating benign streaming threshold:  70%|███████   | 702/1000 [13:38<06:23,  1.29s/it]
Calibrating benign streaming threshold:  70%|███████   | 703/1000 [13:39<05:38,  1.14s/it]
Calibrating benign streaming threshold:  70%|███████   | 704/1000 [13:40<05:35,  1.13s/it]
Calibrating benign streaming threshold:  70%|███████   | 705/1000 [13:41<06:07,  1.25s/it]
Calibrating benign streaming threshold:  71%|███████   | 706/1000 [13:43<06:28,  1.32s/it]
Calibrating benign streaming threshold:  71%|███████   | 707/1000 [13:44<06:41,  1.37s/it]
Calibrating benign streaming threshold:  71%|███████   | 708/1000 [13:46<06:48,  1.40s/it]
Calibrating benign streaming threshold:  71%|███████   | 709/1000 [13:46<05:19,  1.10s/it]
Calibrating benign streaming threshold:  71%|███████   | 710/1000 [13:47<05:20,  1.10s/it]
Calibrating benign streaming threshold:  71%|███████   | 711/1000 [13:48<04:51,  1.01s/it]
Calibrating benign streaming threshold:  71%|███████   | 712/1000 [13:48<03:52,  1.24it/s]
Calibrating benign streaming threshold:  71%|███████▏  | 713/1000 [13:50<04:47,  1.00s/it]
Calibrating benign streaming threshold:  71%|███████▏  | 714/1000 [13:51<05:26,  1.14s/it]
Calibrating benign streaming threshold:  72%|███████▏  | 715/1000 [13:53<05:54,  1.24s/it]
Calibrating benign streaming threshold:  72%|███████▏  | 716/1000 [13:53<04:51,  1.03s/it]
Calibrating benign streaming threshold:  72%|███████▏  | 717/1000 [13:55<05:28,  1.16s/it]
Calibrating benign streaming threshold:  72%|███████▏  | 718/1000 [13:56<05:54,  1.26s/it]
Calibrating benign streaming threshold:  72%|███████▏  | 719/1000 [13:58<06:12,  1.32s/it]
Calibrating benign streaming threshold:  72%|███████▏  | 720/1000 [13:58<04:54,  1.05s/it]
Calibrating benign streaming threshold:  72%|███████▏  | 721/1000 [14:00<05:34,  1.20s/it]
Calibrating benign streaming threshold:  72%|███████▏  | 722/1000 [14:01<05:57,  1.29s/it]
Calibrating benign streaming threshold:  72%|███████▏  | 723/1000 [14:03<06:11,  1.34s/it]
Calibrating benign streaming threshold:  72%|███████▏  | 724/1000 [14:04<06:18,  1.37s/it]
Calibrating benign streaming threshold:  72%|███████▎  | 725/1000 [14:06<06:24,  1.40s/it]
Calibrating benign streaming threshold:  73%|███████▎  | 726/1000 [14:06<05:28,  1.20s/it]
Calibrating benign streaming threshold:  73%|███████▎  | 727/1000 [14:08<05:49,  1.28s/it]
Calibrating benign streaming threshold:  73%|███████▎  | 728/1000 [14:09<06:03,  1.34s/it]
Calibrating benign streaming threshold:  73%|███████▎  | 729/1000 [14:11<06:13,  1.38s/it]
Calibrating benign streaming threshold:  73%|███████▎  | 730/1000 [14:12<06:21,  1.41s/it]
Calibrating benign streaming threshold:  73%|███████▎  | 731/1000 [14:14<06:26,  1.44s/it]
Calibrating benign streaming threshold:  73%|███████▎  | 732/1000 [14:14<05:08,  1.15s/it]
Calibrating benign streaming threshold:  73%|███████▎  | 733/1000 [14:16<05:34,  1.25s/it]
Calibrating benign streaming threshold:  73%|███████▎  | 734/1000 [14:17<05:49,  1.31s/it]
Calibrating benign streaming threshold:  74%|███████▎  | 735/1000 [14:19<06:01,  1.36s/it]
Calibrating benign streaming threshold:  74%|███████▎  | 736/1000 [14:19<04:39,  1.06s/it]
Calibrating benign streaming threshold:  74%|███████▎  | 737/1000 [14:21<05:09,  1.18s/it]
Calibrating benign streaming threshold:  74%|███████▍  | 738/1000 [14:21<03:55,  1.11it/s]
Calibrating benign streaming threshold:  74%|███████▍  | 739/1000 [14:22<04:38,  1.07s/it]
Calibrating benign streaming threshold:  74%|███████▍  | 740/1000 [14:24<05:09,  1.19s/it]
Calibrating benign streaming threshold:  74%|███████▍  | 741/1000 [14:25<05:30,  1.28s/it]
Calibrating benign streaming threshold:  74%|███████▍  | 742/1000 [14:26<04:45,  1.11s/it]
Calibrating benign streaming threshold:  74%|███████▍  | 743/1000 [14:27<05:14,  1.22s/it]
Calibrating benign streaming threshold:  74%|███████▍  | 744/1000 [14:28<04:47,  1.12s/it]
Calibrating benign streaming threshold:  74%|███████▍  | 745/1000 [14:30<05:17,  1.25s/it]
Calibrating benign streaming threshold:  75%|███████▍  | 746/1000 [14:31<05:35,  1.32s/it]
Calibrating benign streaming threshold:  75%|███████▍  | 747/1000 [14:32<04:29,  1.06s/it]
Calibrating benign streaming threshold:  75%|███████▍  | 748/1000 [14:33<04:58,  1.19s/it]
Calibrating benign streaming threshold:  75%|███████▍  | 749/1000 [14:35<05:18,  1.27s/it]
Calibrating benign streaming threshold:  75%|███████▌  | 750/1000 [14:35<04:14,  1.02s/it]
Calibrating benign streaming threshold:  75%|███████▌  | 751/1000 [14:37<04:45,  1.15s/it]
Calibrating benign streaming threshold:  75%|███████▌  | 752/1000 [14:37<03:55,  1.05it/s]
Calibrating benign streaming threshold:  75%|███████▌  | 753/1000 [14:39<04:32,  1.10s/it]
Calibrating benign streaming threshold:  75%|███████▌  | 754/1000 [14:40<04:58,  1.21s/it]
Calibrating benign streaming threshold:  76%|███████▌  | 755/1000 [14:41<05:00,  1.22s/it]
Calibrating benign streaming threshold:  76%|███████▌  | 756/1000 [14:43<05:18,  1.30s/it]
Calibrating benign streaming threshold:  76%|███████▌  | 757/1000 [14:44<05:30,  1.36s/it]
Calibrating benign streaming threshold:  76%|███████▌  | 758/1000 [14:46<05:36,  1.39s/it]
Calibrating benign streaming threshold:  76%|███████▌  | 759/1000 [14:47<05:41,  1.42s/it]
Calibrating benign streaming threshold:  76%|███████▌  | 760/1000 [14:49<05:42,  1.43s/it]
Calibrating benign streaming threshold:  76%|███████▌  | 761/1000 [14:50<05:17,  1.33s/it]
Calibrating benign streaming threshold:  76%|███████▌  | 762/1000 [14:50<04:37,  1.16s/it]
Calibrating benign streaming threshold:  76%|███████▋  | 763/1000 [14:52<04:56,  1.25s/it]
Calibrating benign streaming threshold:  76%|███████▋  | 764/1000 [14:53<05:10,  1.31s/it]
Calibrating benign streaming threshold:  77%|███████▋  | 766/1000 [14:54<03:18,  1.18it/s]
Calibrating benign streaming threshold:  77%|███████▋  | 767/1000 [14:55<03:53,  1.00s/it]
Calibrating benign streaming threshold:  77%|███████▋  | 768/1000 [14:57<04:24,  1.14s/it]
Calibrating benign streaming threshold:  77%|███████▋  | 769/1000 [14:58<03:51,  1.00s/it]
Calibrating benign streaming threshold:  77%|███████▋  | 770/1000 [14:59<04:23,  1.15s/it]
Calibrating benign streaming threshold:  77%|███████▋  | 771/1000 [15:01<04:46,  1.25s/it]
Calibrating benign streaming threshold:  77%|███████▋  | 772/1000 [15:02<05:00,  1.32s/it]
Calibrating benign streaming threshold:  77%|███████▋  | 773/1000 [15:04<05:09,  1.36s/it]
Calibrating benign streaming threshold:  77%|███████▋  | 774/1000 [15:05<05:19,  1.41s/it]
Calibrating benign streaming threshold:  78%|███████▊  | 775/1000 [15:06<04:22,  1.17s/it]
Calibrating benign streaming threshold:  78%|███████▊  | 776/1000 [15:07<04:41,  1.26s/it]
Calibrating benign streaming threshold:  78%|███████▊  | 777/1000 [15:08<04:12,  1.13s/it]
Calibrating benign streaming threshold:  78%|███████▊  | 778/1000 [15:09<04:18,  1.16s/it]
Calibrating benign streaming threshold:  78%|███████▊  | 779/1000 [15:10<04:14,  1.15s/it]
Calibrating benign streaming threshold:  78%|███████▊  | 780/1000 [15:11<03:13,  1.14it/s]
Calibrating benign streaming threshold:  78%|███████▊  | 781/1000 [15:12<03:41,  1.01s/it]
Calibrating benign streaming threshold:  78%|███████▊  | 782/1000 [15:13<04:10,  1.15s/it]
Calibrating benign streaming threshold:  78%|███████▊  | 783/1000 [15:15<04:30,  1.25s/it]
Calibrating benign streaming threshold:  78%|███████▊  | 784/1000 [15:15<03:33,  1.01it/s]
Calibrating benign streaming threshold:  78%|███████▊  | 785/1000 [15:16<03:17,  1.09it/s]
Calibrating benign streaming threshold:  79%|███████▊  | 786/1000 [15:17<02:53,  1.24it/s]
Calibrating benign streaming threshold:  79%|███████▊  | 787/1000 [15:17<02:34,  1.38it/s]
Calibrating benign streaming threshold:  79%|███████▉  | 788/1000 [15:19<03:21,  1.05it/s]
Calibrating benign streaming threshold:  79%|███████▉  | 789/1000 [15:20<03:52,  1.10s/it]
Calibrating benign streaming threshold:  79%|███████▉  | 790/1000 [15:21<03:36,  1.03s/it]
Calibrating benign streaming threshold:  79%|███████▉  | 791/1000 [15:22<04:02,  1.16s/it]
Calibrating benign streaming threshold:  79%|███████▉  | 792/1000 [15:24<04:20,  1.25s/it]
Calibrating benign streaming threshold:  79%|███████▉  | 793/1000 [15:25<04:33,  1.32s/it]
Calibrating benign streaming threshold:  79%|███████▉  | 794/1000 [15:27<04:41,  1.37s/it]
Calibrating benign streaming threshold:  80%|███████▉  | 795/1000 [15:28<04:47,  1.40s/it]
Calibrating benign streaming threshold:  80%|███████▉  | 796/1000 [15:30<04:54,  1.45s/it]
Calibrating benign streaming threshold:  80%|███████▉  | 797/1000 [15:31<04:57,  1.46s/it]
Calibrating benign streaming threshold:  80%|███████▉  | 798/1000 [15:33<04:57,  1.47s/it]
Calibrating benign streaming threshold:  80%|███████▉  | 799/1000 [15:34<04:56,  1.48s/it]
Calibrating benign streaming threshold:  80%|████████  | 800/1000 [15:36<04:55,  1.48s/it]
Calibrating benign streaming threshold:  80%|████████  | 801/1000 [15:37<04:53,  1.48s/it]
Calibrating benign streaming threshold:  80%|████████  | 802/1000 [15:39<04:51,  1.47s/it]
Calibrating benign streaming threshold:  80%|████████  | 803/1000 [15:40<04:20,  1.32s/it]
Calibrating benign streaming threshold:  80%|████████  | 804/1000 [15:41<04:29,  1.38s/it]
Calibrating benign streaming threshold:  80%|████████  | 805/1000 [15:42<03:26,  1.06s/it]
Calibrating benign streaming threshold:  81%|████████  | 806/1000 [15:43<03:49,  1.19s/it]
Calibrating benign streaming threshold:  81%|████████  | 807/1000 [15:45<04:05,  1.27s/it]
Calibrating benign streaming threshold:  81%|████████  | 808/1000 [15:46<04:17,  1.34s/it]
Calibrating benign streaming threshold:  81%|████████  | 809/1000 [15:47<04:23,  1.38s/it]
Calibrating benign streaming threshold:  81%|████████  | 810/1000 [15:49<04:26,  1.40s/it]
Calibrating benign streaming threshold:  81%|████████  | 811/1000 [15:50<04:29,  1.42s/it]
Calibrating benign streaming threshold:  81%|████████  | 812/1000 [15:52<04:30,  1.44s/it]
Calibrating benign streaming threshold:  81%|████████▏ | 813/1000 [15:53<03:52,  1.24s/it]
Calibrating benign streaming threshold:  81%|████████▏ | 814/1000 [15:53<03:19,  1.07s/it]
Calibrating benign streaming threshold:  82%|████████▏ | 815/1000 [15:54<02:56,  1.05it/s]
Calibrating benign streaming threshold:  82%|████████▏ | 816/1000 [15:55<03:23,  1.11s/it]
Calibrating benign streaming threshold:  82%|████████▏ | 817/1000 [15:57<03:29,  1.15s/it]
Calibrating benign streaming threshold:  82%|████████▏ | 818/1000 [15:58<03:15,  1.07s/it]
Calibrating benign streaming threshold:  82%|████████▏ | 819/1000 [15:59<03:37,  1.20s/it]
Calibrating benign streaming threshold:  82%|████████▏ | 820/1000 [16:01<03:52,  1.29s/it]
Calibrating benign streaming threshold:  82%|████████▏ | 821/1000 [16:02<04:00,  1.35s/it]
Calibrating benign streaming threshold:  82%|████████▏ | 822/1000 [16:04<04:05,  1.38s/it]
Calibrating benign streaming threshold:  82%|████████▏ | 823/1000 [16:05<04:08,  1.41s/it]
Calibrating benign streaming threshold:  82%|████████▏ | 824/1000 [16:06<03:28,  1.18s/it]
Calibrating benign streaming threshold:  82%|████████▎ | 825/1000 [16:07<03:14,  1.11s/it]
Calibrating benign streaming threshold:  83%|████████▎ | 826/1000 [16:08<03:31,  1.21s/it]
Calibrating benign streaming threshold:  83%|████████▎ | 827/1000 [16:09<03:18,  1.15s/it]
Calibrating benign streaming threshold:  83%|████████▎ | 828/1000 [16:09<02:34,  1.11it/s]
Calibrating benign streaming threshold:  83%|████████▎ | 829/1000 [16:11<03:03,  1.07s/it]
Calibrating benign streaming threshold:  83%|████████▎ | 830/1000 [16:12<03:22,  1.19s/it]
Calibrating benign streaming threshold:  83%|████████▎ | 831/1000 [16:14<03:37,  1.29s/it]
Calibrating benign streaming threshold:  83%|████████▎ | 832/1000 [16:15<03:46,  1.35s/it]
Calibrating benign streaming threshold:  83%|████████▎ | 833/1000 [16:16<03:25,  1.23s/it]
Calibrating benign streaming threshold:  83%|████████▎ | 834/1000 [16:18<03:36,  1.30s/it]
Calibrating benign streaming threshold:  84%|████████▎ | 835/1000 [16:18<02:51,  1.04s/it]
Calibrating benign streaming threshold:  84%|████████▎ | 836/1000 [16:19<02:54,  1.06s/it]
Calibrating benign streaming threshold:  84%|████████▎ | 837/1000 [16:21<03:13,  1.18s/it]
Calibrating benign streaming threshold:  84%|████████▍ | 838/1000 [16:22<03:25,  1.27s/it]
Calibrating benign streaming threshold:  84%|████████▍ | 839/1000 [16:24<03:33,  1.33s/it]
Calibrating benign streaming threshold:  84%|████████▍ | 840/1000 [16:25<03:20,  1.25s/it]
Calibrating benign streaming threshold:  84%|████████▍ | 841/1000 [16:26<03:29,  1.32s/it]
Calibrating benign streaming threshold:  84%|████████▍ | 842/1000 [16:28<03:35,  1.37s/it]
Calibrating benign streaming threshold:  84%|████████▍ | 843/1000 [16:29<03:42,  1.42s/it]
Calibrating benign streaming threshold:  84%|████████▍ | 844/1000 [16:31<03:44,  1.44s/it]
Calibrating benign streaming threshold:  84%|████████▍ | 845/1000 [16:31<03:00,  1.17s/it]
Calibrating benign streaming threshold:  85%|████████▍ | 846/1000 [16:32<02:43,  1.06s/it]
Calibrating benign streaming threshold:  85%|████████▍ | 847/1000 [16:32<02:10,  1.17it/s]
Calibrating benign streaming threshold:  85%|████████▍ | 848/1000 [16:34<02:37,  1.04s/it]
Calibrating benign streaming threshold:  85%|████████▍ | 849/1000 [16:35<02:56,  1.17s/it]
Calibrating benign streaming threshold:  85%|████████▌ | 850/1000 [16:37<03:08,  1.26s/it]
Calibrating benign streaming threshold:  85%|████████▌ | 851/1000 [16:37<02:37,  1.06s/it]
Calibrating benign streaming threshold:  85%|████████▌ | 852/1000 [16:39<02:54,  1.18s/it]
Calibrating benign streaming threshold:  85%|████████▌ | 853/1000 [16:40<02:34,  1.05s/it]
Calibrating benign streaming threshold:  85%|████████▌ | 854/1000 [16:41<02:52,  1.18s/it]
Calibrating benign streaming threshold:  86%|████████▌ | 855/1000 [16:42<02:37,  1.08s/it]
Calibrating benign streaming threshold:  86%|████████▌ | 856/1000 [16:42<02:03,  1.17it/s]
Calibrating benign streaming threshold:  86%|████████▌ | 857/1000 [16:44<02:29,  1.05s/it]
Calibrating benign streaming threshold:  86%|████████▌ | 858/1000 [16:45<02:47,  1.18s/it]
Calibrating benign streaming threshold:  86%|████████▌ | 859/1000 [16:45<02:02,  1.15it/s]
Calibrating benign streaming threshold:  86%|████████▌ | 860/1000 [16:47<02:27,  1.05s/it]
Calibrating benign streaming threshold:  86%|████████▌ | 861/1000 [16:48<02:43,  1.18s/it]
Calibrating benign streaming threshold:  86%|████████▌ | 862/1000 [16:50<02:53,  1.26s/it]
Calibrating benign streaming threshold:  86%|████████▋ | 863/1000 [16:51<03:00,  1.32s/it]
Calibrating benign streaming threshold:  86%|████████▋ | 864/1000 [16:52<02:13,  1.02it/s]
Calibrating benign streaming threshold:  86%|████████▋ | 865/1000 [16:53<02:33,  1.14s/it]
Calibrating benign streaming threshold:  87%|████████▋ | 866/1000 [16:55<02:45,  1.24s/it]
Calibrating benign streaming threshold:  87%|████████▋ | 867/1000 [16:56<02:54,  1.32s/it]
Calibrating benign streaming threshold:  87%|████████▋ | 868/1000 [16:56<02:18,  1.05s/it]
Calibrating benign streaming threshold:  87%|████████▋ | 869/1000 [16:58<02:34,  1.18s/it]
Calibrating benign streaming threshold:  87%|████████▋ | 870/1000 [16:59<02:13,  1.03s/it]
Calibrating benign streaming threshold:  87%|████████▋ | 871/1000 [17:00<02:32,  1.18s/it]
Calibrating benign streaming threshold:  87%|████████▋ | 872/1000 [17:01<02:05,  1.02it/s]
Calibrating benign streaming threshold:  87%|████████▋ | 873/1000 [17:01<01:57,  1.08it/s]
Calibrating benign streaming threshold:  87%|████████▋ | 874/1000 [17:03<02:17,  1.09s/it]
Calibrating benign streaming threshold:  88%|████████▊ | 875/1000 [17:04<02:30,  1.21s/it]
Calibrating benign streaming threshold:  88%|████████▊ | 876/1000 [17:06<02:39,  1.29s/it]
Calibrating benign streaming threshold:  88%|████████▊ | 877/1000 [17:07<02:45,  1.35s/it]
Calibrating benign streaming threshold:  88%|████████▊ | 878/1000 [17:08<02:11,  1.08s/it]
Calibrating benign streaming threshold:  88%|████████▊ | 879/1000 [17:09<02:24,  1.19s/it]
Calibrating benign streaming threshold:  88%|████████▊ | 880/1000 [17:11<02:32,  1.27s/it]
Calibrating benign streaming threshold:  88%|████████▊ | 881/1000 [17:11<02:02,  1.03s/it]
Calibrating benign streaming threshold:  88%|████████▊ | 882/1000 [17:12<01:38,  1.20it/s]
Calibrating benign streaming threshold:  88%|████████▊ | 883/1000 [17:13<02:00,  1.03s/it]
Calibrating benign streaming threshold:  88%|████████▊ | 884/1000 [17:13<01:28,  1.31it/s]
Calibrating benign streaming threshold:  88%|████████▊ | 885/1000 [17:15<01:53,  1.01it/s]
Calibrating benign streaming threshold:  89%|████████▊ | 886/1000 [17:16<01:46,  1.07it/s]
Calibrating benign streaming threshold:  89%|████████▊ | 887/1000 [17:17<02:03,  1.10s/it]
Calibrating benign streaming threshold:  89%|████████▉ | 888/1000 [17:17<01:32,  1.20it/s]
Calibrating benign streaming threshold:  89%|████████▉ | 889/1000 [17:19<01:53,  1.02s/it]
Calibrating benign streaming threshold:  89%|████████▉ | 890/1000 [17:20<02:06,  1.15s/it]
Calibrating benign streaming threshold:  89%|████████▉ | 891/1000 [17:21<01:43,  1.05it/s]
Calibrating benign streaming threshold:  89%|████████▉ | 892/1000 [17:22<01:59,  1.11s/it]
Calibrating benign streaming threshold:  89%|████████▉ | 893/1000 [17:24<02:09,  1.21s/it]
Calibrating benign streaming threshold:  89%|████████▉ | 894/1000 [17:25<02:16,  1.28s/it]
Calibrating benign streaming threshold:  90%|████████▉ | 895/1000 [17:26<01:55,  1.10s/it]
Calibrating benign streaming threshold:  90%|████████▉ | 896/1000 [17:26<01:30,  1.15it/s]
Calibrating benign streaming threshold:  90%|████████▉ | 897/1000 [17:27<01:48,  1.05s/it]
Calibrating benign streaming threshold:  90%|████████▉ | 898/1000 [17:29<02:01,  1.19s/it]
Calibrating benign streaming threshold:  90%|████████▉ | 899/1000 [17:30<02:09,  1.29s/it]
Calibrating benign streaming threshold:  90%|█████████ | 900/1000 [17:32<02:15,  1.35s/it]
Calibrating benign streaming threshold:  90%|█████████ | 901/1000 [17:32<01:44,  1.06s/it]
Calibrating benign streaming threshold:  90%|█████████ | 902/1000 [17:34<01:55,  1.18s/it]
Calibrating benign streaming threshold:  90%|█████████ | 903/1000 [17:35<01:46,  1.10s/it]
Calibrating benign streaming threshold:  90%|█████████ | 904/1000 [17:36<01:55,  1.21s/it]
Calibrating benign streaming threshold:  90%|█████████ | 905/1000 [17:38<02:02,  1.29s/it]
Calibrating benign streaming threshold:  91%|█████████ | 906/1000 [17:39<01:49,  1.16s/it]
Calibrating benign streaming threshold:  91%|█████████ | 907/1000 [17:40<01:56,  1.26s/it]
Calibrating benign streaming threshold:  91%|█████████ | 908/1000 [17:41<01:54,  1.24s/it]
Calibrating benign streaming threshold:  91%|█████████ | 909/1000 [17:43<02:00,  1.32s/it]
Calibrating benign streaming threshold:  91%|█████████ | 910/1000 [17:44<02:03,  1.37s/it]
Calibrating benign streaming threshold:  91%|█████████ | 911/1000 [17:46<02:05,  1.41s/it]
Calibrating benign streaming threshold:  91%|█████████ | 912/1000 [17:46<01:36,  1.10s/it]
Calibrating benign streaming threshold:  91%|█████████▏| 913/1000 [17:48<01:45,  1.21s/it]
Calibrating benign streaming threshold:  91%|█████████▏| 914/1000 [17:49<01:50,  1.29s/it]
Calibrating benign streaming threshold:  92%|█████████▏| 915/1000 [17:50<01:42,  1.20s/it]
Calibrating benign streaming threshold:  92%|█████████▏| 916/1000 [17:51<01:47,  1.28s/it]
Calibrating benign streaming threshold:  92%|█████████▏| 917/1000 [17:53<01:50,  1.33s/it]
Calibrating benign streaming threshold:  92%|█████████▏| 918/1000 [17:54<01:52,  1.37s/it]
Calibrating benign streaming threshold:  92%|█████████▏| 919/1000 [17:56<01:53,  1.40s/it]
Calibrating benign streaming threshold:  92%|█████████▏| 920/1000 [17:56<01:26,  1.08s/it]
Calibrating benign streaming threshold:  92%|█████████▏| 921/1000 [17:56<01:05,  1.20it/s]
Calibrating benign streaming threshold:  92%|█████████▏| 922/1000 [17:58<01:12,  1.07it/s]
Calibrating benign streaming threshold:  92%|█████████▏| 923/1000 [17:59<01:25,  1.11s/it]
Calibrating benign streaming threshold:  92%|█████████▏| 924/1000 [18:01<01:33,  1.23s/it]
Calibrating benign streaming threshold:  92%|█████████▎| 925/1000 [18:02<01:38,  1.31s/it]
Calibrating benign streaming threshold:  93%|█████████▎| 926/1000 [18:04<01:40,  1.36s/it]
Calibrating benign streaming threshold:  93%|█████████▎| 927/1000 [18:05<01:32,  1.26s/it]
Calibrating benign streaming threshold:  93%|█████████▎| 928/1000 [18:06<01:35,  1.33s/it]
Calibrating benign streaming threshold:  93%|█████████▎| 929/1000 [18:08<01:37,  1.37s/it]
Calibrating benign streaming threshold:  93%|█████████▎| 930/1000 [18:09<01:38,  1.40s/it]
Calibrating benign streaming threshold:  93%|█████████▎| 931/1000 [18:11<01:38,  1.42s/it]
Calibrating benign streaming threshold:  93%|█████████▎| 932/1000 [18:12<01:39,  1.46s/it]
Calibrating benign streaming threshold:  93%|█████████▎| 933/1000 [18:14<01:38,  1.47s/it]
Calibrating benign streaming threshold:  93%|█████████▎| 934/1000 [18:15<01:37,  1.48s/it]
Calibrating benign streaming threshold:  94%|█████████▎| 935/1000 [18:16<01:22,  1.26s/it]
Calibrating benign streaming threshold:  94%|█████████▎| 936/1000 [18:16<01:05,  1.02s/it]
Calibrating benign streaming threshold:  94%|█████████▎| 937/1000 [18:18<01:12,  1.16s/it]
Calibrating benign streaming threshold:  94%|█████████▍| 938/1000 [18:18<00:54,  1.14it/s]
Calibrating benign streaming threshold:  94%|█████████▍| 939/1000 [18:19<01:04,  1.05s/it]
Calibrating benign streaming threshold:  94%|█████████▍| 940/1000 [18:21<01:10,  1.18s/it]
Calibrating benign streaming threshold:  94%|█████████▍| 941/1000 [18:22<01:03,  1.08s/it]
Calibrating benign streaming threshold:  94%|█████████▍| 942/1000 [18:23<01:09,  1.20s/it]
Calibrating benign streaming threshold:  94%|█████████▍| 943/1000 [18:24<01:01,  1.07s/it]
Calibrating benign streaming threshold:  94%|█████████▍| 944/1000 [18:25<00:55,  1.02it/s]
Calibrating benign streaming threshold:  94%|█████████▍| 945/1000 [18:26<01:02,  1.13s/it]
Calibrating benign streaming threshold:  95%|█████████▍| 946/1000 [18:28<01:06,  1.23s/it]
Calibrating benign streaming threshold:  95%|█████████▍| 947/1000 [18:29<01:09,  1.32s/it]
Calibrating benign streaming threshold:  95%|█████████▍| 948/1000 [18:31<01:11,  1.37s/it]
Calibrating benign streaming threshold:  95%|█████████▍| 949/1000 [18:32<01:11,  1.40s/it]
Calibrating benign streaming threshold:  95%|█████████▌| 950/1000 [18:33<00:59,  1.19s/it]
Calibrating benign streaming threshold:  95%|█████████▌| 951/1000 [18:34<01:02,  1.28s/it]
Calibrating benign streaming threshold:  95%|█████████▌| 952/1000 [18:35<00:53,  1.11s/it]
Calibrating benign streaming threshold:  95%|█████████▌| 953/1000 [18:37<00:57,  1.22s/it]
Calibrating benign streaming threshold:  95%|█████████▌| 954/1000 [18:38<00:59,  1.29s/it]
Calibrating benign streaming threshold:  96%|█████████▌| 955/1000 [18:40<01:00,  1.35s/it]
Calibrating benign streaming threshold:  96%|█████████▌| 956/1000 [18:40<00:52,  1.19s/it]
Calibrating benign streaming threshold:  96%|█████████▌| 957/1000 [18:41<00:45,  1.05s/it]
Calibrating benign streaming threshold:  96%|█████████▌| 958/1000 [18:43<00:49,  1.18s/it]
Calibrating benign streaming threshold:  96%|█████████▌| 959/1000 [18:43<00:38,  1.05it/s]
Calibrating benign streaming threshold:  96%|█████████▌| 960/1000 [18:44<00:43,  1.09s/it]
Calibrating benign streaming threshold:  96%|█████████▌| 961/1000 [18:46<00:46,  1.20s/it]
Calibrating benign streaming threshold:  96%|█████████▌| 962/1000 [18:47<00:48,  1.28s/it]
Calibrating benign streaming threshold:  96%|█████████▋| 963/1000 [18:49<00:49,  1.34s/it]
Calibrating benign streaming threshold:  96%|█████████▋| 964/1000 [18:50<00:41,  1.16s/it]
Calibrating benign streaming threshold:  96%|█████████▋| 965/1000 [18:51<00:43,  1.26s/it]
Calibrating benign streaming threshold:  97%|█████████▋| 966/1000 [18:51<00:33,  1.00it/s]
Calibrating benign streaming threshold:  97%|█████████▋| 967/1000 [18:53<00:37,  1.14s/it]
Calibrating benign streaming threshold:  97%|█████████▋| 968/1000 [18:53<00:29,  1.08it/s]
Calibrating benign streaming threshold:  97%|█████████▋| 969/1000 [18:55<00:33,  1.09s/it]
Calibrating benign streaming threshold:  97%|█████████▋| 970/1000 [18:56<00:29,  1.01it/s]
Calibrating benign streaming threshold:  97%|█████████▋| 971/1000 [18:57<00:32,  1.13s/it]
Calibrating benign streaming threshold:  97%|█████████▋| 972/1000 [18:58<00:34,  1.23s/it]
Calibrating benign streaming threshold:  97%|█████████▋| 973/1000 [18:59<00:24,  1.09it/s]
Calibrating benign streaming threshold:  97%|█████████▋| 974/1000 [18:59<00:20,  1.27it/s]
Calibrating benign streaming threshold:  98%|█████████▊| 975/1000 [19:01<00:25,  1.01s/it]
Calibrating benign streaming threshold:  98%|█████████▊| 976/1000 [19:02<00:27,  1.15s/it]
Calibrating benign streaming threshold:  98%|█████████▊| 977/1000 [19:03<00:24,  1.05s/it]
Calibrating benign streaming threshold:  98%|█████████▊| 978/1000 [19:04<00:25,  1.17s/it]
Calibrating benign streaming threshold:  98%|█████████▊| 979/1000 [19:06<00:26,  1.26s/it]
Calibrating benign streaming threshold:  98%|█████████▊| 980/1000 [19:07<00:25,  1.30s/it]
Calibrating benign streaming threshold:  98%|█████████▊| 981/1000 [19:09<00:25,  1.35s/it]
Calibrating benign streaming threshold:  98%|█████████▊| 982/1000 [19:10<00:24,  1.38s/it]
Calibrating benign streaming threshold:  98%|█████████▊| 983/1000 [19:12<00:24,  1.42s/it]
Calibrating benign streaming threshold:  98%|█████████▊| 984/1000 [19:13<00:22,  1.44s/it]
Calibrating benign streaming threshold:  98%|█████████▊| 985/1000 [19:15<00:21,  1.45s/it]
Calibrating benign streaming threshold:  99%|█████████▊| 986/1000 [19:16<00:20,  1.46s/it]
Calibrating benign streaming threshold:  99%|█████████▊| 987/1000 [19:17<00:15,  1.23s/it]
Calibrating benign streaming threshold:  99%|█████████▉| 988/1000 [19:17<00:11,  1.03it/s]
Calibrating benign streaming threshold:  99%|█████████▉| 989/1000 [19:17<00:08,  1.31it/s]
Calibrating benign streaming threshold:  99%|█████████▉| 990/1000 [19:19<00:09,  1.03it/s]
Calibrating benign streaming threshold:  99%|█████████▉| 991/1000 [19:20<00:09,  1.08s/it]
Calibrating benign streaming threshold:  99%|█████████▉| 992/1000 [19:22<00:09,  1.20s/it]
Calibrating benign streaming threshold:  99%|█████████▉| 993/1000 [19:22<00:06,  1.03it/s]
Calibrating benign streaming threshold:  99%|█████████▉| 994/1000 [19:23<00:05,  1.14it/s]
Calibrating benign streaming threshold: 100%|█████████▉| 995/1000 [19:24<00:05,  1.06s/it]
Calibrating benign streaming threshold: 100%|█████████▉| 996/1000 [19:26<00:04,  1.18s/it]
Calibrating benign streaming threshold: 100%|█████████▉| 997/1000 [19:27<00:03,  1.27s/it]
Calibrating benign streaming threshold: 100%|█████████▉| 998/1000 [19:28<00:02,  1.08s/it]
Calibrating benign streaming threshold: 100%|█████████▉| 999/1000 [19:29<00:01,  1.22s/it]
Calibrating benign streaming threshold: 100%|██████████| 1000/1000 [19:30<00:00,  1.01s/it]
Calibrating benign streaming threshold: 100%|██████████| 1000/1000 [19:30<00:00,  1.17s/it]
2026-07-24 20:42:03,089 - INFO - TrajGuard artifacts saved to R:\SARC\SARC\scripts\baselines\trajguard\artifacts\vicuna
_7b_v1_5

=== 2026-07-24T20:42:03.6907084+08:00 ===
& 'R:\SARC\venv\Scripts\python.exe' scripts/baselines/trajguard/run_evaluation.py --config scripts/baselines/trajguard/evaluation_config.yaml
python.exe : 2026-07-24 20:42:06,912 - INFO - TrajGuard model 1/1: vicuna_7b_v1_5
At R:\SARC\SARC\scripts\baselines\trajguard\run_full_vicuna.ps1:24 char:5
+     & $python @Arguments *>> $logPath
+     ~~~~~~~~~~~~~~~~~~~~~~~~~~~~~~~~~
    + CategoryInfo          : NotSpecified: (2026-07-24 20:4... vicuna_7b_v1_5:String) [], RemoteException
    + FullyQualifiedErrorId : NativeCommandError
 
2026-07-24 20:42:06,934 - INFO - Loading model: R:\models\vicuna_7b_v1_5...
`torch_dtype` is deprecated! Use `dtype` instead!
2026-07-24 20:42:07,196 - INFO - We will use 90% of the memory on device 0 for storing the model, and 10% for the buffe
r to avoid OOM. You can set `max_memory` in to a higher value to use more memory (at your own risk).

Loading checkpoint shards:   0%|          | 0/2 [00:00<?, ?it/s]
Loading checkpoint shards:  50%|█████     | 1/2 [00:03<00:03,  3.04s/it]
Loading checkpoint shards: 100%|██████████| 2/2 [00:04<00:00,  1.86s/it]
Loading checkpoint shards: 100%|██████████| 2/2 [00:04<00:00,  2.04s/it]
The following generation flags are not valid and may be ignored: ['temperature', 'top_p']. Set `TRANSFORMERS_VERBOSITY=
info` for more details.
2026-07-24 20:42:11,536 - INFO - Model R:\models\vicuna_7b_v1_5 loaded.
2026-07-24 20:42:11,553 - INFO - Loading utility datasets...
2026-07-24 20:42:11,553 - INFO - Detected JSON file: alpaca_eval.json, loading...
2026-07-24 20:42:11,553 - INFO - Detected 'instruction' column; mapping it to 'prompt'.
2026-07-24 20:42:11,553 - INFO - Loaded 805 examples from R:\SARC\SARC\data\raw\alpaca_eval.json (labeled 'alpaca_eval').
2026-07-24 20:42:11,561 - INFO - Loaded 1000 examples from R:\SARC\SARC\data\raw\or-bench-80k-sample-1000-seed42.csv (labeled 'or_benc
h').
2026-07-24 20:42:11,563 - INFO - Loaded 450 examples from R:\SARC\SARC\data\raw\xstest_prompts.csv (labeled 'xstest').
2026-07-24 20:42:11,563 - INFO - sample_size <= 0, merging all 3 datasets (2255 examples total).

TrajGuard generation:   0%|          | 0/805 [00:00<?, ?it/s]
TrajGuard generation:   0%|          | 1/805 [00:08<1:50:05,  8.22s/it]
TrajGuard generation:   0%|          | 2/805 [00:09<53:59,  4.03s/it]  
TrajGuard generation:   0%|          | 3/805 [00:15<1:06:37,  4.98s/it]
TrajGuard generation:   0%|          | 4/805 [00:26<1:41:05,  7.57s/it]
TrajGuard generation:   1%|          | 5/805 [00:33<1:37:09,  7.29s/it]
TrajGuard generation:   1%|          | 6/805 [00:35<1:13:37,  5.53s/it]
TrajGuard generation:   1%|          | 7/805 [00:37<55:24,  4.17s/it]  
TrajGuard generation:   1%|          | 8/805 [00:43<1:03:01,  4.75s/it]
TrajGuard generation:   1%|          | 9/805 [00:50<1:13:39,  5.55s/it]
TrajGuard generation:   1%|          | 10/805 [01:01<1:34:46,  7.15s/it]
TrajGuard generation:   1%|▏         | 11/805 [01:05<1:23:45,  6.33s/it]
TrajGuard generation:   1%|▏         | 12/805 [01:15<1:37:01,  7.34s/it]
TrajGuard generation:   2%|▏         | 13/805 [01:22<1:36:31,  7.31s/it]
TrajGuard generation:   2%|▏         | 14/805 [01:28<1:30:18,  6.85s/it]
TrajGuard generation:   2%|▏         | 15/805 [01:33<1:24:45,  6.44s/it]
TrajGuard generation:   2%|▏         | 16/805 [01:40<1:26:35,  6.58s/it]
TrajGuard generation:   2%|▏         | 17/805 [01:44<1:15:35,  5.76s/it]
TrajGuard generation:   2%|▏         | 18/805 [01:50<1:14:07,  5.65s/it]
TrajGuard generation:   2%|▏         | 19/805 [01:56<1:17:47,  5.94s/it]
TrajGuard generation:   2%|▏         | 20/805 [02:05<1:28:55,  6.80s/it]
TrajGuard generation:   3%|▎         | 21/805 [02:16<1:44:22,  7.99s/it]
TrajGuard generation:   3%|▎         | 22/805 [02:18<1:22:43,  6.34s/it]
TrajGuard generation:   3%|▎         | 23/805 [02:24<1:18:39,  6.04s/it]
TrajGuard generation:   3%|▎         | 24/805 [02:32<1:26:11,  6.62s/it]
TrajGuard generation:   3%|▎         | 25/805 [02:34<1:09:03,  5.31s/it]
TrajGuard generation:   3%|▎         | 26/805 [02:41<1:16:15,  5.87s/it]
TrajGuard generation:   3%|▎         | 27/805 [02:42<56:32,  4.36s/it]  
TrajGuard generation:   3%|▎         | 28/805 [02:51<1:15:19,  5.82s/it]
TrajGuard generation:   4%|▎         | 29/805 [02:57<1:17:31,  5.99s/it]
TrajGuard generation:   4%|▎         | 30/805 [03:06<1:25:52,  6.65s/it]
TrajGuard generation:   4%|▍         | 31/805 [03:18<1:47:27,  8.33s/it]
TrajGuard generation:   4%|▍         | 32/805 [03:23<1:34:01,  7.30s/it]
TrajGuard generation:   4%|▍         | 33/805 [03:23<1:07:58,  5.28s/it]
TrajGuard generation:   4%|▍         | 34/805 [03:30<1:12:05,  5.61s/it]
TrajGuard generation:   4%|▍         | 35/805 [03:32<1:00:06,  4.68s/it]
TrajGuard generation:   4%|▍         | 36/805 [03:35<52:12,  4.07s/it]  
TrajGuard generation:   5%|▍         | 37/805 [03:46<1:17:18,  6.04s/it]
TrajGuard generation:   5%|▍         | 38/805 [03:49<1:08:14,  5.34s/it]
TrajGuard generation:   5%|▍         | 39/805 [03:56<1:15:18,  5.90s/it]
TrajGuard generation:   5%|▍         | 40/805 [04:04<1:20:15,  6.30s/it]
TrajGuard generation:   5%|▌         | 41/805 [04:06<1:06:07,  5.19s/it]
TrajGuard generation:   5%|▌         | 42/805 [04:12<1:08:38,  5.40s/it]
TrajGuard generation:   5%|▌         | 43/805 [04:23<1:30:36,  7.13s/it]
TrajGuard generation:   5%|▌         | 44/805 [04:26<1:13:37,  5.81s/it]
TrajGuard generation:   6%|▌         | 45/805 [04:29<1:04:21,  5.08s/it]
TrajGuard generation:   6%|▌         | 46/805 [04:34<1:03:09,  4.99s/it]
TrajGuard generation:   6%|▌         | 47/805 [04:37<56:26,  4.47s/it]  
TrajGuard generation:   6%|▌         | 48/805 [04:47<1:14:18,  5.89s/it]
TrajGuard generation:   6%|▌         | 49/805 [04:50<1:05:01,  5.16s/it]
TrajGuard generation:   6%|▌         | 50/805 [05:00<1:22:41,  6.57s/it]
TrajGuard generation:   6%|▋         | 51/805 [05:02<1:04:59,  5.17s/it]
TrajGuard generation:   6%|▋         | 52/805 [05:05<56:32,  4.51s/it]  
TrajGuard generation:   7%|▋         | 53/805 [05:12<1:04:38,  5.16s/it]
TrajGuard generation:   7%|▋         | 54/805 [05:20<1:18:48,  6.30s/it]
TrajGuard generation:   7%|▋         | 55/805 [06:08<3:51:48, 18.54s/it]
TrajGuard generation:   7%|▋         | 56/805 [06:09<2:49:03, 13.54s/it]
TrajGuard generation:   7%|▋         | 57/805 [06:17<2:25:51, 11.70s/it]
TrajGuard generation:   7%|▋         | 58/805 [06:31<2:33:21, 12.32s/it]
TrajGuard generation:   7%|▋         | 59/805 [06:35<2:02:54,  9.89s/it]
TrajGuard generation:   7%|▋         | 60/805 [06:41<1:50:39,  8.91s/it]
TrajGuard generation:   8%|▊         | 61/805 [06:49<1:45:41,  8.52s/it]
TrajGuard generation:   8%|▊         | 62/805 [06:57<1:42:17,  8.26s/it]
TrajGuard generation:   8%|▊         | 63/805 [07:04<1:39:36,  8.05s/it]
TrajGuard generation:   8%|▊         | 64/805 [07:10<1:31:56,  7.45s/it]
TrajGuard generation:   8%|▊         | 65/805 [07:58<3:59:09, 19.39s/it]
TrajGuard generation:   8%|▊         | 66/805 [08:03<3:06:34, 15.15s/it]
TrajGuard generation:   8%|▊         | 67/805 [08:08<2:29:22, 12.14s/it]
TrajGuard generation:   8%|▊         | 68/805 [08:20<2:29:53, 12.20s/it]
TrajGuard generation:   9%|▊         | 69/805 [08:25<2:03:17, 10.05s/it]
TrajGuard generation:   9%|▊         | 70/805 [08:34<1:59:46,  9.78s/it]
TrajGuard generation:   9%|▉         | 71/805 [08:37<1:32:03,  7.52s/it]
TrajGuard generation:   9%|▉         | 72/805 [08:38<1:09:43,  5.71s/it]
TrajGuard generation:   9%|▉         | 73/805 [08:42<1:03:13,  5.18s/it]
TrajGuard generation:   9%|▉         | 74/805 [08:52<1:20:47,  6.63s/it]
TrajGuard generation:   9%|▉         | 75/805 [08:56<1:11:21,  5.86s/it]
TrajGuard generation:   9%|▉         | 76/805 [09:05<1:20:31,  6.63s/it]
TrajGuard generation:  10%|▉         | 77/805 [09:18<1:45:37,  8.71s/it]
TrajGuard generation:  10%|▉         | 78/805 [09:29<1:52:05,  9.25s/it]
TrajGuard generation:  10%|▉         | 79/805 [09:34<1:36:09,  7.95s/it]
TrajGuard generation:  10%|▉         | 80/805 [09:43<1:42:07,  8.45s/it]
TrajGuard generation:  10%|█         | 81/805 [09:46<1:21:05,  6.72s/it]
TrajGuard generation:  10%|█         | 82/805 [09:55<1:28:19,  7.33s/it]
TrajGuard generation:  10%|█         | 83/805 [10:01<1:23:50,  6.97s/it]
TrajGuard generation:  10%|█         | 84/805 [10:06<1:18:11,  6.51s/it]
TrajGuard generation:  11%|█         | 85/805 [10:14<1:23:17,  6.94s/it]
TrajGuard generation:  11%|█         | 86/805 [10:24<1:33:00,  7.76s/it]
TrajGuard generation:  11%|█         | 87/805 [10:30<1:27:50,  7.34s/it]
TrajGuard generation:  11%|█         | 88/805 [10:38<1:30:09,  7.54s/it]
TrajGuard generation:  11%|█         | 89/805 [10:41<1:12:14,  6.05s/it]
TrajGuard generation:  11%|█         | 90/805 [10:46<1:08:02,  5.71s/it]
TrajGuard generation:  11%|█▏        | 91/805 [10:51<1:05:30,  5.51s/it]
TrajGuard generation:  11%|█▏        | 92/805 [10:54<55:30,  4.67s/it]  
TrajGuard generation:  12%|█▏        | 93/805 [11:04<1:16:12,  6.42s/it]
TrajGuard generation:  12%|█▏        | 94/805 [11:06<58:56,  4.97s/it]  
TrajGuard generation:  12%|█▏        | 95/805 [11:14<1:11:56,  6.08s/it]
TrajGuard generation:  12%|█▏        | 96/805 [11:18<1:02:17,  5.27s/it]
TrajGuard generation:  12%|█▏        | 97/805 [11:26<1:13:44,  6.25s/it]
TrajGuard generation:  12%|█▏        | 98/805 [11:28<59:27,  5.05s/it]  
TrajGuard generation:  12%|█▏        | 99/805 [11:31<51:12,  4.35s/it]
TrajGuard generation:  12%|█▏        | 100/805 [11:34<47:03,  4.01s/it]
TrajGuard generation:  13%|█▎        | 101/805 [11:43<1:03:29,  5.41s/it]
TrajGuard generation:  13%|█▎        | 102/805 [11:46<56:20,  4.81s/it]  
TrajGuard generation:  13%|█▎        | 103/805 [11:49<47:34,  4.07s/it]
TrajGuard generation:  13%|█▎        | 104/805 [11:59<1:07:31,  5.78s/it]
TrajGuard generation:  13%|█▎        | 105/805 [12:04<1:06:25,  5.69s/it]
TrajGuard generation:  13%|█▎        | 106/805 [12:06<54:39,  4.69s/it]  
TrajGuard generation:  13%|█▎        | 107/805 [12:09<47:25,  4.08s/it]
TrajGuard generation:  13%|█▎        | 108/805 [12:20<1:10:33,  6.07s/it]
TrajGuard generation:  14%|█▎        | 109/805 [12:27<1:13:57,  6.38s/it]
TrajGuard generation:  14%|█▎        | 110/805 [12:34<1:14:53,  6.46s/it]
TrajGuard generation:  14%|█▍        | 111/805 [12:49<1:45:00,  9.08s/it]
TrajGuard generation:  14%|█▍        | 112/805 [12:50<1:19:00,  6.84s/it]
TrajGuard generation:  14%|█▍        | 113/805 [12:53<1:05:58,  5.72s/it]
TrajGuard generation:  14%|█▍        | 114/805 [12:55<51:22,  4.46s/it]  
TrajGuard generation:  14%|█▍        | 115/805 [13:00<53:11,  4.63s/it]
TrajGuard generation:  14%|█▍        | 116/805 [13:09<1:07:30,  5.88s/it]
TrajGuard generation:  15%|█▍        | 117/805 [13:14<1:03:45,  5.56s/it]
TrajGuard generation:  15%|█▍        | 118/805 [13:22<1:13:33,  6.42s/it]
TrajGuard generation:  15%|█▍        | 119/805 [13:24<58:33,  5.12s/it]  
TrajGuard generation:  15%|█▍        | 120/805 [13:30<1:02:17,  5.46s/it]
TrajGuard generation:  15%|█▌        | 121/805 [13:32<50:42,  4.45s/it]  
TrajGuard generation:  15%|█▌        | 122/805 [13:36<48:30,  4.26s/it]
TrajGuard generation:  15%|█▌        | 123/805 [13:39<42:53,  3.77s/it]
TrajGuard generation:  15%|█▌        | 124/805 [13:44<45:34,  4.02s/it]
TrajGuard generation:  16%|█▌        | 125/805 [13:52<1:01:35,  5.43s/it]
TrajGuard generation:  16%|█▌        | 126/805 [13:55<50:50,  4.49s/it]  
TrajGuard generation:  16%|█▌        | 127/805 [14:01<57:05,  5.05s/it]
TrajGuard generation:  16%|█▌        | 128/805 [14:10<1:09:02,  6.12s/it]
TrajGuard generation:  16%|█▌        | 129/805 [14:12<58:04,  5.16s/it]  
TrajGuard generation:  16%|█▌        | 130/805 [14:21<1:08:14,  6.07s/it]
TrajGuard generation:  16%|█▋        | 131/805 [14:29<1:17:02,  6.86s/it]
TrajGuard generation:  16%|█▋        | 132/805 [14:36<1:14:45,  6.67s/it]
TrajGuard generation:  17%|█▋        | 133/805 [14:40<1:07:05,  5.99s/it]
TrajGuard generation:  17%|█▋        | 134/805 [14:46<1:08:20,  6.11s/it]
TrajGuard generation:  17%|█▋        | 135/805 [14:54<1:14:50,  6.70s/it]
TrajGuard generation:  17%|█▋        | 136/805 [14:56<56:53,  5.10s/it]  
TrajGuard generation:  17%|█▋        | 137/805 [15:07<1:17:01,  6.92s/it]
TrajGuard generation:  17%|█▋        | 138/805 [15:11<1:07:19,  6.06s/it]
TrajGuard generation:  17%|█▋        | 139/805 [15:23<1:26:40,  7.81s/it]
TrajGuard generation:  17%|█▋        | 140/805 [15:33<1:34:34,  8.53s/it]
TrajGuard generation:  18%|█▊        | 141/805 [15:40<1:30:21,  8.16s/it]
TrajGuard generation:  18%|█▊        | 142/805 [15:48<1:28:39,  8.02s/it]
TrajGuard generation:  18%|█▊        | 143/805 [15:50<1:09:18,  6.28s/it]
TrajGuard generation:  18%|█▊        | 144/805 [15:55<1:04:30,  5.86s/it]
TrajGuard generation:  18%|█▊        | 145/805 [15:55<45:36,  4.15s/it]  
TrajGuard generation:  18%|█▊        | 146/805 [15:56<34:45,  3.16s/it]
TrajGuard generation:  18%|█▊        | 147/805 [15:58<28:37,  2.61s/it]
TrajGuard generation:  18%|█▊        | 148/805 [16:01<31:20,  2.86s/it]
TrajGuard generation:  19%|█▊        | 149/805 [16:04<32:48,  3.00s/it]
TrajGuard generation:  19%|█▊        | 150/805 [16:08<35:57,  3.29s/it]
TrajGuard generation:  19%|█▉        | 151/805 [16:12<37:02,  3.40s/it]
TrajGuard generation:  19%|█▉        | 152/805 [16:16<39:07,  3.59s/it]
TrajGuard generation:  19%|█▉        | 153/805 [16:19<36:34,  3.37s/it]
TrajGuard generation:  19%|█▉        | 154/805 [16:20<28:50,  2.66s/it]
TrajGuard generation:  19%|█▉        | 155/805 [16:28<48:03,  4.44s/it]
TrajGuard generation:  19%|█▉        | 156/805 [16:33<49:39,  4.59s/it]
TrajGuard generation:  20%|█▉        | 157/805 [16:52<1:34:49,  8.78s/it]
TrajGuard generation:  20%|█▉        | 158/805 [16:54<1:13:20,  6.80s/it]
TrajGuard generation:  20%|█▉        | 159/805 [16:56<57:55,  5.38s/it]  
TrajGuard generation:  20%|█▉        | 160/805 [16:58<45:01,  4.19s/it]
TrajGuard generation:  20%|██        | 161/805 [17:00<38:27,  3.58s/it]
TrajGuard generation:  20%|██        | 162/805 [17:02<33:12,  3.10s/it]
TrajGuard generation:  20%|██        | 163/805 [17:19<1:18:42,  7.36s/it]
TrajGuard generation:  20%|██        | 164/805 [17:21<1:01:00,  5.71s/it]
TrajGuard generation:  20%|██        | 165/805 [17:23<48:54,  4.59s/it]  
TrajGuard generation:  21%|██        | 166/805 [17:25<40:54,  3.84s/it]
TrajGuard generation:  21%|██        | 167/805 [17:31<47:24,  4.46s/it]
TrajGuard generation:  21%|██        | 168/805 [17:34<44:39,  4.21s/it]
TrajGuard generation:  21%|██        | 169/805 [17:35<31:56,  3.01s/it]
TrajGuard generation:  21%|██        | 170/805 [17:44<50:30,  4.77s/it]
TrajGuard generation:  21%|██        | 171/805 [17:50<56:31,  5.35s/it]
TrajGuard generation:  21%|██▏       | 172/805 [18:04<1:21:57,  7.77s/it]
TrajGuard generation:  21%|██▏       | 173/805 [18:06<1:05:05,  6.18s/it]
TrajGuard generation:  22%|██▏       | 174/805 [18:13<1:07:20,  6.40s/it]
TrajGuard generation:  22%|██▏       | 175/805 [18:16<55:04,  5.25s/it]  
TrajGuard generation:  22%|██▏       | 176/805 [18:20<51:16,  4.89s/it]
TrajGuard generation:  22%|██▏       | 177/805 [18:32<1:13:05,  6.98s/it]
TrajGuard generation:  22%|██▏       | 178/805 [18:38<1:11:19,  6.82s/it]
TrajGuard generation:  22%|██▏       | 179/805 [18:44<1:09:06,  6.62s/it]
TrajGuard generation:  22%|██▏       | 180/805 [18:49<1:03:42,  6.12s/it]
TrajGuard generation:  22%|██▏       | 181/805 [18:52<52:59,  5.10s/it]  
TrajGuard generation:  23%|██▎       | 182/805 [18:58<56:43,  5.46s/it]
TrajGuard generation:  23%|██▎       | 183/805 [19:14<1:29:54,  8.67s/it]
TrajGuard generation:  23%|██▎       | 184/805 [19:18<1:15:47,  7.32s/it]
TrajGuard generation:  23%|██▎       | 185/805 [19:23<1:05:52,  6.38s/it]
TrajGuard generation:  23%|██▎       | 186/805 [19:33<1:17:29,  7.51s/it]
TrajGuard generation:  23%|██▎       | 187/805 [19:39<1:12:17,  7.02s/it]
TrajGuard generation:  23%|██▎       | 188/805 [19:46<1:12:44,  7.07s/it]
TrajGuard generation:  23%|██▎       | 189/805 [19:56<1:21:55,  7.98s/it]
TrajGuard generation:  24%|██▎       | 190/805 [19:59<1:07:44,  6.61s/it]
TrajGuard generation:  24%|██▎       | 191/805 [20:00<48:16,  4.72s/it]  
TrajGuard generation:  24%|██▍       | 192/805 [20:11<1:08:55,  6.75s/it]
TrajGuard generation:  24%|██▍       | 193/805 [20:15<1:01:24,  6.02s/it]
TrajGuard generation:  24%|██▍       | 194/805 [20:22<1:02:49,  6.17s/it]
TrajGuard generation:  24%|██▍       | 195/805 [20:23<47:24,  4.66s/it]  
TrajGuard generation:  24%|██▍       | 196/805 [20:24<36:01,  3.55s/it]
TrajGuard generation:  24%|██▍       | 197/805 [20:28<35:37,  3.52s/it]
TrajGuard generation:  25%|██▍       | 198/805 [20:34<44:22,  4.39s/it]
TrajGuard generation:  25%|██▍       | 199/805 [20:37<38:48,  3.84s/it]
TrajGuard generation:  25%|██▍       | 201/805 [20:40<29:20,  2.91s/it]
TrajGuard generation:  25%|██▌       | 202/805 [20:47<37:54,  3.77s/it]
TrajGuard generation:  25%|██▌       | 203/805 [20:53<43:42,  4.36s/it]
TrajGuard generation:  25%|██▌       | 204/805 [20:56<40:53,  4.08s/it]
TrajGuard generation:  25%|██▌       | 205/805 [21:04<52:20,  5.23s/it]
TrajGuard generation:  26%|██▌       | 206/805 [21:10<53:35,  5.37s/it]
TrajGuard generation:  26%|██▌       | 207/805 [21:24<1:18:16,  7.85s/it]
TrajGuard generation:  26%|██▌       | 208/805 [21:27<1:04:24,  6.47s/it]
TrajGuard generation:  26%|██▌       | 209/805 [21:37<1:14:38,  7.51s/it]
TrajGuard generation:  26%|██▌       | 210/805 [21:42<1:07:32,  6.81s/it]
TrajGuard generation:  26%|██▌       | 211/805 [21:44<52:08,  5.27s/it]  
TrajGuard generation:  26%|██▋       | 212/805 [21:47<47:14,  4.78s/it]
TrajGuard generation:  26%|██▋       | 213/805 [21:55<56:15,  5.70s/it]
TrajGuard generation:  27%|██▋       | 214/805 [22:06<1:10:34,  7.17s/it]
TrajGuard generation:  27%|██▋       | 215/805 [22:06<51:25,  5.23s/it]  
TrajGuard generation:  27%|██▋       | 216/805 [22:16<1:03:46,  6.50s/it]
TrajGuard generation:  27%|██▋       | 217/805 [22:22<1:01:49,  6.31s/it]
TrajGuard generation:  27%|██▋       | 218/805 [22:28<1:01:52,  6.33s/it]
TrajGuard generation:  27%|██▋       | 219/805 [22:29<45:31,  4.66s/it]  
TrajGuard generation:  27%|██▋       | 220/805 [22:37<56:25,  5.79s/it]
TrajGuard generation:  27%|██▋       | 221/805 [22:50<1:15:10,  7.72s/it]
TrajGuard generation:  28%|██▊       | 222/805 [22:57<1:14:55,  7.71s/it]
TrajGuard generation:  28%|██▊       | 223/805 [23:01<1:02:28,  6.44s/it]
TrajGuard generation:  28%|██▊       | 224/805 [23:09<1:08:08,  7.04s/it]
TrajGuard generation:  28%|██▊       | 225/805 [23:13<59:28,  6.15s/it]  
TrajGuard generation:  28%|██▊       | 226/805 [23:16<50:18,  5.21s/it]
TrajGuard generation:  28%|██▊       | 227/805 [23:19<42:07,  4.37s/it]
TrajGuard generation:  28%|██▊       | 228/805 [23:23<41:04,  4.27s/it]
TrajGuard generation:  28%|██▊       | 229/805 [23:25<35:03,  3.65s/it]
TrajGuard generation:  29%|██▊       | 230/805 [23:34<50:51,  5.31s/it]
TrajGuard generation:  29%|██▊       | 231/805 [23:37<43:36,  4.56s/it]
TrajGuard generation:  29%|██▉       | 232/805 [23:43<48:32,  5.08s/it]
TrajGuard generation:  29%|██▉       | 233/805 [23:45<39:32,  4.15s/it]
TrajGuard generation:  29%|██▉       | 234/805 [23:47<33:05,  3.48s/it]
TrajGuard generation:  29%|██▉       | 235/805 [23:48<26:13,  2.76s/it]
TrajGuard generation:  29%|██▉       | 236/805 [23:58<46:02,  4.86s/it]
TrajGuard generation:  29%|██▉       | 237/805 [24:03<45:21,  4.79s/it]
TrajGuard generation:  30%|██▉       | 238/805 [24:06<41:02,  4.34s/it]
TrajGuard generation:  30%|██▉       | 239/805 [24:09<37:57,  4.02s/it]
TrajGuard generation:  30%|██▉       | 240/805 [24:20<57:49,  6.14s/it]
TrajGuard generation:  30%|██▉       | 241/805 [24:25<54:53,  5.84s/it]
TrajGuard generation:  30%|███       | 242/805 [24:28<46:00,  4.90s/it]
TrajGuard generation:  30%|███       | 243/805 [24:32<42:01,  4.49s/it]
TrajGuard generation:  30%|███       | 244/805 [24:50<1:19:41,  8.52s/it]
TrajGuard generation:  30%|███       | 245/805 [24:54<1:08:06,  7.30s/it]
TrajGuard generation:  31%|███       | 246/805 [24:54<48:54,  5.25s/it]  
TrajGuard generation:  31%|███       | 247/805 [25:04<1:01:22,  6.60s/it]
TrajGuard generation:  31%|███       | 248/805 [25:09<56:53,  6.13s/it]  
TrajGuard generation:  31%|███       | 249/805 [25:29<1:34:21, 10.18s/it]
TrajGuard generation:  31%|███       | 250/805 [25:31<1:11:52,  7.77s/it]
TrajGuard generation:  31%|███       | 251/805 [25:37<1:08:13,  7.39s/it]
TrajGuard generation:  31%|███▏      | 252/805 [25:39<51:11,  5.55s/it]  
TrajGuard generation:  31%|███▏      | 253/805 [25:49<1:03:46,  6.93s/it]
TrajGuard generation:  32%|███▏      | 254/805 [25:50<48:46,  5.31s/it]  
TrajGuard generation:  32%|███▏      | 255/805 [25:52<39:01,  4.26s/it]
TrajGuard generation:  32%|███▏      | 256/805 [26:01<50:17,  5.50s/it]
TrajGuard generation:  32%|███▏      | 257/805 [26:02<39:14,  4.30s/it]
TrajGuard generation:  32%|███▏      | 258/805 [26:08<44:43,  4.91s/it]
TrajGuard generation:  32%|███▏      | 259/805 [26:09<31:35,  3.47s/it]
TrajGuard generation:  32%|███▏      | 260/805 [26:21<57:08,  6.29s/it]
TrajGuard generation:  32%|███▏      | 261/805 [26:32<1:09:16,  7.64s/it]
TrajGuard generation:  33%|███▎      | 262/805 [26:34<54:25,  6.01s/it]  
TrajGuard generation:  33%|███▎      | 264/805 [26:42<45:26,  5.04s/it]
TrajGuard generation:  33%|███▎      | 265/805 [26:45<39:41,  4.41s/it]
TrajGuard generation:  33%|███▎      | 266/805 [27:34<2:25:55, 16.24s/it]
TrajGuard generation:  33%|███▎      | 267/805 [27:40<2:00:04, 13.39s/it]
TrajGuard generation:  33%|███▎      | 268/805 [27:47<1:42:34, 11.46s/it]
TrajGuard generation:  33%|███▎      | 269/805 [27:49<1:18:43,  8.81s/it]
TrajGuard generation:  34%|███▎      | 270/805 [28:02<1:28:39,  9.94s/it]
TrajGuard generation:  34%|███▎      | 271/805 [28:08<1:18:25,  8.81s/it]
TrajGuard generation:  34%|███▍      | 272/805 [28:16<1:17:09,  8.69s/it]
TrajGuard generation:  34%|███▍      | 273/805 [28:19<1:00:56,  6.87s/it]
TrajGuard generation:  34%|███▍      | 274/805 [28:24<57:13,  6.47s/it]  
TrajGuard generation:  34%|███▍      | 275/805 [28:29<53:41,  6.08s/it]
TrajGuard generation:  34%|███▍      | 276/805 [28:34<49:13,  5.58s/it]
TrajGuard generation:  34%|███▍      | 277/805 [28:45<1:03:07,  7.17s/it]
TrajGuard generation:  35%|███▍      | 278/805 [28:47<49:15,  5.61s/it]  
TrajGuard generation:  35%|███▍      | 279/805 [28:48<37:07,  4.24s/it]
TrajGuard generation:  35%|███▍      | 280/805 [28:59<56:13,  6.42s/it]
TrajGuard generation:  35%|███▍      | 281/805 [29:06<57:10,  6.55s/it]
TrajGuard generation:  35%|███▌      | 282/805 [29:12<56:40,  6.50s/it]
TrajGuard generation:  35%|███▌      | 283/805 [29:17<52:34,  6.04s/it]
TrajGuard generation:  35%|███▌      | 284/805 [29:25<56:47,  6.54s/it]
TrajGuard generation:  35%|███▌      | 285/805 [29:28<48:04,  5.55s/it]
TrajGuard generation:  36%|███▌      | 286/805 [29:30<37:20,  4.32s/it]
TrajGuard generation:  36%|███▌      | 287/805 [29:32<31:28,  3.65s/it]
TrajGuard generation:  36%|███▌      | 288/805 [29:37<35:38,  4.14s/it]
TrajGuard generation:  36%|███▌      | 289/805 [29:39<31:03,  3.61s/it]
TrajGuard generation:  36%|███▌      | 290/805 [29:41<26:53,  3.13s/it]
TrajGuard generation:  36%|███▌      | 291/805 [29:52<45:27,  5.31s/it]
TrajGuard generation:  36%|███▋      | 292/805 [29:54<38:07,  4.46s/it]
TrajGuard generation:  36%|███▋      | 293/805 [29:56<31:30,  3.69s/it]
TrajGuard generation:  37%|███▋      | 294/805 [30:02<36:35,  4.30s/it]
TrajGuard generation:  37%|███▋      | 295/805 [30:03<29:06,  3.43s/it]
TrajGuard generation:  37%|███▋      | 296/805 [30:07<29:22,  3.46s/it]
TrajGuard generation:  37%|███▋      | 297/805 [30:10<28:03,  3.31s/it]
TrajGuard generation:  37%|███▋      | 298/805 [30:13<27:04,  3.20s/it]
TrajGuard generation:  37%|███▋      | 299/805 [30:23<44:54,  5.33s/it]
TrajGuard generation:  37%|███▋      | 300/805 [30:30<47:52,  5.69s/it]
TrajGuard generation:  37%|███▋      | 301/805 [30:52<1:31:03, 10.84s/it]
TrajGuard generation:  38%|███▊      | 302/805 [31:01<1:24:58, 10.14s/it]
TrajGuard generation:  38%|███▊      | 303/805 [31:08<1:18:05,  9.33s/it]
TrajGuard generation:  38%|███▊      | 304/805 [31:11<1:01:23,  7.35s/it]
TrajGuard generation:  38%|███▊      | 305/805 [31:19<1:01:25,  7.37s/it]
TrajGuard generation:  38%|███▊      | 306/805 [31:21<47:58,  5.77s/it]  
TrajGuard generation:  38%|███▊      | 307/805 [31:29<53:22,  6.43s/it]
TrajGuard generation:  38%|███▊      | 308/805 [31:37<57:47,  6.98s/it]
TrajGuard generation:  38%|███▊      | 309/805 [31:44<58:36,  7.09s/it]
TrajGuard generation:  39%|███▊      | 310/805 [31:51<58:12,  7.06s/it]
TrajGuard generation:  39%|███▊      | 311/805 [31:52<41:36,  5.05s/it]
TrajGuard generation:  39%|███▉      | 312/805 [31:53<33:18,  4.05s/it]
TrajGuard generation:  39%|███▉      | 313/805 [31:59<37:21,  4.56s/it]
TrajGuard generation:  39%|███▉      | 314/805 [32:10<51:59,  6.35s/it]
TrajGuard generation:  39%|███▉      | 315/805 [32:13<44:56,  5.50s/it]
TrajGuard generation:  39%|███▉      | 316/805 [32:17<41:59,  5.15s/it]
TrajGuard generation:  39%|███▉      | 317/805 [32:23<42:12,  5.19s/it]
TrajGuard generation:  40%|███▉      | 318/805 [32:25<36:00,  4.44s/it]
TrajGuard generation:  40%|███▉      | 319/805 [32:30<37:28,  4.63s/it]
TrajGuard generation:  40%|███▉      | 320/805 [32:38<45:34,  5.64s/it]
TrajGuard generation:  40%|███▉      | 321/805 [32:51<1:02:37,  7.76s/it]
TrajGuard generation:  40%|████      | 322/805 [32:57<58:44,  7.30s/it]  
TrajGuard generation:  40%|████      | 323/805 [33:03<55:26,  6.90s/it]
TrajGuard generation:  40%|████      | 324/805 [33:10<55:12,  6.89s/it]
TrajGuard generation:  40%|████      | 325/805 [33:25<1:15:14,  9.40s/it]
TrajGuard generation:  40%|████      | 326/805 [33:32<1:08:07,  8.53s/it]
TrajGuard generation:  41%|████      | 327/805 [33:34<52:38,  6.61s/it]  
TrajGuard generation:  41%|████      | 328/805 [33:40<52:00,  6.54s/it]
TrajGuard generation:  41%|████      | 329/805 [33:43<41:25,  5.22s/it]
TrajGuard generation:  41%|████      | 330/805 [33:50<45:43,  5.78s/it]
TrajGuard generation:  41%|████      | 331/805 [33:51<35:14,  4.46s/it]
TrajGuard generation:  41%|████      | 332/805 [33:59<42:44,  5.42s/it]
TrajGuard generation:  41%|████▏     | 333/805 [34:02<37:54,  4.82s/it]
TrajGuard generation:  41%|████▏     | 334/805 [34:02<27:11,  3.46s/it]
TrajGuard generation:  42%|████▏     | 335/805 [34:14<46:27,  5.93s/it]
TrajGuard generation:  42%|████▏     | 336/805 [34:17<39:56,  5.11s/it]
TrajGuard generation:  42%|████▏     | 337/805 [34:31<58:58,  7.56s/it]
TrajGuard generation:  42%|████▏     | 338/805 [34:37<55:14,  7.10s/it]
TrajGuard generation:  42%|████▏     | 339/805 [34:44<56:40,  7.30s/it]
TrajGuard generation:  42%|████▏     | 340/805 [34:47<45:03,  5.81s/it]
TrajGuard generation:  42%|████▏     | 341/805 [34:48<34:17,  4.43s/it]
TrajGuard generation:  42%|████▏     | 342/805 [35:01<53:46,  6.97s/it]
TrajGuard generation:  43%|████▎     | 343/805 [35:08<53:55,  7.00s/it]
TrajGuard generation:  43%|████▎     | 344/805 [35:57<2:31:32, 19.72s/it]
TrajGuard generation:  43%|████▎     | 345/805 [36:00<1:52:14, 14.64s/it]
TrajGuard generation:  43%|████▎     | 346/805 [36:06<1:32:50, 12.14s/it]
TrajGuard generation:  43%|████▎     | 347/805 [36:13<1:19:24, 10.40s/it]
TrajGuard generation:  43%|████▎     | 348/805 [36:20<1:11:16,  9.36s/it]
TrajGuard generation:  43%|████▎     | 349/805 [36:24<59:17,  7.80s/it]  
TrajGuard generation:  43%|████▎     | 350/805 [36:26<45:23,  5.99s/it]
TrajGuard generation:  44%|████▎     | 351/805 [36:28<37:18,  4.93s/it]
TrajGuard generation:  44%|████▎     | 352/805 [36:33<37:00,  4.90s/it]
TrajGuard generation:  44%|████▍     | 353/805 [36:40<41:15,  5.48s/it]
TrajGuard generation:  44%|████▍     | 354/805 [36:44<38:30,  5.12s/it]
TrajGuard generation:  44%|████▍     | 355/805 [36:52<45:56,  6.13s/it]
TrajGuard generation:  44%|████▍     | 356/805 [37:00<48:12,  6.44s/it]
TrajGuard generation:  44%|████▍     | 357/805 [37:06<46:52,  6.28s/it]
TrajGuard generation:  44%|████▍     | 358/805 [37:10<43:31,  5.84s/it]
TrajGuard generation:  45%|████▍     | 359/805 [37:19<50:05,  6.74s/it]
TrajGuard generation:  45%|████▍     | 360/805 [37:23<43:37,  5.88s/it]
TrajGuard generation:  45%|████▍     | 361/805 [37:30<45:28,  6.15s/it]
TrajGuard generation:  45%|████▍     | 362/805 [37:58<1:34:14, 12.76s/it]
TrajGuard generation:  45%|████▌     | 363/805 [37:58<1:06:18,  9.00s/it]
TrajGuard generation:  45%|████▌     | 364/805 [38:04<58:00,  7.89s/it]  
TrajGuard generation:  45%|████▌     | 365/805 [38:09<52:35,  7.17s/it]
TrajGuard generation:  45%|████▌     | 366/805 [38:16<52:46,  7.21s/it]
TrajGuard generation:  46%|████▌     | 367/805 [38:17<38:29,  5.27s/it]
TrajGuard generation:  46%|████▌     | 368/805 [38:19<31:03,  4.26s/it]
TrajGuard generation:  46%|████▌     | 369/805 [38:25<34:14,  4.71s/it]
TrajGuard generation:  46%|████▌     | 370/805 [38:26<27:25,  3.78s/it]
TrajGuard generation:  46%|████▌     | 371/805 [38:28<23:02,  3.19s/it]
TrajGuard generation:  46%|████▌     | 372/805 [38:29<17:47,  2.47s/it]
TrajGuard generation:  46%|████▋     | 373/805 [38:35<24:24,  3.39s/it]
TrajGuard generation:  46%|████▋     | 374/805 [38:36<20:44,  2.89s/it]
TrajGuard generation:  47%|████▋     | 375/805 [38:45<34:14,  4.78s/it]
TrajGuard generation:  47%|████▋     | 376/805 [38:47<27:26,  3.84s/it]
TrajGuard generation:  47%|████▋     | 377/805 [38:52<29:32,  4.14s/it]
TrajGuard generation:  47%|████▋     | 378/805 [38:57<30:43,  4.32s/it]
TrajGuard generation:  47%|████▋     | 379/805 [39:00<28:01,  3.95s/it]
TrajGuard generation:  47%|████▋     | 380/805 [39:02<25:17,  3.57s/it]
TrajGuard generation:  47%|████▋     | 381/805 [39:11<35:59,  5.09s/it]
TrajGuard generation:  47%|████▋     | 382/805 [39:20<45:01,  6.39s/it]
TrajGuard generation:  48%|████▊     | 383/805 [39:32<55:15,  7.86s/it]
TrajGuard generation:  48%|████▊     | 384/805 [39:40<56:16,  8.02s/it]
TrajGuard generation:  48%|████▊     | 385/805 [39:47<53:27,  7.64s/it]
TrajGuard generation:  48%|████▊     | 386/805 [39:50<43:52,  6.28s/it]
TrajGuard generation:  48%|████▊     | 387/805 [40:02<54:42,  7.85s/it]
TrajGuard generation:  48%|████▊     | 388/805 [40:05<45:54,  6.61s/it]
TrajGuard generation:  48%|████▊     | 389/805 [40:14<50:01,  7.21s/it]
TrajGuard generation:  48%|████▊     | 390/805 [40:14<35:40,  5.16s/it]
TrajGuard generation:  49%|████▊     | 391/805 [40:18<32:45,  4.75s/it]
TrajGuard generation:  49%|████▊     | 392/805 [40:21<28:39,  4.16s/it]
TrajGuard generation:  49%|████▉     | 393/805 [40:25<29:17,  4.26s/it]
TrajGuard generation:  49%|████▉     | 394/805 [40:33<36:31,  5.33s/it]
TrajGuard generation:  49%|████▉     | 395/805 [40:39<38:26,  5.62s/it]
TrajGuard generation:  49%|████▉     | 396/805 [40:49<47:04,  6.90s/it]
TrajGuard generation:  49%|████▉     | 397/805 [40:50<34:33,  5.08s/it]
TrajGuard generation:  49%|████▉     | 398/805 [40:55<34:09,  5.04s/it]
TrajGuard generation:  50%|████▉     | 399/805 [40:58<30:22,  4.49s/it]
TrajGuard generation:  50%|████▉     | 400/805 [41:08<40:09,  5.95s/it]
TrajGuard generation:  50%|████▉     | 401/805 [41:13<39:23,  5.85s/it]
TrajGuard generation:  50%|████▉     | 402/805 [41:21<42:13,  6.29s/it]
TrajGuard generation:  50%|█████     | 403/805 [41:24<35:48,  5.34s/it]
TrajGuard generation:  50%|█████     | 404/805 [41:26<29:07,  4.36s/it]
TrajGuard generation:  50%|█████     | 405/805 [41:27<23:25,  3.51s/it]
TrajGuard generation:  50%|█████     | 406/805 [41:39<39:50,  5.99s/it]
TrajGuard generation:  51%|█████     | 407/805 [41:46<41:03,  6.19s/it]
TrajGuard generation:  51%|█████     | 408/805 [41:50<36:37,  5.54s/it]
TrajGuard generation:  51%|█████     | 409/805 [41:52<29:11,  4.42s/it]
TrajGuard generation:  51%|█████     | 410/805 [41:56<29:40,  4.51s/it]
TrajGuard generation:  51%|█████     | 411/805 [42:10<48:34,  7.40s/it]
TrajGuard generation:  51%|█████     | 412/805 [42:17<47:29,  7.25s/it]
TrajGuard generation:  51%|█████▏    | 413/805 [42:24<46:04,  7.05s/it]
TrajGuard generation:  51%|█████▏    | 414/805 [42:37<56:51,  8.73s/it]
TrajGuard generation:  52%|█████▏    | 415/805 [42:45<56:06,  8.63s/it]
TrajGuard generation:  52%|█████▏    | 416/805 [42:51<51:31,  7.95s/it]
TrajGuard generation:  52%|█████▏    | 417/805 [42:53<39:38,  6.13s/it]
TrajGuard generation:  52%|█████▏    | 418/805 [43:02<43:51,  6.80s/it]
TrajGuard generation:  52%|█████▏    | 419/805 [43:07<41:26,  6.44s/it]
TrajGuard generation:  52%|█████▏    | 420/805 [43:10<33:35,  5.24s/it]
TrajGuard generation:  52%|█████▏    | 421/805 [43:12<28:19,  4.43s/it]
TrajGuard generation:  52%|█████▏    | 422/805 [43:17<28:48,  4.51s/it]
TrajGuard generation:  53%|█████▎    | 423/805 [43:24<33:34,  5.27s/it]
TrajGuard generation:  53%|█████▎    | 424/805 [43:29<32:18,  5.09s/it]
TrajGuard generation:  53%|█████▎    | 425/805 [43:30<25:27,  4.02s/it]
TrajGuard generation:  53%|█████▎    | 426/805 [43:34<24:40,  3.91s/it]
TrajGuard generation:  53%|█████▎    | 427/805 [43:35<19:23,  3.08s/it]
TrajGuard generation:  53%|█████▎    | 428/805 [43:39<22:05,  3.52s/it]
TrajGuard generation:  53%|█████▎    | 429/805 [43:42<20:42,  3.31s/it]
TrajGuard generation:  53%|█████▎    | 430/805 [43:45<19:53,  3.18s/it]
TrajGuard generation:  54%|█████▎    | 431/805 [43:51<24:36,  3.95s/it]
TrajGuard generation:  54%|█████▎    | 432/805 [43:56<27:00,  4.34s/it]
TrajGuard generation:  54%|█████▍    | 433/805 [44:07<39:58,  6.45s/it]
TrajGuard generation:  54%|█████▍    | 434/805 [44:11<33:31,  5.42s/it]
TrajGuard generation:  54%|█████▍    | 435/805 [44:21<42:02,  6.82s/it]
TrajGuard generation:  54%|█████▍    | 436/805 [44:28<42:53,  6.97s/it]
TrajGuard generation:  54%|█████▍    | 437/805 [44:29<31:15,  5.10s/it]
TrajGuard generation:  54%|█████▍    | 438/805 [44:34<32:07,  5.25s/it]
TrajGuard generation:  55%|█████▍    | 439/805 [44:35<23:42,  3.89s/it]
TrajGuard generation:  55%|█████▍    | 440/805 [44:38<22:39,  3.73s/it]
TrajGuard generation:  55%|█████▍    | 441/805 [44:38<16:04,  2.65s/it]
TrajGuard generation:  55%|█████▍    | 442/805 [44:44<21:21,  3.53s/it]
TrajGuard generation:  55%|█████▌    | 443/805 [44:53<30:20,  5.03s/it]
TrajGuard generation:  55%|█████▌    | 444/805 [44:59<32:46,  5.45s/it]
TrajGuard generation:  55%|█████▌    | 445/805 [45:02<27:59,  4.66s/it]
TrajGuard generation:  55%|█████▌    | 446/805 [45:09<33:09,  5.54s/it]
TrajGuard generation:  56%|█████▌    | 447/805 [45:10<24:57,  4.18s/it]
TrajGuard generation:  56%|█████▌    | 448/805 [45:13<22:29,  3.78s/it]
TrajGuard generation:  56%|█████▌    | 449/805 [45:14<17:07,  2.89s/it]
TrajGuard generation:  56%|█████▌    | 450/805 [45:22<25:11,  4.26s/it]
TrajGuard generation:  56%|█████▌    | 451/805 [45:30<32:19,  5.48s/it]
TrajGuard generation:  56%|█████▌    | 452/805 [45:39<38:20,  6.52s/it]
TrajGuard generation:  56%|█████▋    | 453/805 [45:45<37:08,  6.33s/it]
TrajGuard generation:  56%|█████▋    | 454/805 [45:51<37:03,  6.33s/it]
TrajGuard generation:  57%|█████▋    | 455/805 [46:01<43:30,  7.46s/it]
TrajGuard generation:  57%|█████▋    | 456/805 [46:04<36:14,  6.23s/it]
TrajGuard generation:  57%|█████▋    | 457/805 [46:07<29:44,  5.13s/it]
TrajGuard generation:  57%|█████▋    | 458/805 [46:08<22:50,  3.95s/it]
TrajGuard generation:  57%|█████▋    | 459/805 [46:09<18:08,  3.14s/it]
TrajGuard generation:  57%|█████▋    | 460/805 [46:14<20:27,  3.56s/it]
TrajGuard generation:  57%|█████▋    | 461/805 [46:22<27:59,  4.88s/it]
TrajGuard generation:  57%|█████▋    | 462/805 [46:23<21:51,  3.82s/it]
TrajGuard generation:  58%|█████▊    | 463/805 [46:24<16:08,  2.83s/it]
TrajGuard generation:  58%|█████▊    | 464/805 [46:30<21:36,  3.80s/it]
TrajGuard generation:  58%|█████▊    | 465/805 [46:38<29:23,  5.19s/it]
TrajGuard generation:  58%|█████▊    | 466/805 [46:44<29:23,  5.20s/it]
TrajGuard generation:  58%|█████▊    | 467/805 [46:48<28:04,  4.98s/it]
TrajGuard generation:  58%|█████▊    | 468/805 [46:56<32:10,  5.73s/it]
TrajGuard generation:  58%|█████▊    | 469/805 [47:45<1:45:38, 18.86s/it]
TrajGuard generation:  58%|█████▊    | 470/805 [47:48<1:18:31, 14.06s/it]
TrajGuard generation:  59%|█████▊    | 471/805 [47:59<1:14:09, 13.32s/it]
TrajGuard generation:  59%|█████▊    | 472/805 [48:01<54:42,  9.86s/it]  
TrajGuard generation:  59%|█████▉    | 473/805 [48:07<47:05,  8.51s/it]
TrajGuard generation:  59%|█████▉    | 474/805 [48:07<33:58,  6.16s/it]
TrajGuard generation:  59%|█████▉    | 475/805 [48:11<29:23,  5.34s/it]
TrajGuard generation:  59%|█████▉    | 476/805 [48:12<21:51,  3.99s/it]
TrajGuard generation:  59%|█████▉    | 477/805 [48:16<21:49,  3.99s/it]
TrajGuard generation:  59%|█████▉    | 478/805 [48:17<17:37,  3.24s/it]
TrajGuard generation:  60%|█████▉    | 479/805 [48:23<21:51,  4.02s/it]
TrajGuard generation:  60%|█████▉    | 480/805 [48:25<19:20,  3.57s/it]
TrajGuard generation:  60%|█████▉    | 481/805 [48:31<22:56,  4.25s/it]
TrajGuard generation:  60%|█████▉    | 482/805 [48:34<19:51,  3.69s/it]
TrajGuard generation:  60%|██████    | 483/805 [48:37<19:31,  3.64s/it]
TrajGuard generation:  60%|██████    | 484/805 [48:40<19:00,  3.55s/it]
TrajGuard generation:  60%|██████    | 485/805 [48:45<21:15,  3.98s/it]
TrajGuard generation:  60%|██████    | 486/805 [48:50<21:38,  4.07s/it]
TrajGuard generation:  60%|██████    | 487/805 [48:56<24:36,  4.64s/it]
TrajGuard generation:  61%|██████    | 488/805 [49:05<31:18,  5.93s/it]
TrajGuard generation:  61%|██████    | 489/805 [49:08<26:54,  5.11s/it]
TrajGuard generation:  61%|██████    | 490/805 [49:09<20:44,  3.95s/it]
TrajGuard generation:  61%|██████    | 491/805 [49:15<23:38,  4.52s/it]
TrajGuard generation:  61%|██████    | 492/805 [49:18<20:56,  4.01s/it]
TrajGuard generation:  61%|██████    | 493/805 [49:20<18:12,  3.50s/it]
TrajGuard generation:  61%|██████▏   | 494/805 [49:26<22:05,  4.26s/it]
TrajGuard generation:  61%|██████▏   | 495/805 [50:16<1:32:12, 17.85s/it]
TrajGuard generation:  62%|██████▏   | 496/805 [51:05<2:21:17, 27.43s/it]
TrajGuard generation:  62%|██████▏   | 497/805 [51:11<1:47:03, 20.85s/it]
TrajGuard generation:  62%|██████▏   | 498/805 [51:18<1:25:24, 16.69s/it]
TrajGuard generation:  62%|██████▏   | 499/805 [51:20<1:03:23, 12.43s/it]
TrajGuard generation:  62%|██████▏   | 500/805 [51:32<1:01:06, 12.02s/it]
TrajGuard generation:  62%|██████▏   | 501/805 [51:35<47:45,  9.43s/it]  
TrajGuard generation:  62%|██████▏   | 502/805 [51:38<38:03,  7.54s/it]
TrajGuard generation:  62%|██████▏   | 503/805 [51:44<35:59,  7.15s/it]
TrajGuard generation:  63%|██████▎   | 504/805 [51:52<36:48,  7.34s/it]
TrajGuard generation:  63%|██████▎   | 505/805 [51:58<34:00,  6.80s/it]
TrajGuard generation:  63%|██████▎   | 506/805 [52:03<31:43,  6.37s/it]
TrajGuard generation:  63%|██████▎   | 507/805 [52:06<26:52,  5.41s/it]
TrajGuard generation:  63%|██████▎   | 508/805 [52:12<27:36,  5.58s/it]
TrajGuard generation:  63%|██████▎   | 509/805 [52:15<23:44,  4.81s/it]
TrajGuard generation:  63%|██████▎   | 510/805 [52:17<19:29,  3.97s/it]
TrajGuard generation:  63%|██████▎   | 511/805 [52:18<15:20,  3.13s/it]
TrajGuard generation:  64%|██████▎   | 512/805 [52:36<36:15,  7.43s/it]
TrajGuard generation:  64%|██████▎   | 513/805 [52:43<36:18,  7.46s/it]
TrajGuard generation:  64%|██████▍   | 514/805 [52:46<28:34,  5.89s/it]
TrajGuard generation:  64%|██████▍   | 515/805 [52:49<25:40,  5.31s/it]
TrajGuard generation:  64%|██████▍   | 516/805 [52:55<26:11,  5.44s/it]
TrajGuard generation:  64%|██████▍   | 517/805 [53:45<1:29:26, 18.63s/it]
TrajGuard generation:  64%|██████▍   | 518/805 [53:49<1:08:41, 14.36s/it]
TrajGuard generation:  64%|██████▍   | 519/805 [53:55<57:07, 11.99s/it]  
TrajGuard generation:  65%|██████▍   | 520/805 [54:08<57:43, 12.15s/it]
TrajGuard generation:  65%|██████▍   | 521/805 [54:15<50:33, 10.68s/it]
TrajGuard generation:  65%|██████▍   | 522/805 [54:24<47:25, 10.05s/it]
TrajGuard generation:  65%|██████▍   | 523/805 [54:25<35:23,  7.53s/it]
TrajGuard generation:  65%|██████▌   | 524/805 [54:27<27:11,  5.81s/it]
TrajGuard generation:  65%|██████▌   | 525/805 [54:36<30:53,  6.62s/it]
TrajGuard generation:  65%|██████▌   | 526/805 [54:40<27:35,  5.93s/it]
TrajGuard generation:  65%|██████▌   | 527/805 [54:45<25:47,  5.57s/it]
TrajGuard generation:  66%|██████▌   | 528/805 [54:47<21:22,  4.63s/it]
TrajGuard generation:  66%|██████▌   | 529/805 [54:49<17:23,  3.78s/it]
TrajGuard generation:  66%|██████▌   | 530/805 [54:51<14:17,  3.12s/it]
TrajGuard generation:  66%|██████▌   | 531/805 [54:55<15:55,  3.49s/it]
TrajGuard generation:  66%|██████▌   | 532/805 [54:58<15:31,  3.41s/it]
TrajGuard generation:  66%|██████▌   | 533/805 [55:06<21:57,  4.84s/it]
TrajGuard generation:  66%|██████▋   | 534/805 [55:16<27:51,  6.17s/it]
TrajGuard generation:  66%|██████▋   | 535/805 [55:18<22:39,  5.04s/it]
TrajGuard generation:  67%|██████▋   | 536/805 [55:24<23:19,  5.20s/it]
TrajGuard generation:  67%|██████▋   | 537/805 [56:13<1:22:48, 18.54s/it]
TrajGuard generation:  67%|██████▋   | 538/805 [56:14<58:17, 13.10s/it]  
TrajGuard generation:  67%|██████▋   | 539/805 [56:20<48:55, 11.04s/it]
TrajGuard generation:  67%|██████▋   | 540/805 [56:25<41:21,  9.36s/it]
TrajGuard generation:  67%|██████▋   | 541/805 [56:26<29:43,  6.75s/it]
TrajGuard generation:  67%|██████▋   | 542/805 [56:29<25:13,  5.75s/it]
TrajGuard generation:  67%|██████▋   | 543/805 [56:31<19:42,  4.51s/it]
TrajGuard generation:  68%|██████▊   | 544/805 [56:34<17:20,  3.98s/it]
TrajGuard generation:  68%|██████▊   | 545/805 [56:41<21:04,  4.86s/it]
TrajGuard generation:  68%|██████▊   | 546/805 [56:41<15:16,  3.54s/it]
TrajGuard generation:  68%|██████▊   | 547/805 [56:46<17:24,  4.05s/it]
TrajGuard generation:  68%|██████▊   | 548/805 [56:53<20:37,  4.82s/it]
TrajGuard generation:  68%|██████▊   | 549/805 [56:59<21:34,  5.06s/it]
TrajGuard generation:  68%|██████▊   | 550/805 [57:00<16:49,  3.96s/it]
TrajGuard generation:  68%|██████▊   | 551/805 [57:08<22:17,  5.27s/it]
TrajGuard generation:  69%|██████▊   | 552/805 [57:18<27:46,  6.59s/it]
TrajGuard generation:  69%|██████▊   | 553/805 [57:18<19:39,  4.68s/it]
TrajGuard generation:  69%|██████▉   | 554/805 [57:22<18:38,  4.46s/it]
TrajGuard generation:  69%|██████▉   | 555/805 [57:27<19:23,  4.65s/it]
TrajGuard generation:  69%|██████▉   | 556/805 [57:29<15:09,  3.65s/it]
TrajGuard generation:  69%|██████▉   | 557/805 [57:31<13:45,  3.33s/it]
TrajGuard generation:  69%|██████▉   | 558/805 [57:33<11:35,  2.81s/it]
TrajGuard generation:  69%|██████▉   | 559/805 [57:37<12:42,  3.10s/it]
TrajGuard generation:  70%|██████▉   | 560/805 [57:40<13:32,  3.32s/it]
TrajGuard generation:  70%|██████▉   | 561/805 [57:51<22:29,  5.53s/it]
TrajGuard generation:  70%|██████▉   | 562/805 [57:53<17:42,  4.37s/it]
TrajGuard generation:  70%|██████▉   | 563/805 [57:58<18:31,  4.59s/it]
TrajGuard generation:  70%|███████   | 564/805 [58:02<17:43,  4.41s/it]
TrajGuard generation:  70%|███████   | 565/805 [58:06<17:12,  4.30s/it]
TrajGuard generation:  70%|███████   | 566/805 [58:17<25:39,  6.44s/it]
TrajGuard generation:  70%|███████   | 567/805 [58:23<24:08,  6.09s/it]
TrajGuard generation:  71%|███████   | 568/805 [58:25<19:47,  5.01s/it]
TrajGuard generation:  71%|███████   | 569/805 [58:30<19:17,  4.91s/it]
TrajGuard generation:  71%|███████   | 570/805 [58:37<21:25,  5.47s/it]
TrajGuard generation:  71%|███████   | 571/805 [58:42<20:44,  5.32s/it]
TrajGuard generation:  71%|███████   | 572/805 [58:43<16:41,  4.30s/it]
TrajGuard generation:  71%|███████   | 573/805 [58:45<12:58,  3.36s/it]
TrajGuard generation:  71%|███████▏  | 574/805 [58:49<13:45,  3.58s/it]
TrajGuard generation:  71%|███████▏  | 575/805 [58:50<11:17,  2.95s/it]
TrajGuard generation:  72%|███████▏  | 576/805 [58:54<12:13,  3.20s/it]
TrajGuard generation:  72%|███████▏  | 577/805 [58:56<11:01,  2.90s/it]
TrajGuard generation:  72%|███████▏  | 578/805 [59:03<15:19,  4.05s/it]
TrajGuard generation:  72%|███████▏  | 579/805 [59:05<12:55,  3.43s/it]
TrajGuard generation:  72%|███████▏  | 580/805 [59:06<10:33,  2.82s/it]
TrajGuard generation:  72%|███████▏  | 581/805 [59:25<28:02,  7.51s/it]
TrajGuard generation:  72%|███████▏  | 582/805 [59:31<26:50,  7.22s/it]
TrajGuard generation:  72%|███████▏  | 583/805 [59:39<26:44,  7.23s/it]
TrajGuard generation:  73%|███████▎  | 584/805 [59:44<25:03,  6.80s/it]
TrajGuard generation:  73%|███████▎  | 585/805 [59:53<27:22,  7.47s/it]
TrajGuard generation:  73%|███████▎  | 586/805 [59:58<23:49,  6.53s/it]
TrajGuard generation:  73%|███████▎  | 587/805 [1:00:11<31:06,  8.56s/it]
TrajGuard generation:  73%|███████▎  | 588/805 [1:00:19<30:40,  8.48s/it]
TrajGuard generation:  73%|███████▎  | 589/805 [1:00:26<28:16,  7.86s/it]
TrajGuard generation:  73%|███████▎  | 590/805 [1:00:33<27:27,  7.66s/it]
TrajGuard generation:  73%|███████▎  | 591/805 [1:00:42<28:46,  8.07s/it]
TrajGuard generation:  74%|███████▎  | 592/805 [1:00:50<29:07,  8.20s/it]
TrajGuard generation:  74%|███████▎  | 593/805 [1:00:53<23:28,  6.65s/it]
TrajGuard generation:  74%|███████▍  | 594/805 [1:01:00<23:25,  6.66s/it]
TrajGuard generation:  74%|███████▍  | 595/805 [1:01:04<20:07,  5.75s/it]
TrajGuard generation:  74%|███████▍  | 596/805 [1:01:18<28:27,  8.17s/it]
TrajGuard generation:  74%|███████▍  | 597/805 [1:01:24<26:47,  7.73s/it]
TrajGuard generation:  74%|███████▍  | 598/805 [1:01:25<19:03,  5.52s/it]
TrajGuard generation:  74%|███████▍  | 599/805 [1:01:26<14:38,  4.27s/it]
TrajGuard generation:  75%|███████▍  | 600/805 [1:01:31<15:02,  4.40s/it]
TrajGuard generation:  75%|███████▍  | 601/805 [1:01:33<12:33,  3.69s/it]
TrajGuard generation:  75%|███████▍  | 602/805 [1:01:46<22:27,  6.64s/it]
TrajGuard generation:  75%|███████▍  | 603/805 [1:01:49<18:01,  5.35s/it]
TrajGuard generation:  75%|███████▌  | 604/805 [1:02:29<52:49, 15.77s/it]
TrajGuard generation:  75%|███████▌  | 605/805 [1:02:40<48:02, 14.41s/it]
TrajGuard generation:  75%|███████▌  | 606/805 [1:02:53<46:17, 13.96s/it]
TrajGuard generation:  75%|███████▌  | 607/805 [1:03:07<46:31, 14.10s/it]
TrajGuard generation:  76%|███████▌  | 608/805 [1:03:57<1:21:13, 24.74s/it]
TrajGuard generation:  76%|███████▌  | 609/805 [1:03:57<57:06, 17.48s/it]  
TrajGuard generation:  76%|███████▌  | 610/805 [1:04:01<43:24, 13.36s/it]
TrajGuard generation:  76%|███████▌  | 611/805 [1:04:05<33:41, 10.42s/it]
TrajGuard generation:  76%|███████▌  | 612/805 [1:04:12<30:19,  9.43s/it]
TrajGuard generation:  76%|███████▌  | 613/805 [1:04:13<21:49,  6.82s/it]
TrajGuard generation:  76%|███████▋  | 614/805 [1:04:19<21:41,  6.82s/it]
TrajGuard generation:  76%|███████▋  | 615/805 [1:04:27<22:02,  6.96s/it]
TrajGuard generation:  77%|███████▋  | 616/805 [1:04:30<18:12,  5.78s/it]
TrajGuard generation:  77%|███████▋  | 617/805 [1:04:33<15:51,  5.06s/it]
TrajGuard generation:  77%|███████▋  | 618/805 [1:04:40<17:44,  5.69s/it]
TrajGuard generation:  77%|███████▋  | 619/805 [1:04:52<23:07,  7.46s/it]
TrajGuard generation:  77%|███████▋  | 620/805 [1:04:56<20:12,  6.56s/it]
TrajGuard generation:  77%|███████▋  | 621/805 [1:04:57<14:35,  4.76s/it]
TrajGuard generation:  77%|███████▋  | 622/805 [1:05:06<18:23,  6.03s/it]
TrajGuard generation:  77%|███████▋  | 623/805 [1:05:12<18:11,  6.00s/it]
TrajGuard generation:  78%|███████▊  | 624/805 [1:06:01<57:22, 19.02s/it]
TrajGuard generation:  78%|███████▊  | 625/805 [1:06:05<43:01, 14.34s/it]
TrajGuard generation:  78%|███████▊  | 626/805 [1:06:12<36:23, 12.20s/it]
TrajGuard generation:  78%|███████▊  | 627/805 [1:06:12<25:43,  8.67s/it]
TrajGuard generation:  78%|███████▊  | 628/805 [1:06:13<18:43,  6.35s/it]
TrajGuard generation:  78%|███████▊  | 629/805 [1:06:14<13:34,  4.63s/it]
TrajGuard generation:  78%|███████▊  | 630/805 [1:06:15<10:23,  3.56s/it]
TrajGuard generation:  78%|███████▊  | 631/805 [1:06:16<08:17,  2.86s/it]
TrajGuard generation:  79%|███████▊  | 632/805 [1:06:16<05:54,  2.05s/it]
TrajGuard generation:  79%|███████▊  | 633/805 [1:06:17<04:54,  1.71s/it]
TrajGuard generation:  79%|███████▉  | 634/805 [1:06:19<04:58,  1.74s/it]
TrajGuard generation:  79%|███████▉  | 635/805 [1:06:20<04:13,  1.49s/it]
TrajGuard generation:  79%|███████▉  | 636/805 [1:06:21<04:11,  1.49s/it]
TrajGuard generation:  79%|███████▉  | 637/805 [1:06:23<04:06,  1.47s/it]
TrajGuard generation:  79%|███████▉  | 638/805 [1:06:24<03:46,  1.36s/it]
TrajGuard generation:  79%|███████▉  | 639/805 [1:06:24<02:46,  1.00s/it]
TrajGuard generation:  80%|███████▉  | 640/805 [1:06:24<02:05,  1.31it/s]
TrajGuard generation:  80%|███████▉  | 641/805 [1:06:25<02:02,  1.34it/s]
TrajGuard generation:  80%|███████▉  | 642/805 [1:06:28<04:06,  1.51s/it]
TrajGuard generation:  80%|███████▉  | 643/805 [1:06:37<10:00,  3.71s/it]
TrajGuard generation:  80%|████████  | 644/805 [1:06:39<08:51,  3.30s/it]
TrajGuard generation:  80%|████████  | 645/805 [1:06:45<10:23,  3.90s/it]
TrajGuard generation:  80%|████████  | 646/805 [1:06:49<10:40,  4.03s/it]
TrajGuard generation:  80%|████████  | 647/805 [1:06:52<10:06,  3.84s/it]
TrajGuard generation:  80%|████████  | 648/805 [1:06:58<11:23,  4.35s/it]
TrajGuard generation:  81%|████████  | 649/805 [1:06:59<08:59,  3.46s/it]
TrajGuard generation:  81%|████████  | 650/805 [1:07:02<08:25,  3.26s/it]
TrajGuard generation:  81%|████████  | 651/805 [1:07:11<12:46,  4.97s/it]
TrajGuard generation:  81%|████████  | 652/805 [1:07:12<09:11,  3.60s/it]
TrajGuard generation:  81%|████████  | 653/805 [1:07:13<07:10,  2.83s/it]
TrajGuard generation:  81%|████████  | 654/805 [1:07:20<10:47,  4.29s/it]
TrajGuard generation:  81%|████████▏ | 655/805 [1:07:21<08:12,  3.29s/it]
TrajGuard generation:  81%|████████▏ | 656/805 [1:08:11<42:36, 17.16s/it]
TrajGuard generation:  82%|████████▏ | 657/805 [1:08:12<30:28, 12.35s/it]
TrajGuard generation:  82%|████████▏ | 658/805 [1:08:12<21:26,  8.75s/it]
TrajGuard generation:  82%|████████▏ | 659/805 [1:08:15<17:12,  7.07s/it]
TrajGuard generation:  82%|████████▏ | 660/805 [1:08:18<14:00,  5.80s/it]
TrajGuard generation:  82%|████████▏ | 661/805 [1:08:19<10:18,  4.29s/it]
TrajGuard generation:  82%|████████▏ | 662/805 [1:08:19<07:22,  3.09s/it]
TrajGuard generation:  82%|████████▏ | 663/805 [1:08:21<06:42,  2.84s/it]
TrajGuard generation:  82%|████████▏ | 664/805 [1:08:24<06:42,  2.85s/it]
TrajGuard generation:  83%|████████▎ | 665/805 [1:08:28<07:10,  3.07s/it]
TrajGuard generation:  83%|████████▎ | 666/805 [1:08:29<05:54,  2.55s/it]
TrajGuard generation:  83%|████████▎ | 667/805 [1:08:30<04:17,  1.86s/it]
TrajGuard generation:  83%|████████▎ | 668/805 [1:08:31<04:01,  1.77s/it]
TrajGuard generation:  83%|████████▎ | 669/805 [1:08:31<02:57,  1.30s/it]
TrajGuard generation:  83%|████████▎ | 670/805 [1:08:32<02:18,  1.02s/it]
TrajGuard generation:  83%|████████▎ | 671/805 [1:08:32<02:09,  1.04it/s]
TrajGuard generation:  83%|████████▎ | 672/805 [1:08:35<02:50,  1.28s/it]
TrajGuard generation:  84%|████████▎ | 673/805 [1:08:35<02:34,  1.17s/it]
TrajGuard generation:  84%|████████▎ | 674/805 [1:08:36<02:19,  1.06s/it]
TrajGuard generation:  84%|████████▍ | 675/805 [1:08:37<02:03,  1.05it/s]
TrajGuard generation:  84%|████████▍ | 676/805 [1:08:38<02:17,  1.06s/it]
TrajGuard generation:  84%|████████▍ | 677/805 [1:08:42<04:08,  1.94s/it]
TrajGuard generation:  84%|████████▍ | 678/805 [1:08:43<03:17,  1.55s/it]
TrajGuard generation:  84%|████████▍ | 679/805 [1:08:50<06:51,  3.27s/it]
TrajGuard generation:  84%|████████▍ | 680/805 [1:08:50<04:56,  2.37s/it]
TrajGuard generation:  85%|████████▍ | 681/805 [1:08:52<04:07,  1.99s/it]
TrajGuard generation:  85%|████████▍ | 682/805 [1:08:55<04:53,  2.39s/it]
TrajGuard generation:  85%|████████▍ | 683/805 [1:09:10<12:26,  6.12s/it]
TrajGuard generation:  85%|████████▍ | 684/805 [1:09:15<11:52,  5.89s/it]
TrajGuard generation:  85%|████████▌ | 685/805 [1:09:21<11:36,  5.81s/it]
TrajGuard generation:  85%|████████▌ | 686/805 [1:09:24<10:07,  5.10s/it]
TrajGuard generation:  85%|████████▌ | 687/805 [1:09:25<07:38,  3.88s/it]
TrajGuard generation:  85%|████████▌ | 688/805 [1:09:29<07:43,  3.96s/it]
TrajGuard generation:  86%|████████▌ | 689/805 [1:09:33<07:15,  3.76s/it]
TrajGuard generation:  86%|████████▌ | 690/805 [1:09:42<10:30,  5.48s/it]
TrajGuard generation:  86%|████████▌ | 691/805 [1:09:47<10:09,  5.35s/it]
TrajGuard generation:  86%|████████▌ | 692/805 [1:09:54<10:57,  5.81s/it]
TrajGuard generation:  86%|████████▌ | 693/805 [1:10:04<13:03,  6.99s/it]
TrajGuard generation:  86%|████████▌ | 694/805 [1:10:04<09:16,  5.01s/it]
TrajGuard generation:  86%|████████▋ | 695/805 [1:10:10<09:53,  5.39s/it]
TrajGuard generation:  86%|████████▋ | 696/805 [1:10:13<08:03,  4.44s/it]
TrajGuard generation:  87%|████████▋ | 697/805 [1:10:13<06:02,  3.35s/it]
TrajGuard generation:  87%|████████▋ | 698/805 [1:10:15<04:50,  2.72s/it]
TrajGuard generation:  87%|████████▋ | 699/805 [1:10:16<03:58,  2.25s/it]
TrajGuard generation:  87%|████████▋ | 700/805 [1:10:18<03:38,  2.08s/it]
TrajGuard generation:  87%|████████▋ | 701/805 [1:10:22<05:01,  2.90s/it]
TrajGuard generation:  87%|████████▋ | 702/805 [1:10:28<06:19,  3.68s/it]
TrajGuard generation:  87%|████████▋ | 703/805 [1:10:30<05:33,  3.27s/it]
TrajGuard generation:  87%|████████▋ | 704/805 [1:10:34<06:02,  3.59s/it]
TrajGuard generation:  88%|████████▊ | 705/805 [1:10:37<05:39,  3.40s/it]
TrajGuard generation:  88%|████████▊ | 706/805 [1:10:39<04:36,  2.80s/it]
TrajGuard generation:  88%|████████▊ | 707/805 [1:10:47<07:06,  4.35s/it]
TrajGuard generation:  88%|████████▊ | 708/805 [1:10:51<06:44,  4.17s/it]
TrajGuard generation:  88%|████████▊ | 709/805 [1:10:53<05:47,  3.62s/it]
TrajGuard generation:  88%|████████▊ | 710/805 [1:10:55<05:08,  3.25s/it]
TrajGuard generation:  88%|████████▊ | 711/805 [1:11:11<11:06,  7.09s/it]
TrajGuard generation:  88%|████████▊ | 712/805 [1:11:13<08:38,  5.58s/it]
TrajGuard generation:  89%|████████▊ | 713/805 [1:11:20<08:49,  5.76s/it]
TrajGuard generation:  89%|████████▊ | 714/805 [1:11:20<06:16,  4.14s/it]
TrajGuard generation:  89%|████████▉ | 715/805 [1:12:09<26:36, 17.73s/it]
TrajGuard generation:  89%|████████▉ | 716/805 [1:12:15<21:00, 14.17s/it]
TrajGuard generation:  89%|████████▉ | 717/805 [1:12:16<14:42, 10.03s/it]
TrajGuard generation:  89%|████████▉ | 718/805 [1:12:16<10:24,  7.18s/it]
TrajGuard generation:  89%|████████▉ | 719/805 [1:12:19<08:21,  5.84s/it]
TrajGuard generation:  89%|████████▉ | 720/805 [1:12:28<09:45,  6.88s/it]
TrajGuard generation:  90%|████████▉ | 721/805 [1:12:29<07:07,  5.09s/it]
TrajGuard generation:  90%|████████▉ | 722/805 [1:12:37<08:15,  5.96s/it]
TrajGuard generation:  90%|████████▉ | 723/805 [1:12:40<06:53,  5.04s/it]
TrajGuard generation:  90%|████████▉ | 724/805 [1:12:41<05:01,  3.72s/it]
TrajGuard generation:  90%|█████████ | 725/805 [1:12:46<05:42,  4.28s/it]
TrajGuard generation:  90%|█████████ | 726/805 [1:12:47<04:22,  3.32s/it]
TrajGuard generation:  90%|█████████ | 727/805 [1:12:53<05:11,  3.99s/it]
TrajGuard generation:  90%|█████████ | 728/805 [1:13:01<06:40,  5.20s/it]
TrajGuard generation:  91%|█████████ | 729/805 [1:13:08<07:13,  5.71s/it]
TrajGuard generation:  91%|█████████ | 730/805 [1:13:10<06:00,  4.81s/it]
TrajGuard generation:  91%|█████████ | 731/805 [1:13:11<04:29,  3.64s/it]
TrajGuard generation:  91%|█████████ | 732/805 [1:13:19<05:56,  4.89s/it]
TrajGuard generation:  91%|█████████ | 733/805 [1:13:25<06:09,  5.13s/it]
TrajGuard generation:  91%|█████████ | 734/805 [1:13:26<04:38,  3.92s/it]
TrajGuard generation:  91%|█████████▏| 735/805 [1:13:30<04:43,  4.06s/it]
TrajGuard generation:  91%|█████████▏| 736/805 [1:13:33<04:07,  3.59s/it]
TrajGuard generation:  92%|█████████▏| 737/805 [1:13:39<05:02,  4.45s/it]
TrajGuard generation:  92%|█████████▏| 738/805 [1:13:41<04:11,  3.75s/it]
TrajGuard generation:  92%|█████████▏| 739/805 [1:13:44<03:36,  3.28s/it]
TrajGuard generation:  92%|█████████▏| 740/805 [1:13:47<03:45,  3.47s/it]
TrajGuard generation:  92%|█████████▏| 741/805 [1:13:56<05:10,  4.85s/it]
TrajGuard generation:  92%|█████████▏| 742/805 [1:14:02<05:44,  5.47s/it]
TrajGuard generation:  92%|█████████▏| 743/805 [1:14:05<04:39,  4.50s/it]
TrajGuard generation:  92%|█████████▏| 744/805 [1:14:08<04:04,  4.01s/it]
TrajGuard generation:  93%|█████████▎| 745/805 [1:14:16<05:20,  5.34s/it]
TrajGuard generation:  93%|█████████▎| 746/805 [1:14:18<04:19,  4.40s/it]
TrajGuard generation:  93%|█████████▎| 747/805 [1:14:21<03:52,  4.01s/it]
TrajGuard generation:  93%|█████████▎| 748/805 [1:14:26<04:06,  4.33s/it]
TrajGuard generation:  93%|█████████▎| 749/805 [1:14:31<04:12,  4.50s/it]
TrajGuard generation:  93%|█████████▎| 750/805 [1:14:38<04:38,  5.07s/it]
TrajGuard generation:  93%|█████████▎| 751/805 [1:14:41<03:58,  4.41s/it]
TrajGuard generation:  93%|█████████▎| 752/805 [1:14:42<03:06,  3.51s/it]
TrajGuard generation:  94%|█████████▎| 753/805 [1:14:44<02:40,  3.08s/it]
TrajGuard generation:  94%|█████████▎| 754/805 [1:14:45<02:08,  2.52s/it]
TrajGuard generation:  94%|█████████▍| 755/805 [1:14:54<03:33,  4.27s/it]
TrajGuard generation:  94%|█████████▍| 756/805 [1:15:01<04:17,  5.26s/it]
TrajGuard generation:  94%|█████████▍| 757/805 [1:15:12<05:28,  6.85s/it]
TrajGuard generation:  94%|█████████▍| 758/805 [1:15:19<05:31,  7.05s/it]
TrajGuard generation:  94%|█████████▍| 759/805 [1:15:27<05:32,  7.24s/it]
TrajGuard generation:  94%|█████████▍| 760/805 [1:15:34<05:18,  7.07s/it]
TrajGuard generation:  95%|█████████▍| 761/805 [1:15:43<05:35,  7.64s/it]
TrajGuard generation:  95%|█████████▍| 762/805 [1:15:50<05:29,  7.67s/it]
TrajGuard generation:  95%|█████████▍| 763/805 [1:15:53<04:23,  6.29s/it]
TrajGuard generation:  95%|█████████▍| 764/805 [1:15:56<03:30,  5.14s/it]
TrajGuard generation:  95%|█████████▌| 765/805 [1:16:00<03:11,  4.80s/it]
TrajGuard generation:  95%|█████████▌| 766/805 [1:16:04<03:02,  4.68s/it]
TrajGuard generation:  95%|█████████▌| 767/805 [1:16:12<03:36,  5.69s/it]
TrajGuard generation:  95%|█████████▌| 768/805 [1:16:20<03:48,  6.17s/it]
TrajGuard generation:  96%|█████████▌| 769/805 [1:16:30<04:26,  7.41s/it]
TrajGuard generation:  96%|█████████▌| 770/805 [1:16:39<04:37,  7.92s/it]
TrajGuard generation:  96%|█████████▌| 771/805 [1:16:47<04:25,  7.82s/it]
TrajGuard generation:  96%|█████████▌| 772/805 [1:16:50<03:35,  6.53s/it]
TrajGuard generation:  96%|█████████▌| 773/805 [1:16:57<03:34,  6.72s/it]
TrajGuard generation:  96%|█████████▌| 774/805 [1:17:05<03:33,  6.88s/it]
TrajGuard generation:  96%|█████████▋| 775/805 [1:17:15<03:56,  7.89s/it]
TrajGuard generation:  96%|█████████▋| 776/805 [1:17:18<03:09,  6.53s/it]
TrajGuard generation:  97%|█████████▋| 777/805 [1:17:25<03:03,  6.54s/it]
TrajGuard generation:  97%|█████████▋| 778/805 [1:17:31<02:51,  6.35s/it]
TrajGuard generation:  97%|█████████▋| 779/805 [1:17:38<02:51,  6.61s/it]
TrajGuard generation:  97%|█████████▋| 780/805 [1:17:42<02:27,  5.92s/it]
TrajGuard generation:  97%|█████████▋| 781/805 [1:17:46<02:06,  5.27s/it]
TrajGuard generation:  97%|█████████▋| 782/805 [1:17:54<02:21,  6.13s/it]
TrajGuard generation:  97%|█████████▋| 783/805 [1:17:57<01:55,  5.23s/it]
TrajGuard generation:  97%|█████████▋| 784/805 [1:18:07<02:19,  6.64s/it]
TrajGuard generation:  98%|█████████▊| 785/805 [1:18:14<02:13,  6.67s/it]
TrajGuard generation:  98%|█████████▊| 786/805 [1:18:20<02:05,  6.60s/it]
TrajGuard generation:  98%|█████████▊| 787/805 [1:18:33<02:29,  8.29s/it]
TrajGuard generation:  98%|█████████▊| 788/805 [1:18:37<02:00,  7.06s/it]
TrajGuard generation:  98%|█████████▊| 789/805 [1:18:44<01:52,  7.00s/it]
TrajGuard generation:  98%|█████████▊| 790/805 [1:18:55<02:04,  8.32s/it]
TrajGuard generation:  98%|█████████▊| 791/805 [1:19:06<02:08,  9.16s/it]
TrajGuard generation:  98%|█████████▊| 792/805 [1:19:15<01:58,  9.11s/it]
TrajGuard generation:  99%|█████████▊| 793/805 [1:19:18<01:28,  7.36s/it]
TrajGuard generation:  99%|█████████▊| 794/805 [1:19:24<01:15,  6.84s/it]
TrajGuard generation:  99%|█████████▉| 795/805 [1:19:28<00:59,  5.94s/it]
TrajGuard generation:  99%|█████████▉| 796/805 [1:19:33<00:51,  5.73s/it]
TrajGuard generation:  99%|█████████▉| 797/805 [1:19:40<00:47,  5.95s/it]
TrajGuard generation:  99%|█████████▉| 798/805 [1:19:44<00:37,  5.38s/it]
TrajGuard generation:  99%|█████████▉| 799/805 [1:19:49<00:32,  5.47s/it]
TrajGuard generation:  99%|█████████▉| 800/805 [1:19:53<00:25,  5.08s/it]
TrajGuard generation: 100%|█████████▉| 801/805 [1:19:58<00:20,  5.04s/it]
TrajGuard generation: 100%|█████████▉| 802/805 [1:20:01<00:13,  4.43s/it]
TrajGuard generation: 100%|█████████▉| 803/805 [1:20:06<00:08,  4.42s/it]
TrajGuard generation: 100%|█████████▉| 804/805 [1:20:09<00:04,  4.14s/it]
TrajGuard generation: 100%|██████████| 805/805 [1:20:15<00:00,  4.48s/it]
TrajGuard generation: 100%|██████████| 805/805 [1:20:15<00:00,  5.98s/it]

TrajGuard generation:   0%|          | 0/1000 [00:00<?, ?it/s]
TrajGuard generation:   0%|          | 1/1000 [00:04<1:23:12,  5.00s/it]
TrajGuard generation:   0%|          | 2/1000 [00:10<1:28:09,  5.30s/it]
TrajGuard generation:   0%|          | 3/1000 [00:11<56:40,  3.41s/it]  
TrajGuard generation:   0%|          | 4/1000 [00:16<1:04:10,  3.87s/it]
TrajGuard generation:   0%|          | 5/1000 [00:24<1:29:08,  5.38s/it]
TrajGuard generation:   1%|          | 6/1000 [00:32<1:45:34,  6.37s/it]
TrajGuard generation:   1%|          | 7/1000 [00:39<1:50:57,  6.70s/it]
TrajGuard generation:   1%|          | 8/1000 [00:47<1:53:36,  6.87s/it]
TrajGuard generation:   1%|          | 9/1000 [00:49<1:27:28,  5.30s/it]
TrajGuard generation:   1%|          | 10/1000 [00:53<1:23:29,  5.06s/it]
TrajGuard generation:   1%|          | 11/1000 [00:56<1:12:39,  4.41s/it]
TrajGuard generation:   1%|          | 12/1000 [01:00<1:12:21,  4.39s/it]
TrajGuard generation:   1%|▏         | 13/1000 [01:07<1:22:08,  4.99s/it]
TrajGuard generation:   1%|▏         | 14/1000 [01:15<1:36:37,  5.88s/it]
TrajGuard generation:   2%|▏         | 15/1000 [01:19<1:29:42,  5.46s/it]
TrajGuard generation:   2%|▏         | 16/1000 [01:23<1:21:49,  4.99s/it]
TrajGuard generation:   2%|▏         | 17/1000 [01:35<1:55:24,  7.04s/it]
TrajGuard generation:   2%|▏         | 18/1000 [01:39<1:43:08,  6.30s/it]
TrajGuard generation:   2%|▏         | 19/1000 [01:44<1:33:39,  5.73s/it]
TrajGuard generation:   2%|▏         | 20/1000 [01:48<1:26:43,  5.31s/it]
TrajGuard generation:   2%|▏         | 21/1000 [01:57<1:43:24,  6.34s/it]
TrajGuard generation:   2%|▏         | 22/1000 [02:04<1:49:24,  6.71s/it]
TrajGuard generation:   2%|▏         | 23/1000 [02:10<1:45:15,  6.46s/it]
TrajGuard generation:   2%|▏         | 24/1000 [02:13<1:27:51,  5.40s/it]
TrajGuard generation:   2%|▎         | 25/1000 [02:16<1:14:11,  4.57s/it]
TrajGuard generation:   3%|▎         | 26/1000 [02:25<1:38:04,  6.04s/it]
TrajGuard generation:   3%|▎         | 27/1000 [02:33<1:47:18,  6.62s/it]
TrajGuard generation:   3%|▎         | 28/1000 [02:41<1:51:34,  6.89s/it]
TrajGuard generation:   3%|▎         | 29/1000 [02:46<1:41:40,  6.28s/it]
TrajGuard generation:   3%|▎         | 30/1000 [02:47<1:17:46,  4.81s/it]
TrajGuard generation:   3%|▎         | 31/1000 [02:55<1:30:49,  5.62s/it]
TrajGuard generation:   3%|▎         | 32/1000 [03:00<1:29:14,  5.53s/it]
TrajGuard generation:   3%|▎         | 33/1000 [03:09<1:43:51,  6.44s/it]
TrajGuard generation:   3%|▎         | 34/1000 [03:14<1:41:22,  6.30s/it]
TrajGuard generation:   4%|▎         | 35/1000 [03:26<2:04:18,  7.73s/it]
TrajGuard generation:   4%|▎         | 36/1000 [03:34<2:07:10,  7.92s/it]
TrajGuard generation:   4%|▎         | 37/1000 [03:39<1:52:59,  7.04s/it]
TrajGuard generation:   4%|▍         | 38/1000 [03:46<1:52:28,  7.01s/it]
TrajGuard generation:   4%|▍         | 39/1000 [03:50<1:39:20,  6.20s/it]
TrajGuard generation:   4%|▍         | 40/1000 [03:52<1:17:22,  4.84s/it]
TrajGuard generation:   4%|▍         | 41/1000 [03:58<1:21:47,  5.12s/it]
TrajGuard generation:   4%|▍         | 42/1000 [04:03<1:22:18,  5.15s/it]
TrajGuard generation:   4%|▍         | 43/1000 [04:09<1:28:03,  5.52s/it]
TrajGuard generation:   4%|▍         | 44/1000 [04:19<1:48:12,  6.79s/it]
TrajGuard generation:   4%|▍         | 45/1000 [04:22<1:30:01,  5.66s/it]
TrajGuard generation:   5%|▍         | 46/1000 [04:23<1:07:24,  4.24s/it]
TrajGuard generation:   5%|▍         | 47/1000 [04:26<1:04:08,  4.04s/it]
TrajGuard generation:   5%|▍         | 48/1000 [04:32<1:09:03,  4.35s/it]
TrajGuard generation:   5%|▍         | 49/1000 [04:40<1:30:39,  5.72s/it]
TrajGuard generation:   5%|▌         | 50/1000 [04:49<1:43:11,  6.52s/it]
TrajGuard generation:   5%|▌         | 51/1000 [04:53<1:31:00,  5.75s/it]
TrajGuard generation:   5%|▌         | 52/1000 [04:58<1:28:45,  5.62s/it]
TrajGuard generation:   5%|▌         | 53/1000 [05:10<1:56:50,  7.40s/it]
TrajGuard generation:   5%|▌         | 54/1000 [05:15<1:46:57,  6.78s/it]
TrajGuard generation:   6%|▌         | 55/1000 [05:16<1:19:03,  5.02s/it]
TrajGuard generation:   6%|▌         | 56/1000 [05:24<1:31:15,  5.80s/it]
TrajGuard generation:   6%|▌         | 57/1000 [05:32<1:45:11,  6.69s/it]
TrajGuard generation:   6%|▌         | 58/1000 [05:38<1:40:13,  6.38s/it]
TrajGuard generation:   6%|▌         | 59/1000 [05:45<1:42:02,  6.51s/it]
TrajGuard generation:   6%|▌         | 60/1000 [05:54<1:56:24,  7.43s/it]
TrajGuard generation:   6%|▌         | 61/1000 [06:02<1:57:56,  7.54s/it]
TrajGuard generation:   6%|▌         | 62/1000 [06:07<1:45:43,  6.76s/it]
TrajGuard generation:   6%|▋         | 63/1000 [06:12<1:34:54,  6.08s/it]
TrajGuard generation:   6%|▋         | 64/1000 [06:13<1:13:21,  4.70s/it]
TrajGuard generation:   6%|▋         | 65/1000 [06:23<1:36:42,  6.21s/it]
TrajGuard generation:   7%|▋         | 66/1000 [06:24<1:14:59,  4.82s/it]
TrajGuard generation:   7%|▋         | 67/1000 [06:32<1:27:20,  5.62s/it]
TrajGuard generation:   7%|▋         | 68/1000 [06:35<1:15:18,  4.85s/it]
TrajGuard generation:   7%|▋         | 69/1000 [06:46<1:44:03,  6.71s/it]
TrajGuard generation:   7%|▋         | 70/1000 [06:47<1:16:19,  4.92s/it]
TrajGuard generation:   7%|▋         | 71/1000 [06:55<1:31:41,  5.92s/it]
TrajGuard generation:   7%|▋         | 72/1000 [06:58<1:16:13,  4.93s/it]
TrajGuard generation:   7%|▋         | 73/1000 [07:02<1:13:27,  4.76s/it]
TrajGuard generation:   7%|▋         | 74/1000 [07:03<55:51,  3.62s/it]  
TrajGuard generation:   8%|▊         | 75/1000 [07:09<1:07:14,  4.36s/it]
TrajGuard generation:   8%|▊         | 76/1000 [07:20<1:38:19,  6.38s/it]
TrajGuard generation:   8%|▊         | 77/1000 [07:25<1:32:43,  6.03s/it]
